path,taxon,group,label,split
data/raw/Hypotrichida/221217131528_418.jpg,Hypotrichida,healthy,0,train
data/raw/Hypotrichida/221217131528_127.jpg,Hypotrichida,healthy,0,train
data/raw/Hypotrichida/221217131528_193.jpg,Hypotrichida,healthy,0,train
data/raw/Hypotrichida/221219123632_215.jpg,Hypotrichida,healthy,0,train
data/raw/Hypotrichida/221217131528_340.jpg,Hypotrichida,healthy,0,train
data/raw/Hypotrichida/221214130524_254.jpg,Hypotrichida,healthy,0,train
data/raw/Hypotrichida/221219123632_24.jpg,Hypotrichida,healthy,0,train
data/raw/Hypotrichida/221215125712_70.jpg,Hypotrichida,healthy,0,train
data/raw/Hypotrichida/221215125712_809_2.jpg,Hypotrichida,healthy,0,train
data/raw/Hypotrichida/221214130524_31.jpg,Hypotrichida,healthy,0,train
data/raw/Hypotrichida/221217131528_120.jpg,Hypotrichida,healthy,0,train
data/raw/Hypotrichida/221218180442_3.jpg,Hypotrichida,healthy,0,train
data/raw/Hypotrichida/221218171920_3.jpg,Hypotrichida,healthy,0,train
data/raw/Hypotrichida/221215125712_317.jpg,Hypotrichida,healthy,0,train
data/raw/Hypotrichida/221219123632_133.jpg,Hypotrichida,healthy,0,train
data/raw/Hypotrichida/221217131528_315.jpg,Hypotrichida,healthy,0,train
data/raw/Hypotrichida/221216103701_110.jpg,Hypotrichida,healthy,0,train
data/raw/Hypotrichida/221216134643_86.jpg,Hypotrichida,healthy,0,train
data/raw/Hypotrichida/221217131528_290.jpg,Hypotrichida,healthy,0,train
data/raw/Hypotrichida/221219123632_159.jpg,Hypotrichida,healthy,0,train
data/raw/Hypotrichida/221216134643_435.jpg,Hypotrichida,healthy,0,train
data/raw/Hypotrichida/221216134643_332.jpg,Hypotrichida,healthy,0,train
data/raw/Hypotrichida/221217131528_73.jpg,Hypotrichida,healthy,0,train
data/raw/Hypotrichida/221217131528_114.jpg,Hypotrichida,healthy,0,train
data/raw/Hypotrichida/221217131528_237.jpg,Hypotrichida,healthy,0,train
data/raw/Hypotrichida/221214130524_0.jpg,Hypotrichida,healthy,0,train
data/raw/Hypotrichida/221219175204_46.jpg,Hypotrichida,healthy,0,train
data/raw/Hypotrichida/221215125712_189.jpg,Hypotrichida,healthy,0,train
data/raw/Hypotrichida/221215125712_810.jpg,Hypotrichida,healthy,0,train
data/raw/Hypotrichida/221217131528_92.jpg,Hypotrichida,healthy,0,train
data/raw/Hypotrichida/221214130524_336.jpg,Hypotrichida,healthy,0,train
data/raw/Hypotrichida/221218180442_44.jpg,Hypotrichida,healthy,0,train
data/raw/Hypotrichida/221217131528_292.jpg,Hypotrichida,healthy,0,train
data/raw/Hypotrichida/221219123632_141.jpg,Hypotrichida,healthy,0,train
data/raw/Hypotrichida/221217131528_362.jpg,Hypotrichida,healthy,0,train
data/raw/Hypotrichida/221215125712_64.jpg,Hypotrichida,healthy,0,train
data/raw/Hypotrichida/221216134643_272.jpg,Hypotrichida,healthy,0,train
data/raw/Hypotrichida/221215125712_239.jpg,Hypotrichida,healthy,0,train
data/raw/Hypotrichida/221216134643_247.jpg,Hypotrichida,healthy,0,train
data/raw/Hypotrichida/221217131528_332.jpg,Hypotrichida,healthy,0,train
data/raw/Hypotrichida/221214130524_474.jpg,Hypotrichida,healthy,0,train
data/raw/Hypotrichida/221219123632_194.jpg,Hypotrichida,healthy,0,train
data/raw/Hypotrichida/221218180442_291.jpg,Hypotrichida,healthy,0,train
data/raw/Hypotrichida/221219123632_347.jpg,Hypotrichida,healthy,0,train
data/raw/Hypotrichida/221218171920_57.jpg,Hypotrichida,healthy,0,train
data/raw/Hypotrichida/221217131528_393.jpg,Hypotrichida,healthy,0,train
data/raw/Hypotrichida/221214130524_60.jpg,Hypotrichida,healthy,0,train
data/raw/Hypotrichida/221215125712_372.jpg,Hypotrichida,healthy,0,train
data/raw/Hypotrichida/221216134643_72.jpg,Hypotrichida,healthy,0,train
data/raw/Hypotrichida/221219162533_24_2.jpg,Hypotrichida,healthy,0,train
data/raw/Hypotrichida/221219162533_1.jpg,Hypotrichida,healthy,0,train
data/raw/Hypotrichida/221214130524_366.jpg,Hypotrichida,healthy,0,train
data/raw/Hypotrichida/221216134643_125.jpg,Hypotrichida,healthy,0,train
data/raw/Hypotrichida/221218171920_46.jpg,Hypotrichida,healthy,0,train
data/raw/Hypotrichida/221215125712_487.jpg,Hypotrichida,healthy,0,train
data/raw/Hypotrichida/221215125712_193.jpg,Hypotrichida,healthy,0,train
data/raw/Hypotrichida/221217131528_129.jpg,Hypotrichida,healthy,0,train
data/raw/Hypotrichida/221217131528_449.jpg,Hypotrichida,healthy,0,train
data/raw/Hypotrichida/221216134643_121.jpg,Hypotrichida,healthy,0,train
data/raw/Hypotrichida/221218180442_385_2.jpg,Hypotrichida,healthy,0,train
data/raw/Hypotrichida/221218171920_160.jpg,Hypotrichida,healthy,0,train
data/raw/Hypotrichida/221218171920_83.jpg,Hypotrichida,healthy,0,train
data/raw/Hypotrichida/221217131528_367.jpg,Hypotrichida,healthy,0,train
data/raw/Hypotrichida/221214130524_58.jpg,Hypotrichida,healthy,0,train
data/raw/Hypotrichida/221219123632_96.jpg,Hypotrichida,healthy,0,train
data/raw/Hypotrichida/221218205314_153.jpg,Hypotrichida,healthy,0,train
data/raw/Hypotrichida/221217131528_329.jpg,Hypotrichida,healthy,0,train
data/raw/Hypotrichida/221217131528_291.jpg,Hypotrichida,healthy,0,train
data/raw/Hypotrichida/221216134643_434.jpg,Hypotrichida,healthy,0,train
data/raw/Hypotrichida/221217131528_48.jpg,Hypotrichida,healthy,0,train
data/raw/Hypotrichida/221215125712_63.jpg,Hypotrichida,healthy,0,train
data/raw/Hypotrichida/221214130524_253.jpg,Hypotrichida,healthy,0,train
data/raw/Hypotrichida/221217131528_42.jpg,Hypotrichida,healthy,0,train
data/raw/Hypotrichida/221216134643_8.jpg,Hypotrichida,healthy,0,train
data/raw/Hypotrichida/221218171920_100.jpg,Hypotrichida,healthy,0,train
data/raw/Hypotrichida/221218180442_310_2.jpg,Hypotrichida,healthy,0,train
data/raw/Hypotrichida/221211132350_102.jpg,Hypotrichida,healthy,0,train
data/raw/Hypotrichida/221214130524_125.jpg,Hypotrichida,healthy,0,train
data/raw/Hypotrichida/221217131528_201.jpg,Hypotrichida,healthy,0,train
data/raw/Hypotrichida/221217131528_257.jpg,Hypotrichida,healthy,0,train
data/raw/Hypotrichida/221217131528_340_2.jpg,Hypotrichida,healthy,0,train
data/raw/Hypotrichida/221218180442_338.jpg,Hypotrichida,healthy,0,train
data/raw/Hypotrichida/221216134643_127.jpg,Hypotrichida,healthy,0,train
data/raw/Hypotrichida/221216134643_352.jpg,Hypotrichida,healthy,0,train
data/raw/Hypotrichida/221219123632_3.jpg,Hypotrichida,healthy,0,train
data/raw/Hypotrichida/221219123632_299.jpg,Hypotrichida,healthy,0,train
data/raw/Hypotrichida/221216134643_271_2.jpg,Hypotrichida,healthy,0,train
data/raw/Hypotrichida/221214172456_68.jpg,Hypotrichida,healthy,0,train
data/raw/Hypotrichida/221213130833_217.jpg,Hypotrichida,healthy,0,train
data/raw/Hypotrichida/221216134643_119.jpg,Hypotrichida,healthy,0,train
data/raw/Hypotrichida/221219123632_300.jpg,Hypotrichida,healthy,0,train
data/raw/Hypotrichida/221219123632_193.jpg,Hypotrichida,healthy,0,train
data/raw/Hypotrichida/221219123632_136.jpg,Hypotrichida,healthy,0,train
data/raw/Hypotrichida/221217131528_487.jpg,Hypotrichida,healthy,0,train
data/raw/Hypotrichida/221216134643_530.jpg,Hypotrichida,healthy,0,train
data/raw/Hypotrichida/221217131528_160.jpg,Hypotrichida,healthy,0,train
data/raw/Hypotrichida/221215125712_425.jpg,Hypotrichida,healthy,0,train
data/raw/Hypotrichida/221216134643_297.jpg,Hypotrichida,healthy,0,train
data/raw/Hypotrichida/221215125712_748_2.jpg,Hypotrichida,healthy,0,train
data/raw/Hypotrichida/221214130524_61.jpg,Hypotrichida,healthy,0,train
data/raw/Hypotrichida/221218171920_101.jpg,Hypotrichida,healthy,0,train
data/raw/Hypotrichida/221217131528_93_2.jpg,Hypotrichida,healthy,0,train
data/raw/Hypotrichida/221219123632_86.jpg,Hypotrichida,healthy,0,train
data/raw/Hypotrichida/221218180442_384_2.jpg,Hypotrichida,healthy,0,train
data/raw/Hypotrichida/221218180442_372_2.jpg,Hypotrichida,healthy,0,train
data/raw/Hypotrichida/221216134643_121_2.jpg,Hypotrichida,healthy,0,train
data/raw/Hypotrichida/221214130524_135.jpg,Hypotrichida,healthy,0,train
data/raw/Hypotrichida/221218171920_56.jpg,Hypotrichida,healthy,0,train
data/raw/Hypotrichida/221218180442_371_2.jpg,Hypotrichida,healthy,0,train
data/raw/Hypotrichida/221219123632_60.jpg,Hypotrichida,healthy,0,train
data/raw/Hypotrichida/221219123632_25.jpg,Hypotrichida,healthy,0,train
data/raw/Hypotrichida/221217131528_137.jpg,Hypotrichida,healthy,0,train
data/raw/Hypotrichida/221214130524_62.jpg,Hypotrichida,healthy,0,train
data/raw/Hypotrichida/221216134643_274.jpg,Hypotrichida,healthy,0,train
data/raw/Hypotrichida/221219123632_335.jpg,Hypotrichida,healthy,0,train
data/raw/Hypotrichida/221218171920_109.jpg,Hypotrichida,healthy,0,train
data/raw/Hypotrichida/221217131528_129_2.jpg,Hypotrichida,healthy,0,train
data/raw/Hypotrichida/221215125712_907.jpg,Hypotrichida,healthy,0,train
data/raw/Hypotrichida/221218101122_147.jpg,Hypotrichida,healthy,0,train
data/raw/Hypotrichida/221217131528_192.jpg,Hypotrichida,healthy,0,train
data/raw/Hypotrichida/221216134643_118.jpg,Hypotrichida,healthy,0,train
data/raw/Hypotrichida/221217131528_81.jpg,Hypotrichida,healthy,0,train
data/raw/Hypotrichida/221218180442_372.jpg,Hypotrichida,healthy,0,train
data/raw/Hypotrichida/221219123632_87.jpg,Hypotrichida,healthy,0,train
data/raw/Hypotrichida/221218101122_247.jpg,Hypotrichida,healthy,0,train
data/raw/Hypotrichida/221217131528_331.jpg,Hypotrichida,healthy,0,train
data/raw/Hypotrichida/221215125712_756.jpg,Hypotrichida,healthy,0,train
data/raw/Hypotrichida/221219175204_47.jpg,Hypotrichida,healthy,0,train
data/raw/Hypotrichida/221218180442_292.jpg,Hypotrichida,healthy,0,train
data/raw/Hypotrichida/221215125712_831.jpg,Hypotrichida,healthy,0,train
data/raw/Hypotrichida/221217131528_93.jpg,Hypotrichida,healthy,0,train
data/raw/Hypotrichida/221217131528_191.jpg,Hypotrichida,healthy,0,train
data/raw/Hypotrichida/221219123632_306.jpg,Hypotrichida,healthy,0,train
data/raw/Hypotrichida/221218205314_440.jpg,Hypotrichida,healthy,0,train
data/raw/Hypotrichida/221218171920_148.jpg,Hypotrichida,healthy,0,train
data/raw/Hypotrichida/221216134643_333.jpg,Hypotrichida,healthy,0,train
data/raw/Hypotrichida/221217131528_138.jpg,Hypotrichida,healthy,0,train
data/raw/Hypotrichida/221217131528_132_2.jpg,Hypotrichida,healthy,0,train
data/raw/Hypotrichida/221216134643_13.jpg,Hypotrichida,healthy,0,train
data/raw/Hypotrichida/221219103325_128.jpg,Hypotrichida,healthy,0,train
data/raw/Hypotrichida/221218171920_82.jpg,Hypotrichida,healthy,0,train
data/raw/Hypotrichida/221216134643_281.jpg,Hypotrichida,healthy,0,train
data/raw/Hypotrichida/221217131528_342.jpg,Hypotrichida,healthy,0,train
data/raw/Hypotrichida/221215125712_66.jpg,Hypotrichida,healthy,0,train
data/raw/Hypotrichida/221219162533_3.jpg,Hypotrichida,healthy,0,train
data/raw/Hypotrichida/221215125712_424.jpg,Hypotrichida,healthy,0,train
data/raw/Hypotrichida/221214130524_335.jpg,Hypotrichida,healthy,0,train
data/raw/Hypotrichida/221215125712_250.jpg,Hypotrichida,healthy,0,train
data/raw/Hypotrichida/221215125712_191.jpg,Hypotrichida,healthy,0,train
data/raw/Hypotrichida/221219123632_340.jpg,Hypotrichida,healthy,0,train
data/raw/Hypotrichida/221217131528_289.jpg,Hypotrichida,healthy,0,train
data/raw/Hypotrichida/221214130524_367.jpg,Hypotrichida,healthy,0,train
data/raw/Hypotrichida/221216134643_506.jpg,Hypotrichida,healthy,0,train
data/raw/Hypotrichida/221219123632_101.jpg,Hypotrichida,healthy,0,train
data/raw/Hypotrichida/221219123632_347_2.jpg,Hypotrichida,healthy,0,train
data/raw/Hypotrichida/221219123632_302_2.jpg,Hypotrichida,healthy,0,train
data/raw/Hypotrichida/221213155715_33.jpg,Hypotrichida,healthy,0,train
data/raw/Hypotrichida/221217131528_238.jpg,Hypotrichida,healthy,0,train
data/raw/Hypotrichida/221211132350_322.jpg,Hypotrichida,healthy,0,train
data/raw/Hypotrichida/221218180442_383.jpg,Hypotrichida,healthy,0,train
data/raw/Hypotrichida/221217131528_200.jpg,Hypotrichida,healthy,0,train
data/raw/Hypotrichida/221214130524_606.jpg,Hypotrichida,healthy,0,train
data/raw/Hypotrichida/221219123632_107.jpg,Hypotrichida,healthy,0,train
data/raw/Hypotrichida/221219123632_305.jpg,Hypotrichida,healthy,0,train
data/raw/Hypotrichida/221215125712_808_2.jpg,Hypotrichida,healthy,0,train
data/raw/Hypotrichida/221219162533_2.jpg,Hypotrichida,healthy,0,train
data/raw/Hypotrichida/221219123632_129.jpg,Hypotrichida,healthy,0,train
data/raw/Hypotrichida/221218180442_93.jpg,Hypotrichida,healthy,0,train
data/raw/Hypotrichida/221219123632_316.jpg,Hypotrichida,healthy,0,train
data/raw/Hypotrichida/221219123632_346.jpg,Hypotrichida,healthy,0,train
data/raw/Hypotrichida/221218180442_147.jpg,Hypotrichida,healthy,0,train
data/raw/Hypotrichida/221216134643_313.jpg,Hypotrichida,healthy,0,train
data/raw/Hypotrichida/221214130524_473.jpg,Hypotrichida,healthy,0,train
data/raw/Hypotrichida/221219185410_88.jpg,Hypotrichida,healthy,0,train
data/raw/Hypotrichida/221216134643_273.jpg,Hypotrichida,healthy,0,train
data/raw/Hypotrichida/221219123632_274.jpg,Hypotrichida,healthy,0,train
data/raw/Hypotrichida/221219123632_45.jpg,Hypotrichida,healthy,0,train
data/raw/Hypotrichida/221217131528_68.jpg,Hypotrichida,healthy,0,train
data/raw/Hypotrichida/221218180442_91.jpg,Hypotrichida,healthy,0,train
data/raw/Hypotrichida/221217131528_490.jpg,Hypotrichida,healthy,0,train
data/raw/Hypotrichida/221216134643_353.jpg,Hypotrichida,healthy,0,train
data/raw/Hypotrichida/221218171920_129.jpg,Hypotrichida,healthy,0,train
data/raw/Hypotrichida/221217131528_396_2.jpg,Hypotrichida,healthy,0,train
data/raw/Hypotrichida/221219123632_26_4.jpg,Hypotrichida,healthy,0,train
data/raw/Hypotrichida/221218180442_384.jpg,Hypotrichida,healthy,0,train
data/raw/Hypotrichida/221218171920_52.jpg,Hypotrichida,healthy,0,train
data/raw/Hypotrichida/221218180442_158.jpg,Hypotrichida,healthy,0,train
data/raw/Hypotrichida/221215125712_488.jpg,Hypotrichida,healthy,0,train
data/raw/Hypotrichida/221215125712_748.jpg,Hypotrichida,healthy,0,train
data/raw/Hypotrichida/221217131528_199.jpg,Hypotrichida,healthy,0,train
data/raw/Hypotrichida/221215125712_919.jpg,Hypotrichida,healthy,0,train
data/raw/Hypotrichida/221215125712_799.jpg,Hypotrichida,healthy,0,train
data/raw/Hypotrichida/221219185410_93.jpg,Hypotrichida,healthy,0,train
data/raw/Hypotrichida/221214130524_699.jpg,Hypotrichida,healthy,0,train
data/raw/Hypotrichida/221218180442_159.jpg,Hypotrichida,healthy,0,train
data/raw/Hypotrichida/221216134643_403.jpg,Hypotrichida,healthy,0,train
data/raw/Hypotrichida/221217131528_239.jpg,Hypotrichida,healthy,0,train
data/raw/Hypotrichida/221218180442_371.jpg,Hypotrichida,healthy,0,train
data/raw/Hypotrichida/221217131528_403.jpg,Hypotrichida,healthy,0,train
data/raw/Hypotrichida/221217131528_16.jpg,Hypotrichida,healthy,0,train
data/raw/Hypotrichida/221216134643_351.jpg,Hypotrichida,healthy,0,train
data/raw/Hypotrichida/221219123632_26_3.jpg,Hypotrichida,healthy,0,train
data/raw/Hypotrichida/221219185410_94.jpg,Hypotrichida,healthy,0,train
data/raw/Hypotrichida/221219123632_153.jpg,Hypotrichida,healthy,0,train
data/raw/Hypotrichida/221212132320_250.jpg,Hypotrichida,healthy,0,train
data/raw/Hypotrichida/221216134643_334.jpg,Hypotrichida,healthy,0,train
data/raw/Hypotrichida/221216134643_299.jpg,Hypotrichida,healthy,0,train
data/raw/Hypotrichida/221219123632_136_2.jpg,Hypotrichida,healthy,0,train
data/raw/Hypotrichida/221212132320_248.jpg,Hypotrichida,healthy,0,train
data/raw/Hypotrichida/221216134643_433.jpg,Hypotrichida,healthy,0,train
data/raw/Hypotrichida/221215125712_811.jpg,Hypotrichida,healthy,0,train
data/raw/Hypotrichida/221214130524_284.jpg,Hypotrichida,healthy,0,train
data/raw/Hypotrichida/221219123632_16.jpg,Hypotrichida,healthy,0,train
data/raw/Hypotrichida/221216134643_248.jpg,Hypotrichida,healthy,0,train
data/raw/Hypotrichida/221217131528_396.jpg,Hypotrichida,healthy,0,train
data/raw/Hypotrichida/221217131528_301.jpg,Hypotrichida,healthy,0,train
data/raw/Hypotrichida/221215125712_195.jpg,Hypotrichida,healthy,0,train
data/raw/Hypotrichida/221215125712_252.jpg,Hypotrichida,healthy,0,train
data/raw/Hypotrichida/221217131528_162.jpg,Hypotrichida,healthy,0,train
data/raw/Hypotrichida/221217131528_135.jpg,Hypotrichida,healthy,0,train
data/raw/Hypotrichida/221219123632_160.jpg,Hypotrichida,healthy,0,train
data/raw/Hypotrichida/221218171920_1.jpg,Hypotrichida,healthy,0,train
data/raw/Hypotrichida/221217131528_41.jpg,Hypotrichida,healthy,0,train
data/raw/Hypotrichida/221219123632_261.jpg,Hypotrichida,healthy,0,train
data/raw/Hypotrichida/221215125712_522.jpg,Hypotrichida,healthy,0,train
data/raw/Hypotrichida/221218180442_52.jpg,Hypotrichida,healthy,0,train
data/raw/Hypotrichida/221216134643_12.jpg,Hypotrichida,healthy,0,train
data/raw/Hypotrichida/221217131528_133.jpg,Hypotrichida,healthy,0,train
data/raw/Hypotrichida/221216134643_529.jpg,Hypotrichida,healthy,0,train
data/raw/Hypotrichida/221218180442_47.jpg,Hypotrichida,healthy,0,train
data/raw/Hypotrichida/221218171920_112.jpg,Hypotrichida,healthy,0,train
data/raw/Hypotrichida/221219123632_169.jpg,Hypotrichida,healthy,0,train
data/raw/Hypotrichida/221218171920_38.jpg,Hypotrichida,healthy,0,train
data/raw/Hypotrichida/221214130524_126.jpg,Hypotrichida,healthy,0,train
data/raw/Hypotrichida/221217131528_406.jpg,Hypotrichida,healthy,0,train
data/raw/Hypotrichida/221217131528_92_2.jpg,Hypotrichida,healthy,0,train
data/raw/Hypotrichida/221217131528_339.jpg,Hypotrichida,healthy,0,train
data/raw/Hypotrichida/221219123632_348.jpg,Hypotrichida,healthy,0,train
data/raw/Hypotrichida/221215125712_747.jpg,Hypotrichida,healthy,0,train
data/raw/Hypotrichida/221213130833_209.jpg,Hypotrichida,healthy,0,train
data/raw/Hypotrichida/221219123632_111.jpg,Hypotrichida,healthy,0,train
data/raw/Hypotrichida/221213130833_72.jpg,Hypotrichida,healthy,0,train
data/raw/Hypotrichida/221218105116_123.jpg,Hypotrichida,healthy,0,train
data/raw/Hypotrichida/221219123632_161.jpg,Hypotrichida,healthy,0,train
data/raw/Hypotrichida/221219123632_260.jpg,Hypotrichida,healthy,0,train
data/raw/Hypotrichida/221217131528_341.jpg,Hypotrichida,healthy,0,train
data/raw/Hypotrichida/221217131528_45.jpg,Hypotrichida,healthy,0,train
data/raw/Hypotrichida/221218180442_43.jpg,Hypotrichida,healthy,0,train
data/raw/Hypotrichida/221218180442_46.jpg,Hypotrichida,healthy,0,train
data/raw/Hypotrichida/221214130524_78.jpg,Hypotrichida,healthy,0,train
data/raw/Hypotrichida/221216134643_504.jpg,Hypotrichida,healthy,0,train
data/raw/Hypotrichida/221217131528_90.jpg,Hypotrichida,healthy,0,train
data/raw/Hypotrichida/221214130524_604.jpg,Hypotrichida,healthy,0,train
data/raw/Hypotrichida/221219123632_299_2.jpg,Hypotrichida,healthy,0,train
data/raw/Hypotrichida/221216134643_531.jpg,Hypotrichida,healthy,0,train
data/raw/Hypotrichida/221216134643_500.jpg,Hypotrichida,healthy,0,train
data/raw/Hypotrichida/221213130833_210.jpg,Hypotrichida,healthy,0,train
data/raw/Hypotrichida/221216134643_271.jpg,Hypotrichida,healthy,0,train
data/raw/Hypotrichida/221217131528_309.jpg,Hypotrichida,healthy,0,train
data/raw/Hypotrichida/221219123632_210.jpg,Hypotrichida,healthy,0,train
data/raw/Hypotrichida/221215125712_104.jpg,Hypotrichida,healthy,0,train
data/raw/Hypotrichida/221217131528_448.jpg,Hypotrichida,healthy,0,train
data/raw/Hypotrichida/221211132350_323.jpg,Hypotrichida,healthy,0,train
data/raw/Hypotrichida/221219123632_128.jpg,Hypotrichida,healthy,0,train
data/raw/Hypotrichida/221213130833_206.jpg,Hypotrichida,healthy,0,train
data/raw/Hypotrichida/221219123632_345.jpg,Hypotrichida,healthy,0,train
data/raw/Hypotrichida/221217131528_413.jpg,Hypotrichida,healthy,0,train
data/raw/Hypotrichida/221219123632_19.jpg,Hypotrichida,healthy,0,train
data/raw/Hypotrichida/221218180442_146.jpg,Hypotrichida,healthy,0,train
data/raw/Hypotrichida/221218180442_373.jpg,Hypotrichida,healthy,0,train
data/raw/Hypotrichida/221218171920_152.jpg,Hypotrichida,healthy,0,train
data/raw/Hypotrichida/221214130524_697.jpg,Hypotrichida,healthy,0,train
data/raw/Hypotrichida/221215125712_807.jpg,Hypotrichida,healthy,0,train
data/raw/Hypotrichida/221216134643_119_2.jpg,Hypotrichida,healthy,0,train
data/raw/Hypotrichida/221217131528_362_2.jpg,Hypotrichida,healthy,0,train
data/raw/Hypotrichida/221217131528_366.jpg,Hypotrichida,healthy,0,train
data/raw/Hypotrichida/221213180049_673.jpg,Hypotrichida,healthy,0,train
data/raw/Hypotrichida/221217131528_212.jpg,Hypotrichida,healthy,0,train
data/raw/Hypotrichida/221218180442_6.jpg,Hypotrichida,healthy,0,train
data/raw/Hypotrichida/221217131528_310.jpg,Hypotrichida,healthy,0,train
data/raw/Hypotrichida/221218180442_312.jpg,Hypotrichida,healthy,0,train
data/raw/Hypotrichida/221217131528_210.jpg,Hypotrichida,healthy,0,train
data/raw/Hypotrichida/221218171920_87.jpg,Hypotrichida,healthy,0,train
data/raw/Hypotrichida/221217131528_131.jpg,Hypotrichida,healthy,0,train
data/raw/Hypotrichida/221218205314_67.jpg,Hypotrichida,healthy,0,train
data/raw/Hypotrichida/221216134643_10.jpg,Hypotrichida,healthy,0,train
data/raw/Hypotrichida/221217131528_394.jpg,Hypotrichida,healthy,0,train
data/raw/Hypotrichida/221219123632_287.jpg,Hypotrichida,healthy,0,train
data/raw/Hypotrichida/221217131528_360.jpg,Hypotrichida,healthy,0,train
data/raw/Hypotrichida/221216134643_74.jpg,Hypotrichida,healthy,0,train
data/raw/Hypotrichida/221217131528_161.jpg,Hypotrichida,healthy,0,train
data/raw/Hypotrichida/221215125712_315.jpg,Hypotrichida,healthy,0,train
data/raw/Hypotrichida/221217131528_475.jpg,Hypotrichida,healthy,0,train
data/raw/Hypotrichida/221216134643_120.jpg,Hypotrichida,healthy,0,train
data/raw/Hypotrichida/221216134643_469.jpg,Hypotrichida,healthy,0,train
data/raw/Hypotrichida/221219123632_154.jpg,Hypotrichida,healthy,0,train
data/raw/Hypotrichida/221218171920_45.jpg,Hypotrichida,healthy,0,train
data/raw/Hypotrichida/221215125712_827.jpg,Hypotrichida,healthy,0,train
data/raw/Hypotrichida/221213130833_108.jpg,Hypotrichida,healthy,0,train
data/raw/Hypotrichida/221217131528_43_2.jpg,Hypotrichida,healthy,0,train
data/raw/Hypotrichida/221214130524_73.jpg,Hypotrichida,healthy,0,train
data/raw/Hypotrichida/221219123632_107_2.jpg,Hypotrichida,healthy,0,train
data/raw/Hypotrichida/221217131528_132.jpg,Hypotrichida,healthy,0,train
data/raw/Hypotrichida/221216134643_528.jpg,Hypotrichida,healthy,0,train
data/raw/Hypotrichida/221219123632_270.jpg,Hypotrichida,healthy,0,train
data/raw/Hypotrichida/221219123632_85.jpg,Hypotrichida,healthy,0,train
data/raw/Hypotrichida/221212132320_249.jpg,Hypotrichida,healthy,0,train
data/raw/Hypotrichida/221218171920_102.jpg,Hypotrichida,healthy,0,train
data/raw/Hypotrichida/221219162533_8.jpg,Hypotrichida,healthy,0,train
data/raw/Hypotrichida/221217131528_474.jpg,Hypotrichida,healthy,0,train
data/raw/Hypotrichida/221213155715_32.jpg,Hypotrichida,healthy,0,train
data/raw/Hypotrichida/221215125712_326.jpg,Hypotrichida,healthy,0,train
data/raw/Hypotrichida/221217131528_405.jpg,Hypotrichida,healthy,0,train
data/raw/Hypotrichida/221218171920_81.jpg,Hypotrichida,healthy,0,train
data/raw/Hypotrichida/221217131528_136.jpg,Hypotrichida,healthy,0,train
data/raw/Hypotrichida/221219123632_258.jpg,Hypotrichida,healthy,0,train
data/raw/Hypotrichida/221219123632_98.jpg,Hypotrichida,healthy,0,train
data/raw/Hypotrichida/221217131528_365.jpg,Hypotrichida,healthy,0,train
data/raw/Hypotrichida/221216134643_334_2.jpg,Hypotrichida,healthy,0,train
data/raw/Hypotrichida/221215125712_106.jpg,Hypotrichida,healthy,0,train
data/raw/Hypotrichida/221217131528_235.jpg,Hypotrichida,healthy,0,train
data/raw/Hypotrichida/221218180442_42.jpg,Hypotrichida,healthy,0,train
data/raw/Hypotrichida/221216134643_272_2.jpg,Hypotrichida,healthy,0,train
data/raw/Hypotrichida/221218180442_385.jpg,Hypotrichida,healthy,0,train
data/raw/Hypotrichida/221219123632_43_2.jpg,Hypotrichida,healthy,0,train
data/raw/Hypotrichida/221216134643_120_2.jpg,Hypotrichida,healthy,0,train
data/raw/Hypotrichida/221218180442_383_2.jpg,Hypotrichida,healthy,0,train
data/raw/Hypotrichida/221214130524_80.jpg,Hypotrichida,healthy,0,train
data/raw/Hypotrichida/221217131528_240.jpg,Hypotrichida,healthy,0,train
data/raw/Hypotrichida/221218171920_146.jpg,Hypotrichida,healthy,0,train
data/raw/Hypotrichida/221219123632_170.jpg,Hypotrichida,healthy,0,train
data/raw/Hypotrichida/221214130524_59.jpg,Hypotrichida,healthy,0,train
data/raw/Hypotrichida/221218171920_88.jpg,Hypotrichida,healthy,0,train
data/raw/Hypotrichida/221217131528_447.jpg,Hypotrichida,healthy,0,train
data/raw/Hypotrichida/221216134643_279.jpg,Hypotrichida,healthy,0,train
data/raw/Hypotrichida/221219123632_15.jpg,Hypotrichida,healthy,0,train
data/raw/Hypotrichida/221217131528_46.jpg,Hypotrichida,healthy,0,train
data/raw/Hypotrichida/221216134643_88.jpg,Hypotrichida,healthy,0,train
data/raw/Hypotrichida/221214130524_334.jpg,Hypotrichida,healthy,0,train
data/raw/Hypotrichida/221213130833_52.jpg,Hypotrichida,healthy,0,train
data/raw/Hypotrichida/221216134643_155.jpg,Hypotrichida,healthy,0,train
data/raw/Hypotrichida/221215125712_837.jpg,Hypotrichida,healthy,0,train
data/raw/Hypotrichida/221219123632_44.jpg,Hypotrichida,healthy,0,train
data/raw/Hypotrichida/221215125712_371.jpg,Hypotrichida,healthy,0,train
data/raw/Hypotrichida/221217131528_71.jpg,Hypotrichida,healthy,0,train
data/raw/Hypotrichida/221216134643_309.jpg,Hypotrichida,healthy,0,train
data/raw/Hypotrichida/221217131528_91.jpg,Hypotrichida,healthy,0,train
data/raw/Hypotrichida/221218171920_87_2.jpg,Hypotrichida,healthy,0,train
data/raw/Hypotrichida/221216134643_354.jpg,Hypotrichida,healthy,0,train
data/raw/Hypotrichida/221217131528_306.jpg,Hypotrichida,healthy,0,train
data/raw/Hypotrichida/221217131528_262.jpg,Hypotrichida,healthy,0,train
data/raw/Hypotrichida/221218180442_17.jpg,Hypotrichida,healthy,0,train
data/raw/Hypotrichida/221217131528_44.jpg,Hypotrichida,healthy,0,train
data/raw/Hypotrichida/221218180442_148.jpg,Hypotrichida,healthy,0,train
data/raw/Hypotrichida/221219123632_346_3.jpg,Hypotrichida,healthy,0,train
data/raw/Hypotrichida/221218171920_151.jpg,Hypotrichida,healthy,0,train
data/raw/Hypotrichida/221215125712_274.jpg,Hypotrichida,healthy,0,train
data/raw/Hypotrichida/221219123632_139.jpg,Hypotrichida,healthy,0,train
data/raw/Hypotrichida/221217131528_174.jpg,Hypotrichida,healthy,0,train
data/raw/Hypotrichida/221219123632_135_2.jpg,Hypotrichida,healthy,0,train
data/raw/Hypotrichida/221217131528_211.jpg,Hypotrichida,healthy,0,train
data/raw/Hypotrichida/221217131528_80.jpg,Hypotrichida,healthy,0,train
data/raw/Hypotrichida/221216134643_87.jpg,Hypotrichida,healthy,0,train
data/raw/Hypotrichida/221214130524_276.jpg,Hypotrichida,healthy,0,train
data/raw/Hypotrichida/221219123632_17.jpg,Hypotrichida,healthy,0,train
data/raw/Hypotrichida/221217131528_330.jpg,Hypotrichida,healthy,0,train
data/raw/Hypotrichida/221218205314_155.jpg,Hypotrichida,healthy,0,train
data/raw/Hypotrichida/221217131528_334.jpg,Hypotrichida,healthy,0,train
data/raw/Hypotrichida/221216134643_261.jpg,Hypotrichida,healthy,0,train
data/raw/Hypotrichida/221216134643_9.jpg,Hypotrichida,healthy,0,train
data/raw/Hypotrichida/221216134643_63.jpg,Hypotrichida,healthy,0,train
data/raw/Hypotrichida/221218171920_82_2.jpg,Hypotrichida,healthy,0,train
data/raw/Hypotrichida/221216134643_298.jpg,Hypotrichida,healthy,0,train
data/raw/Hypotrichida/221215125712_666.jpg,Hypotrichida,healthy,0,train
data/raw/Hypotrichida/221213130833_21.jpg,Hypotrichida,healthy,0,train
data/raw/Hypotrichida/221216134643_126.jpg,Hypotrichida,healthy,0,train
data/raw/Hypotrichida/221212132320_95.jpg,Hypotrichida,healthy,0,train
data/raw/Hypotrichida/221219123632_300_2.jpg,Hypotrichida,healthy,0,train
data/raw/Hypotrichida/221216134643_61.jpg,Hypotrichida,healthy,0,train
data/raw/Hypotrichida/221217131528_72.jpg,Hypotrichida,healthy,0,train
data/raw/Hypotrichida/221218171920_80.jpg,Hypotrichida,healthy,0,train
data/raw/Hypotrichida/221219123632_334.jpg,Hypotrichida,healthy,0,train
data/raw/Hypotrichida/221214130524_72.jpg,Hypotrichida,healthy,0,train
data/raw/Hypotrichida/221212132320_578.jpg,Hypotrichida,healthy,0,train
data/raw/Hypotrichida/221218171920_131.jpg,Hypotrichida,healthy,0,train
data/raw/Hypotrichida/221219123632_214.jpg,Hypotrichida,healthy,0,train
data/raw/Hypotrichida/221214130524_609.jpg,Hypotrichida,healthy,0,train
data/raw/Hypotrichida/221219123632_301_2.jpg,Hypotrichida,healthy,0,train
data/raw/Hypotrichida/221217131528_395_2.jpg,Hypotrichida,healthy,0,train
data/raw/Hypotrichida/221218180442_313.jpg,Hypotrichida,healthy,0,test
data/raw/Hypotrichida/221212132320_140.jpg,Hypotrichida,healthy,0,test
data/raw/Hypotrichida/221215125712_370.jpg,Hypotrichida,healthy,0,test
data/raw/Hypotrichida/221214130524_381.jpg,Hypotrichida,healthy,0,test
data/raw/Hypotrichida/221217131528_473.jpg,Hypotrichida,healthy,0,test
data/raw/Hypotrichida/221215125712_327.jpg,Hypotrichida,healthy,0,test
data/raw/Hypotrichida/221218101122_246.jpg,Hypotrichida,healthy,0,test
data/raw/Hypotrichida/221219123632_134.jpg,Hypotrichida,healthy,0,test
data/raw/Hypotrichida/221218180442_99.jpg,Hypotrichida,healthy,0,test
data/raw/Hypotrichida/221218171920_53.jpg,Hypotrichida,healthy,0,test
data/raw/Hypotrichida/221217131528_488.jpg,Hypotrichida,healthy,0,test
data/raw/Hypotrichida/221217131528_236.jpg,Hypotrichida,healthy,0,test
data/raw/Hypotrichida/221218171920_81_2.jpg,Hypotrichida,healthy,0,test
data/raw/Hypotrichida/221218180442_101.jpg,Hypotrichida,healthy,0,test
data/raw/Hypotrichida/221218180442_382.jpg,Hypotrichida,healthy,0,test
data/raw/Hypotrichida/221214130524_127.jpg,Hypotrichida,healthy,0,test
data/raw/Hypotrichida/221218171920_78.jpg,Hypotrichida,healthy,0,test
data/raw/Hypotrichida/221218180442_339.jpg,Hypotrichida,healthy,0,test
data/raw/Hypotrichida/221216134643_128.jpg,Hypotrichida,healthy,0,test
data/raw/Hypotrichida/221218171920_55.jpg,Hypotrichida,healthy,0,test
data/raw/Hypotrichida/221215125712_808.jpg,Hypotrichida,healthy,0,test
data/raw/Hypotrichida/221215125712_749.jpg,Hypotrichida,healthy,0,test
data/raw/Hypotrichida/221217131528_130.jpg,Hypotrichida,healthy,0,test
data/raw/Hypotrichida/221218171920_158.jpg,Hypotrichida,healthy,0,test
data/raw/Hypotrichida/221215125712_809.jpg,Hypotrichida,healthy,0,test
data/raw/Hypotrichida/221218171920_147.jpg,Hypotrichida,healthy,0,test
data/raw/Hypotrichida/221215125712_194.jpg,Hypotrichida,healthy,0,test
data/raw/Hypotrichida/221217131528_414.jpg,Hypotrichida,healthy,0,test
data/raw/Hypotrichida/221218171920_159.jpg,Hypotrichida,healthy,0,test
data/raw/Hypotrichida/221217131528_419.jpg,Hypotrichida,healthy,0,test
data/raw/Hypotrichida/221218171920_130.jpg,Hypotrichida,healthy,0,test
data/raw/Hypotrichida/221214130524_57.jpg,Hypotrichida,healthy,0,test
data/raw/Hypotrichida/221219123632_43.jpg,Hypotrichida,healthy,0,test
data/raw/Hypotrichida/221217131528_91_2.jpg,Hypotrichida,healthy,0,test
data/raw/Hypotrichida/221214104141_229.jpg,Hypotrichida,healthy,0,test
data/raw/Hypotrichida/221217131528_312.jpg,Hypotrichida,healthy,0,test
data/raw/Hypotrichida/221216134643_73.jpg,Hypotrichida,healthy,0,test
data/raw/Hypotrichida/221215125712_619.jpg,Hypotrichida,healthy,0,test
data/raw/Hypotrichida/221215125712_749_2.jpg,Hypotrichida,healthy,0,test
data/raw/Hypotrichida/221218171920_44.jpg,Hypotrichida,healthy,0,test
data/raw/Hypotrichida/221218180442_100.jpg,Hypotrichida,healthy,0,test
data/raw/Hypotrichida/221213130833_109.jpg,Hypotrichida,healthy,0,test
data/raw/Hypotrichida/221213130833_218.jpg,Hypotrichida,healthy,0,test
data/raw/Hypotrichida/221217131528_115.jpg,Hypotrichida,healthy,0,test
data/raw/Hypotrichida/221218171920_75.jpg,Hypotrichida,healthy,0,test
data/raw/Hypotrichida/221215125712_596.jpg,Hypotrichida,healthy,0,test
data/raw/Hypotrichida/221217131528_311.jpg,Hypotrichida,healthy,0,test
data/raw/Hypotrichida/221217211622_550.jpg,Hypotrichida,healthy,0,test
data/raw/Hypotrichida/221216134643_365_2.jpg,Hypotrichida,healthy,0,test
data/raw/Hypotrichida/221219123632_302.jpg,Hypotrichida,healthy,0,test
data/raw/Hypotrichida/221214130524_285.jpg,Hypotrichida,healthy,0,test
data/raw/Hypotrichida/221219123632_155.jpg,Hypotrichida,healthy,0,test
data/raw/Hypotrichida/221216134643_364_2.jpg,Hypotrichida,healthy,0,test
data/raw/Hypotrichida/221218180442_16.jpg,Hypotrichida,healthy,0,test
data/raw/Hypotrichida/221213130833_108_2.jpg,Hypotrichida,healthy,0,test
data/raw/Hypotrichida/221216134643_365.jpg,Hypotrichida,healthy,0,test
data/raw/Hypotrichida/221219123632_140.jpg,Hypotrichida,healthy,0,test
data/raw/Hypotrichida/221219123632_197.jpg,Hypotrichida,healthy,0,test
data/raw/Hypotrichida/221217131528_121.jpg,Hypotrichida,healthy,0,test
data/raw/Hypotrichida/221212132320_192.jpg,Hypotrichida,healthy,0,test
data/raw/Hypotrichida/221215125712_251.jpg,Hypotrichida,healthy,0,test
data/raw/Hypotrichida/221219123632_25_2.jpg,Hypotrichida,healthy,0,test
data/raw/Hypotrichida/221219123632_4.jpg,Hypotrichida,healthy,0,test
data/raw/Hypotrichida/221218205314_154.jpg,Hypotrichida,healthy,0,test
data/raw/Hypotrichida/221219123632_198.jpg,Hypotrichida,healthy,0,test
data/raw/Hypotrichida/221219123632_216.jpg,Hypotrichida,healthy,0,test
data/raw/Hypotrichida/221218180442_50.jpg,Hypotrichida,healthy,0,test
data/raw/Hypotrichida/221218171920_76.jpg,Hypotrichida,healthy,0,test
data/raw/Hypotrichida/221217131528_69.jpg,Hypotrichida,healthy,0,test
data/raw/Hypotrichida/221217131528_336.jpg,Hypotrichida,healthy,0,test
data/raw/Hypotrichida/221218171920_119.jpg,Hypotrichida,healthy,0,test
data/raw/Hypotrichida/221215125712_190.jpg,Hypotrichida,healthy,0,test
data/raw/Hypotrichida/221219123632_59.jpg,Hypotrichida,healthy,0,test
data/raw/Hypotrichida/221218171920_39.jpg,Hypotrichida,healthy,0,test
data/raw/Hypotrichida/221219162533_24.jpg,Hypotrichida,healthy,0,test
data/raw/Hypotrichida/221215125712_671.jpg,Hypotrichida,healthy,0,test
data/raw/Hypotrichida/221216134643_280.jpg,Hypotrichida,healthy,0,test
data/raw/Hypotrichida/221217131528_82.jpg,Hypotrichida,healthy,0,test
data/raw/Hypotrichida/221215125712_755.jpg,Hypotrichida,healthy,0,test
data/raw/Hypotrichida/221217131528_4.jpg,Hypotrichida,healthy,0,test
data/raw/Hypotrichida/221215125712_521.jpg,Hypotrichida,healthy,0,test
data/raw/Hypotrichida/221215125712_316.jpg,Hypotrichida,healthy,0,test
data/raw/Hypotrichida/221216134643_505.jpg,Hypotrichida,healthy,0,test
data/raw/Hypotrichida/221217131528_332_2.jpg,Hypotrichida,healthy,0,test
data/raw/Hypotrichida/221219123632_301.jpg,Hypotrichida,healthy,0,test
data/raw/Hypotrichida/221216134643_62.jpg,Hypotrichida,healthy,0,test
data/raw/Hypotrichida/221215125712_273.jpg,Hypotrichida,healthy,0,test
data/raw/Hypotrichida/221217131528_125.jpg,Hypotrichida,healthy,0,test
data/raw/Hypotrichida/221219123632_135.jpg,Hypotrichida,healthy,0,test
data/raw/Hypotrichida/221216103701_86.jpg,Hypotrichida,healthy,0,test
data/raw/Hypotrichida/221215125712_665.jpg,Hypotrichida,healthy,0,test
data/raw/Hypotrichida/221219123632_18.jpg,Hypotrichida,healthy,0,test
data/raw/Hypotrichida/221217131528_489.jpg,Hypotrichida,healthy,0,test
data/raw/Hypotrichida/221219123632_26_2.jpg,Hypotrichida,healthy,0,test
data/raw/Hypotrichida/221217131528_335.jpg,Hypotrichida,healthy,0,test
data/raw/Hypotrichida/221218180442_293.jpg,Hypotrichida,healthy,0,test
data/raw/Hypotrichida/221218101122_148.jpg,Hypotrichida,healthy,0,test
data/raw/Hypotrichida/221219123632_195.jpg,Hypotrichida,healthy,0,test
data/raw/Hypotrichida/221219123632_168.jpg,Hypotrichida,healthy,0,test
data/raw/Hypotrichida/221215125712_65.jpg,Hypotrichida,healthy,0,test
data/raw/Hypotrichida/221216134643_364.jpg,Hypotrichida,healthy,0,test
data/raw/Hypotrichida/221214130524_71.jpg,Hypotrichida,healthy,0,test
data/raw/Hypotrichida/221219123632_97.jpg,Hypotrichida,healthy,0,test
data/raw/Hypotrichida/221215125712_426.jpg,Hypotrichida,healthy,0,test
data/raw/Hypotrichida/221214130524_90.jpg,Hypotrichida,healthy,0,test
data/raw/Hypotrichida/221217131528_338.jpg,Hypotrichida,healthy,0,test
data/raw/Hypotrichida/221214130524_79.jpg,Hypotrichida,healthy,0,test
data/raw/Hypotrichida/221218180442_311.jpg,Hypotrichida,healthy,0,test
data/raw/Hypotrichida/221219123632_275.jpg,Hypotrichida,healthy,0,test
data/raw/Hypotrichida/221215125712_798.jpg,Hypotrichida,healthy,0,test
data/raw/Hypotrichida/221216134643_314.jpg,Hypotrichida,healthy,0,test
data/raw/Hypotrichida/221217131528_128_2.jpg,Hypotrichida,healthy,0,test
data/raw/Hypotrichida/221213130833_38_2.jpg,Hypotrichida,healthy,0,test
data/raw/Hypotrichida/221215125712_746.jpg,Hypotrichida,healthy,0,test
data/raw/Hypotrichida/221215125712_105.jpg,Hypotrichida,healthy,0,test
data/raw/Hypotrichida/221218171920_2.jpg,Hypotrichida,healthy,0,test
data/raw/Hypotrichida/221212132320_579.jpg,Hypotrichida,healthy,0,test
data/raw/Hypotrichida/221215125712_71.jpg,Hypotrichida,healthy,0,test
data/raw/Hypotrichida/221217131528_415.jpg,Hypotrichida,healthy,0,test
data/raw/Hypotrichida/221216134643_14.jpg,Hypotrichida,healthy,0,test
data/raw/Hypotrichida/221214130524_698.jpg,Hypotrichida,healthy,0,test
data/raw/Hypotrichida/221217131528_128.jpg,Hypotrichida,healthy,0,test
data/raw/Hypotrichida/221218180442_98.jpg,Hypotrichida,healthy,0,test
data/raw/Hypotrichida/221219123632_276.jpg,Hypotrichida,healthy,0,test
data/raw/Hypotrichida/221211132350_103.jpg,Hypotrichida,healthy,0,test
data/raw/Hypotrichida/221214130524_33.jpg,Hypotrichida,healthy,0,test
data/raw/Hypotrichida/221216134643_273_2.jpg,Hypotrichida,healthy,0,test
data/raw/Hypotrichida/221215125712_188.jpg,Hypotrichida,healthy,0,test
data/raw/Hypotrichida/221217131528_420.jpg,Hypotrichida,healthy,0,test
data/raw/Hypotrichida/221217131528_395.jpg,Hypotrichida,healthy,0,test
data/raw/Hypotrichida/221219123632_297.jpg,Hypotrichida,healthy,0,test
data/raw/Hypotrichida/221219123632_25_3.jpg,Hypotrichida,healthy,0,test
data/raw/Hypotrichida/221219123632_346_2.jpg,Hypotrichida,healthy,0,test
data/raw/Hypotrichida/221217131528_363.jpg,Hypotrichida,healthy,0,test
data/raw/Hypotrichida/221216134643_85.jpg,Hypotrichida,healthy,0,test
data/raw/Hypotrichida/221219123632_61.jpg,Hypotrichida,healthy,0,test
data/raw/Hypotrichida/221217131528_446.jpg,Hypotrichida,healthy,0,test
data/raw/Hypotrichida/221214130524_605.jpg,Hypotrichida,healthy,0,test
data/raw/Hypotrichida/221217131528_331_2.jpg,Hypotrichida,healthy,0,test
data/raw/Hypotrichida/221213130833_113.jpg,Hypotrichida,healthy,0,test
data/raw/Hypotrichida/221218180442_5.jpg,Hypotrichida,healthy,0,test
data/raw/Hypotrichida/221219123632_298.jpg,Hypotrichida,healthy,0,test
data/raw/Hypotrichida/221215125712_838.jpg,Hypotrichida,healthy,0,test
data/raw/Hypotrichida/221217131528_361_2.jpg,Hypotrichida,healthy,0,test
data/raw/Hypotrichida/221219123632_118.jpg,Hypotrichida,healthy,0,test
data/raw/Hypotrichida/221219123632_348_2.jpg,Hypotrichida,healthy,0,test
data/raw/Hypotrichida/221217131528_397.jpg,Hypotrichida,healthy,0,test
data/raw/Hypotrichida/221216134643_468.jpg,Hypotrichida,healthy,0,test
data/raw/Hypotrichida/221214130524_252.jpg,Hypotrichida,healthy,0,test
data/raw/Hypotrichida/221217131528_361.jpg,Hypotrichida,healthy,0,test
data/raw/Hypotrichida/221217131528_43.jpg,Hypotrichida,healthy,0,test
data/raw/Hypotrichida/221217131528_70.jpg,Hypotrichida,healthy,0,test
data/raw/Hypotrichida/221216134643_35.jpg,Hypotrichida,healthy,0,test
data/raw/Hypotrichida/221214130524_382.jpg,Hypotrichida,healthy,0,test
data/raw/Hypotrichida/221219123632_336.jpg,Hypotrichida,healthy,0,test
data/raw/Hypotrichida/221215125712_520.jpg,Hypotrichida,healthy,0,test
data/raw/Hypotrichida/221214130524_32.jpg,Hypotrichida,healthy,0,test
data/raw/Hypotrichida/221218171920_150.jpg,Hypotrichida,healthy,0,test
data/raw/Hypotrichida/221219123632_5.jpg,Hypotrichida,healthy,0,test
data/raw/Hypotrichida/221217131528_333.jpg,Hypotrichida,healthy,0,test
data/raw/Hypotrichida/221217131528_404.jpg,Hypotrichida,healthy,0,test
data/raw/Hypotrichida/221215125712_670.jpg,Hypotrichida,healthy,0,test
data/raw/Hypotrichida/221218180442_92.jpg,Hypotrichida,healthy,0,test
data/raw/Hypotrichida/221219123632_26.jpg,Hypotrichida,healthy,0,test
data/raw/Hypotrichida/221219123632_347_3.jpg,Hypotrichida,healthy,0,test
data/raw/Hypotrichida/221216103701_111.jpg,Hypotrichida,healthy,0,test
data/raw/Hypotrichida/221219162533_25.jpg,Hypotrichida,healthy,0,test
data/raw/Digononta/220705111212_29100.jpg,Digononta,healthy,0,train
data/raw/Digononta/220714151918_231900_2.jpg,Digononta,healthy,0,train
data/raw/Digononta/220702195412_63300.jpg,Digononta,healthy,0,train
data/raw/Digononta/250806160559_12800.jpg,Digononta,healthy,0,train
data/raw/Digononta/220714214255_57000.jpg,Digononta,healthy,0,train
data/raw/Digononta/220702164102_55200.jpg,Digononta,healthy,0,train
data/raw/Digononta/220704191948_5400.jpg,Digononta,healthy,0,train
data/raw/Digononta/220713075400_3300_5.jpg,Digononta,healthy,0,train
data/raw/Digononta/220715135748_63900.jpg,Digononta,healthy,0,train
data/raw/Digononta/220706100742_57000.jpg,Digononta,healthy,0,train
data/raw/Digononta/250818200100_14500.jpg,Digononta,healthy,0,train
data/raw/Digononta/220714223843_37800_2.jpg,Digononta,healthy,0,train
data/raw/Digononta/220702195412_116700.jpg,Digononta,healthy,0,train
data/raw/Digononta/220708152029_93900.jpg,Digononta,healthy,0,train
data/raw/Digononta/220706161602_73800.jpg,Digononta,healthy,0,train
data/raw/Digononta/220716104346_118200.jpg,Digononta,healthy,0,train
data/raw/Digononta/220704212204_52500_2.jpg,Digononta,healthy,0,train
data/raw/Digononta/220707145542_165300.jpg,Digononta,healthy,0,train
data/raw/Digononta/220706161602_195000.jpg,Digononta,healthy,0,train
data/raw/Digononta/220715153913_260700.jpg,Digononta,healthy,0,train
data/raw/Digononta/220625152853_24900.jpg,Digononta,healthy,0,train
data/raw/Digononta/250807145440_6900.jpg,Digononta,healthy,0,train
data/raw/Digononta/220706161602_289800.jpg,Digononta,healthy,0,train
data/raw/Digononta/220706212903_134700.jpg,Digononta,healthy,0,train
data/raw/Digononta/220710155007_29400.jpg,Digononta,healthy,0,train
data/raw/Digononta/220715153913_147600.jpg,Digononta,healthy,0,train
data/raw/Digononta/220702195412_19200.jpg,Digononta,healthy,0,train
data/raw/Digononta/220706212903_126000.jpg,Digononta,healthy,0,train
data/raw/Digononta/220702195412_182400.jpg,Digononta,healthy,0,train
data/raw/Digononta/220715214149_17400.jpg,Digononta,healthy,0,train
data/raw/Digononta/250719163223_9200.jpg,Digononta,healthy,0,train
data/raw/Digononta/220708152029_81000.jpg,Digononta,healthy,0,train
data/raw/Digononta/220711151704_80100_2.jpg,Digononta,healthy,0,train
data/raw/Digononta/220711210818_54600.jpg,Digononta,healthy,0,train
data/raw/Digononta/220706161602_174900.jpg,Digononta,healthy,0,train
data/raw/Digononta/220715153913_84000.jpg,Digononta,healthy,0,train
data/raw/Digononta/220714194123_51300_2.jpg,Digononta,healthy,0,train
data/raw/Digononta/220714151918_209400.jpg,Digononta,healthy,0,train
data/raw/Digononta/220713075400_3000_3.jpg,Digononta,healthy,0,train
data/raw/Digononta/220716104346_84600_2.jpg,Digononta,healthy,0,train
data/raw/Digononta/220713151019_394200.jpg,Digononta,healthy,0,train
data/raw/Digononta/220625152853_38400_3.jpg,Digononta,healthy,0,train
data/raw/Digononta/250718142531_300.jpg,Digononta,healthy,0,train
data/raw/Digononta/220714213052_10200.jpg,Digononta,healthy,0,train
data/raw/Digononta/220706161602_312600.jpg,Digononta,healthy,0,train
data/raw/Digononta/220708152029_72900.jpg,Digononta,healthy,0,train
data/raw/Digononta/220715153913_148500.jpg,Digononta,healthy,0,train
data/raw/Digononta/220625193430_390300.jpg,Digononta,healthy,0,train
data/raw/Digononta/220714214255_67800_2.jpg,Digononta,healthy,0,train
data/raw/Digononta/220714120033_11700.jpg,Digononta,healthy,0,train
data/raw/Digononta/220705133448_345900.jpg,Digononta,healthy,0,train
data/raw/Digononta/250818200100_12500.jpg,Digononta,healthy,0,train
data/raw/Digononta/220706161602_274800.jpg,Digononta,healthy,0,train
data/raw/Digononta/220705205512_7800.jpg,Digononta,healthy,0,train
data/raw/Digononta/220707145542_71700.jpg,Digononta,healthy,0,train
data/raw/Digononta/220705111212_166500_2.jpg,Digononta,healthy,0,train
data/raw/Digononta/220715153913_226200_2.jpg,Digononta,healthy,0,train
data/raw/Digononta/220713091344_294600.jpg,Digononta,healthy,0,train
data/raw/Digononta/220715214149_81900_2.jpg,Digononta,healthy,0,train
data/raw/Digononta/220714151918_285600.jpg,Digononta,healthy,0,train
data/raw/Digononta/220713151019_231300.jpg,Digononta,healthy,0,train
data/raw/Digononta/220626190551_181800_4.jpg,Digononta,healthy,0,train
data/raw/Digononta/220626190551_15000.jpg,Digononta,healthy,0,train
data/raw/Digononta/220712162334_10800.jpg,Digononta,healthy,0,train
data/raw/Digononta/250818200100_6900.jpg,Digononta,healthy,0,train
data/raw/Digononta/220711151704_176100.jpg,Digononta,healthy,0,train
data/raw/Digononta/220713151019_102900.jpg,Digononta,healthy,0,train
data/raw/Digononta/220702195412_78900.jpg,Digononta,healthy,0,train
data/raw/Digononta/220710155007_12900.jpg,Digononta,healthy,0,train
data/raw/Digononta/220714151918_346500.jpg,Digononta,healthy,0,train
data/raw/Digononta/220716104346_82500_2.jpg,Digononta,healthy,0,train
data/raw/Digononta/220713151019_386100_3.jpg,Digononta,healthy,0,train
data/raw/Digononta/220707221712_278700.jpg,Digononta,healthy,0,train
data/raw/Digononta/220702195412_45600.jpg,Digononta,healthy,0,train
data/raw/Digononta/220701144940_211800.jpg,Digononta,healthy,0,train
data/raw/Digononta/220710155007_318000.jpg,Digononta,healthy,0,train
data/raw/Digononta/220716104346_80700_2.jpg,Digononta,healthy,0,train
data/raw/Digononta/220625193430_26700.jpg,Digononta,healthy,0,train
data/raw/Digononta/220701193719_179700.jpg,Digononta,healthy,0,train
data/raw/Digononta/220714151918_151200.jpg,Digononta,healthy,0,train
data/raw/Digononta/220714151918_149100.jpg,Digononta,healthy,0,train
data/raw/Digononta/220710155007_291000.jpg,Digononta,healthy,0,train
data/raw/Digononta/220707145542_209400.jpg,Digononta,healthy,0,train
data/raw/Digononta/220716104346_2400.jpg,Digononta,healthy,0,train
data/raw/Digononta/250819151211_15400.jpg,Digononta,healthy,0,train
data/raw/Digononta/220715153913_68700.jpg,Digononta,healthy,0,train
data/raw/Digononta/220707145542_27900.jpg,Digononta,healthy,0,train
data/raw/Digononta/221219123632_307.jpg,Digononta,healthy,0,train
data/raw/Digononta/220710214438_17400.jpg,Digononta,healthy,0,train
data/raw/Digononta/220710155007_13200.jpg,Digononta,healthy,0,train
data/raw/Digononta/250819195743_17300.jpg,Digononta,healthy,0,train
data/raw/Digononta/220711151704_174600.jpg,Digononta,healthy,0,train
data/raw/Digononta/220712104445_40500.jpg,Digononta,healthy,0,train
data/raw/Digononta/250718184126_18900.jpg,Digononta,healthy,0,train
data/raw/Digononta/220629133851_58200_2.jpg,Digononta,healthy,0,train
data/raw/Digononta/220713151019_362400.jpg,Digononta,healthy,0,train
data/raw/Digononta/220624154723_13200.jpg,Digononta,healthy,0,train
data/raw/Digononta/220706120715_190500.jpg,Digononta,healthy,0,train
data/raw/Digononta/220701144940_252300.jpg,Digononta,healthy,0,train
data/raw/Digononta/220711132531_66900.jpg,Digononta,healthy,0,train
data/raw/Digononta/220716104346_106200.jpg,Digononta,healthy,0,train
data/raw/Digononta/220701144940_30900.jpg,Digononta,healthy,0,train
data/raw/Digononta/220704212204_56700.jpg,Digononta,healthy,0,train
data/raw/Digononta/220701142004_1200_2.jpg,Digononta,healthy,0,train
data/raw/Digononta/250808151227_5400.jpg,Digononta,healthy,0,train
data/raw/Digononta/220705111212_179400.jpg,Digononta,healthy,0,train
data/raw/Digononta/220715153913_150900_2.jpg,Digononta,healthy,0,train
data/raw/Digononta/220707103914_195600.jpg,Digononta,healthy,0,train
data/raw/Digononta/220701144940_225900.jpg,Digononta,healthy,0,train
data/raw/Digononta/220710214438_82200.jpg,Digononta,healthy,0,train
data/raw/Digononta/220624160824_5100.jpg,Digononta,healthy,0,train
data/raw/Digononta/220705205512_309300.jpg,Digononta,healthy,0,train
data/raw/Digononta/220707103914_165600.jpg,Digononta,healthy,0,train
data/raw/Digononta/220625145750_2400.jpg,Digononta,healthy,0,train
data/raw/Digononta/220714151918_382800_2.jpg,Digononta,healthy,0,train
data/raw/Digononta/220708152029_8100.jpg,Digononta,healthy,0,train
data/raw/Digononta/220710214438_33000.jpg,Digononta,healthy,0,train
data/raw/Digononta/220626190551_43200.jpg,Digononta,healthy,0,train
data/raw/Digononta/220714151918_281700.jpg,Digononta,healthy,0,train
data/raw/Digononta/220706161602_66900_2.jpg,Digononta,healthy,0,train
data/raw/Digononta/220710214438_74100.jpg,Digononta,healthy,0,train
data/raw/Digononta/220708152029_18600.jpg,Digononta,healthy,0,train
data/raw/Digononta/220712154002_51900.jpg,Digononta,healthy,0,train
data/raw/Digononta/250718155419_10400.jpg,Digononta,healthy,0,train
data/raw/Digononta/220711151704_49800.jpg,Digononta,healthy,0,train
data/raw/Digononta/220701144940_51300.jpg,Digononta,healthy,0,train
data/raw/Digononta/220706161602_231300.jpg,Digononta,healthy,0,train
data/raw/Digononta/220711151704_354000.jpg,Digononta,healthy,0,train
data/raw/Digononta/220706212903_248400_2.jpg,Digononta,healthy,0,train
data/raw/Digononta/220701193719_117600.jpg,Digononta,healthy,0,train
data/raw/Digononta/220714151918_171900.jpg,Digononta,healthy,0,train
data/raw/Digononta/250718200053_10800.jpg,Digononta,healthy,0,train
data/raw/Digononta/220716104346_120600_2.jpg,Digononta,healthy,0,train
data/raw/Digononta/220711151704_321600.jpg,Digononta,healthy,0,train
data/raw/Digononta/220707103914_41700.jpg,Digononta,healthy,0,train
data/raw/Digononta/220712162334_28500.jpg,Digononta,healthy,0,train
data/raw/Digononta/220713151019_385500.jpg,Digononta,healthy,0,train
data/raw/Digononta/220714151918_60600.jpg,Digononta,healthy,0,train
data/raw/Digononta/220706212903_118800.jpg,Digononta,healthy,0,train
data/raw/Digononta/220707145542_88800_2.jpg,Digononta,healthy,0,train
data/raw/Digononta/220714151918_382500.jpg,Digononta,healthy,0,train
data/raw/Digononta/220715153913_195900.jpg,Digononta,healthy,0,train
data/raw/Digononta/220716104346_55500.jpg,Digononta,healthy,0,train
data/raw/Digononta/220707145542_158400.jpg,Digononta,healthy,0,train
data/raw/Digononta/220625152853_48300_5.jpg,Digononta,healthy,0,train
data/raw/Digononta/220710155007_18000.jpg,Digononta,healthy,0,train
data/raw/Digononta/220712211907_60000.jpg,Digononta,healthy,0,train
data/raw/Digononta/220625151150_17100.jpg,Digononta,healthy,0,train
data/raw/Digononta/220715135748_62700.jpg,Digononta,healthy,0,train
data/raw/Digononta/220707145542_281400.jpg,Digononta,healthy,0,train
data/raw/Digononta/250818200100_19900.jpg,Digononta,healthy,0,train
data/raw/Digononta/220704212204_63600.jpg,Digononta,healthy,0,train
data/raw/Digononta/220716104346_114000.jpg,Digononta,healthy,0,train
data/raw/Digononta/220714151918_47700.jpg,Digononta,healthy,0,train
data/raw/Digononta/220706161602_79800.jpg,Digononta,healthy,0,train
data/raw/Digononta/220714151918_388500_3.jpg,Digononta,healthy,0,train
data/raw/Digononta/220705111212_188700.jpg,Digononta,healthy,0,train
data/raw/Digononta/220713075400_17400.jpg,Digononta,healthy,0,train
data/raw/Digononta/220707103914_73800.jpg,Digononta,healthy,0,train
data/raw/Digononta/220706161602_328500.jpg,Digononta,healthy,0,train
data/raw/Digononta/220705205512_273300_2.jpg,Digononta,healthy,0,train
data/raw/Digononta/220714151918_345600.jpg,Digononta,healthy,0,train
data/raw/Digononta/220614142009_0_2.jpg,Digononta,healthy,0,train
data/raw/Digononta/220714120033_35700.jpg,Digononta,healthy,0,train
data/raw/Digononta/220706212903_247500.jpg,Digononta,healthy,0,train
data/raw/Digononta/220713075400_21000.jpg,Digononta,healthy,0,train
data/raw/Digononta/220625152853_4800.jpg,Digononta,healthy,0,train
data/raw/Digononta/220715214149_9600.jpg,Digononta,healthy,0,train
data/raw/Digononta/220708152029_103200.jpg,Digononta,healthy,0,train
data/raw/Digononta/220708152029_4500.jpg,Digononta,healthy,0,train
data/raw/Digononta/220625152853_24000_3.jpg,Digononta,healthy,0,train
data/raw/Digononta/220712211907_11400.jpg,Digononta,healthy,0,train
data/raw/Digononta/220707145542_35100.jpg,Digononta,healthy,0,train
data/raw/Digononta/220705205512_91800.jpg,Digononta,healthy,0,train
data/raw/Digononta/220714151918_240900.jpg,Digononta,healthy,0,train
data/raw/Digononta/220715153913_252000.jpg,Digononta,healthy,0,train
data/raw/Digononta/220629133851_205500.jpg,Digononta,healthy,0,train
data/raw/Digononta/220707103914_169200.jpg,Digononta,healthy,0,train
data/raw/Digononta/250818200100_14300.jpg,Digononta,healthy,0,train
data/raw/Digononta/220705205512_374100.jpg,Digononta,healthy,0,train
data/raw/Digononta/220707145542_64200.jpg,Digononta,healthy,0,train
data/raw/Digononta/220710155007_61200_2.jpg,Digononta,healthy,0,train
data/raw/Digononta/250818200100_9700.jpg,Digononta,healthy,0,train
data/raw/Digononta/220713151019_46500.jpg,Digononta,healthy,0,train
data/raw/Digononta/220705133448_509700.jpg,Digononta,healthy,0,train
data/raw/Digononta/220625193430_295500.jpg,Digononta,healthy,0,train
data/raw/Digononta/220706161602_174300.jpg,Digononta,healthy,0,train
data/raw/Digononta/220707221019_900_3.jpg,Digononta,healthy,0,train
data/raw/Digononta/220710155007_308400.jpg,Digononta,healthy,0,train
data/raw/Digononta/220707103914_267300_2.jpg,Digononta,healthy,0,train
data/raw/Digononta/220625152853_27900.jpg,Digononta,healthy,0,train
data/raw/Digononta/220707145542_7200.jpg,Digononta,healthy,0,train
data/raw/Digononta/220714223843_68100_2.jpg,Digononta,healthy,0,train
data/raw/Digononta/220705111212_138600.jpg,Digononta,healthy,0,train
data/raw/Digononta/220707145542_324300.jpg,Digononta,healthy,0,train
data/raw/Digononta/220707145542_198900.jpg,Digononta,healthy,0,train
data/raw/Digononta/220711151704_80400.jpg,Digononta,healthy,0,train
data/raw/Digononta/220705133448_230100.jpg,Digononta,healthy,0,train
data/raw/Digononta/250719163223_7400.jpg,Digononta,healthy,0,train
data/raw/Digononta/220706161602_8700.jpg,Digononta,healthy,0,train
data/raw/Digononta/220625193430_390000_2.jpg,Digononta,healthy,0,train
data/raw/Digononta/220714151918_242700.jpg,Digononta,healthy,0,train
data/raw/Digononta/220702195412_82200.jpg,Digononta,healthy,0,train
data/raw/Digononta/220714214255_44400.jpg,Digononta,healthy,0,train
data/raw/Digononta/220705205512_161700.jpg,Digononta,healthy,0,train
data/raw/Digononta/220710214438_113100_2.jpg,Digononta,healthy,0,train
data/raw/Digononta/220625152853_25200.jpg,Digononta,healthy,0,train
data/raw/Digononta/220714151918_198000.jpg,Digononta,healthy,0,train
data/raw/Digononta/220710155007_20100.jpg,Digononta,healthy,0,train
data/raw/Digononta/220625193430_29400_5.jpg,Digononta,healthy,0,train
data/raw/Digononta/220707103914_279900.jpg,Digononta,healthy,0,train
data/raw/Digononta/220714151918_269400.jpg,Digononta,healthy,0,train
data/raw/Digononta/220704164337_171900_3.jpg,Digononta,healthy,0,train
data/raw/Digononta/220715153913_86400.jpg,Digononta,healthy,0,train
data/raw/Digononta/220705205512_319500.jpg,Digononta,healthy,0,train
data/raw/Digononta/250719150530_6800.jpg,Digononta,healthy,0,train
data/raw/Digononta/220714151918_57600.jpg,Digononta,healthy,0,train
data/raw/Digononta/220705111212_12900.jpg,Digononta,healthy,0,train
data/raw/Digononta/220706161602_236400.jpg,Digononta,healthy,0,train
data/raw/Digononta/220701193719_107700.jpg,Digononta,healthy,0,train
data/raw/Digononta/220710214438_221700.jpg,Digononta,healthy,0,train
data/raw/Digononta/220704164337_31800.jpg,Digononta,healthy,0,train
data/raw/Digononta/220713091344_236400.jpg,Digononta,healthy,0,train
data/raw/Digononta/220715153913_345600.jpg,Digononta,healthy,0,train
data/raw/Digononta/220704164337_35700.jpg,Digononta,healthy,0,train
data/raw/Digononta/220712104445_6600_2.jpg,Digononta,healthy,0,train
data/raw/Digononta/220625152853_37800.jpg,Digononta,healthy,0,train
data/raw/Digononta/250719183759_11200.jpg,Digononta,healthy,0,train
data/raw/Digononta/220921151620_35.jpg,Digononta,healthy,0,train
data/raw/Digononta/220626190551_45600.jpg,Digononta,healthy,0,train
data/raw/Digononta/220626190551_14400_3.jpg,Digononta,healthy,0,train
data/raw/Digononta/220701193719_93600_2.jpg,Digononta,healthy,0,train
data/raw/Digononta/220710155007_286800.jpg,Digononta,healthy,0,train
data/raw/Digononta/220707145542_300900.jpg,Digononta,healthy,0,train
data/raw/Digononta/220712104445_50700.jpg,Digononta,healthy,0,train
data/raw/Digononta/220712154002_68100.jpg,Digononta,healthy,0,train
data/raw/Digononta/220704212204_147300.jpg,Digononta,healthy,0,train
data/raw/Digononta/220704164337_63900_3.jpg,Digononta,healthy,0,train
data/raw/Digononta/220702195412_73200.jpg,Digononta,healthy,0,train
data/raw/Digononta/220713151019_180900.jpg,Digononta,healthy,0,train
data/raw/Digononta/220625152853_11400_5.jpg,Digononta,healthy,0,train
data/raw/Digononta/220713075400_3000_4.jpg,Digononta,healthy,0,train
data/raw/Digononta/220714151918_347100.jpg,Digononta,healthy,0,train
data/raw/Digononta/220710155007_115200.jpg,Digononta,healthy,0,train
data/raw/Digononta/220711151704_101700.jpg,Digononta,healthy,0,train
data/raw/Digononta/220716104346_81000.jpg,Digononta,healthy,0,train
data/raw/Digononta/220625152853_57300_2.jpg,Digononta,healthy,0,train
data/raw/Digononta/220715103728_16200.jpg,Digononta,healthy,0,train
data/raw/Digononta/220711151704_176400.jpg,Digononta,healthy,0,train
data/raw/Digononta/220701144940_242700.jpg,Digononta,healthy,0,train
data/raw/Digononta/220701144940_224400.jpg,Digononta,healthy,0,train
data/raw/Digononta/220705205512_93600.jpg,Digononta,healthy,0,train
data/raw/Digononta/220625152853_23100_2.jpg,Digononta,healthy,0,train
data/raw/Digononta/220702195412_28200.jpg,Digononta,healthy,0,train
data/raw/Digononta/221215125712_511.jpg,Digononta,healthy,0,train
data/raw/Digononta/220713151019_224100.jpg,Digononta,healthy,0,train
data/raw/Digononta/220702164102_53700.jpg,Digononta,healthy,0,train
data/raw/Digononta/220715153913_117900.jpg,Digononta,healthy,0,train
data/raw/Digononta/220712211907_14400.jpg,Digononta,healthy,0,train
data/raw/Digononta/220705205512_313200.jpg,Digononta,healthy,0,train
data/raw/Digononta/220710155007_18300.jpg,Digononta,healthy,0,train
data/raw/Digononta/220625193430_233400.jpg,Digononta,healthy,0,train
data/raw/Digononta/250818200100_6600.jpg,Digononta,healthy,0,train
data/raw/Digononta/250719193137_13500.jpg,Digononta,healthy,0,train
data/raw/Digononta/220708152029_87000.jpg,Digononta,healthy,0,train
data/raw/Digononta/220715214149_18300_2.jpg,Digononta,healthy,0,train
data/raw/Digononta/220711151704_331200.jpg,Digononta,healthy,0,train
data/raw/Digononta/220714151918_348900.jpg,Digononta,healthy,0,train
data/raw/Digononta/220705133448_463800.jpg,Digononta,healthy,0,train
data/raw/Digononta/220707221712_174000.jpg,Digononta,healthy,0,train
data/raw/Digononta/220707145542_108000.jpg,Digononta,healthy,0,train
data/raw/Digononta/250807155216_5300.jpg,Digononta,healthy,0,train
data/raw/Digononta/220712211907_48900.jpg,Digononta,healthy,0,train
data/raw/Digononta/220705111212_9600.jpg,Digononta,healthy,0,train
data/raw/Digononta/220705111212_177000.jpg,Digononta,healthy,0,train
data/raw/Digononta/220710123359_16500_2.jpg,Digononta,healthy,0,train
data/raw/Digononta/220705111212_28800.jpg,Digononta,healthy,0,train
data/raw/Digononta/250819211006_0.jpg,Digononta,healthy,0,train
data/raw/Digononta/220710214438_42600.jpg,Digononta,healthy,0,train
data/raw/Digononta/220714214255_72600.jpg,Digononta,healthy,0,train
data/raw/Digononta/220716104346_117900.jpg,Digononta,healthy,0,train
data/raw/Digononta/220707221712_36300.jpg,Digononta,healthy,0,train
data/raw/Digononta/220714120033_15000.jpg,Digononta,healthy,0,train
data/raw/Digononta/220625151150_3600.jpg,Digononta,healthy,0,train
data/raw/Digononta/220714194123_54900.jpg,Digononta,healthy,0,train
data/raw/Digononta/220702195412_128400.jpg,Digononta,healthy,0,train
data/raw/Digononta/220714151918_15000.jpg,Digononta,healthy,0,train
data/raw/Digononta/250719193137_10000.jpg,Digononta,healthy,0,train
data/raw/Digononta/220704212204_134100.jpg,Digononta,healthy,0,train
data/raw/Digononta/220702195412_190800.jpg,Digononta,healthy,0,train
data/raw/Digononta/220714151918_196800.jpg,Digononta,healthy,0,train
data/raw/Digononta/220710104356_44100.jpg,Digononta,healthy,0,train
data/raw/Digononta/220715153913_148500_2.jpg,Digononta,healthy,0,train
data/raw/Digononta/220715153913_138600.jpg,Digononta,healthy,0,train
data/raw/Digononta/220626190551_20700_3.jpg,Digononta,healthy,0,train
data/raw/Digononta/220711132531_34200_4.jpg,Digononta,healthy,0,train
data/raw/Digononta/220702195412_19800.jpg,Digononta,healthy,0,train
data/raw/Digononta/220625151150_13500.jpg,Digononta,healthy,0,train
data/raw/Digononta/220707145542_3600.jpg,Digononta,healthy,0,train
data/raw/Digononta/220708152029_170700.jpg,Digononta,healthy,0,train
data/raw/Digononta/220714151918_229200_2.jpg,Digononta,healthy,0,train
data/raw/Digononta/220714120033_6300.jpg,Digononta,healthy,0,train
data/raw/Digononta/220710155007_104400.jpg,Digononta,healthy,0,train
data/raw/Digononta/220706161602_83400_2.jpg,Digononta,healthy,0,train
data/raw/Digononta/220625152853_20100.jpg,Digononta,healthy,0,train
data/raw/Digononta/220711151704_99600_2.jpg,Digononta,healthy,0,train
data/raw/Digononta/220702161601_29100.jpg,Digononta,healthy,0,train
data/raw/Digononta/220625152853_15000.jpg,Digononta,healthy,0,train
data/raw/Digononta/220712104445_75300.jpg,Digononta,healthy,0,train
data/raw/Digononta/221216134643_414.jpg,Digononta,healthy,0,train
data/raw/Digononta/220714223843_59400.jpg,Digononta,healthy,0,train
data/raw/Digononta/220711132531_10500.jpg,Digononta,healthy,0,train
data/raw/Digononta/220708152029_104100.jpg,Digononta,healthy,0,train
data/raw/Digononta/220706161602_160500.jpg,Digononta,healthy,0,train
data/raw/Digononta/220625193430_476100_2.jpg,Digononta,healthy,0,train
data/raw/Digononta/220625152853_57300.jpg,Digononta,healthy,0,train
data/raw/Digononta/220707145542_63300.jpg,Digononta,healthy,0,train
data/raw/Digononta/220715153913_80100.jpg,Digononta,healthy,0,train
data/raw/Digononta/220707103914_105300.jpg,Digononta,healthy,0,train
data/raw/Digononta/220715153913_300300.jpg,Digononta,healthy,0,train
data/raw/Digononta/220706161602_302100.jpg,Digononta,healthy,0,train
data/raw/Digononta/220713075400_3600_2.jpg,Digononta,healthy,0,train
data/raw/Digononta/220716104346_113700.jpg,Digononta,healthy,0,train
data/raw/Digononta/220711151704_182700.jpg,Digononta,healthy,0,train
data/raw/Digononta/220701193719_308400.jpg,Digononta,healthy,0,train
data/raw/Digononta/220626190551_14700_2.jpg,Digononta,healthy,0,train
data/raw/Digononta/220715214149_81600.jpg,Digononta,healthy,0,train
data/raw/Digononta/220701193719_311100.jpg,Digononta,healthy,0,train
data/raw/Digononta/220714214255_47700.jpg,Digononta,healthy,0,train
data/raw/Digononta/220714151918_173100.jpg,Digononta,healthy,0,train
data/raw/Digononta/220704164337_55800.jpg,Digononta,healthy,0,train
data/raw/Digononta/250719163223_9300.jpg,Digononta,healthy,0,train
data/raw/Digononta/220715135748_60600_3.jpg,Digononta,healthy,0,train
data/raw/Digononta/220711151704_135900.jpg,Digononta,healthy,0,train
data/raw/Digononta/220711132531_66300.jpg,Digononta,healthy,0,train
data/raw/Digononta/220715153913_12000.jpg,Digononta,healthy,0,train
data/raw/Digononta/220711151704_220500.jpg,Digononta,healthy,0,train
data/raw/Digononta/220705205512_93000.jpg,Digononta,healthy,0,train
data/raw/Digononta/220714151918_172800.jpg,Digononta,healthy,0,train
data/raw/Digononta/220625151150_11700_3.jpg,Digononta,healthy,0,train
data/raw/Digononta/220701193719_180600.jpg,Digononta,healthy,0,train
data/raw/Digononta/220711151704_208800.jpg,Digononta,healthy,0,train
data/raw/Digononta/220705111212_58800.jpg,Digononta,healthy,0,train
data/raw/Digononta/220712104445_129900.jpg,Digononta,healthy,0,train
data/raw/Digononta/220711132531_48600.jpg,Digononta,healthy,0,train
data/raw/Digononta/220713151019_386400.jpg,Digononta,healthy,0,train
data/raw/Digononta/220715135748_69300_2.jpg,Digononta,healthy,0,train
data/raw/Digononta/250818174224_9100.jpg,Digononta,healthy,0,train
data/raw/Digononta/220714151918_384300_2.jpg,Digononta,healthy,0,train
data/raw/Digononta/220710155007_16800.jpg,Digononta,healthy,0,train
data/raw/Digononta/220704164337_55200.jpg,Digononta,healthy,0,train
data/raw/Digononta/220710214438_33600.jpg,Digononta,healthy,0,train
data/raw/Digononta/220716104346_82800.jpg,Digononta,healthy,0,train
data/raw/Digononta/220625151150_7200.jpg,Digononta,healthy,0,train
data/raw/Digononta/220714151918_72900.jpg,Digononta,healthy,0,train
data/raw/Digononta/220704212204_60300.jpg,Digononta,healthy,0,train
data/raw/Digononta/220710214438_63300.jpg,Digononta,healthy,0,train
data/raw/Digononta/220706212903_115200.jpg,Digononta,healthy,0,train
data/raw/Digononta/220704164337_21300_4.jpg,Digononta,healthy,0,train
data/raw/Digononta/220705205512_318000.jpg,Digononta,healthy,0,train
data/raw/Digononta/220705111212_64500.jpg,Digononta,healthy,0,train
data/raw/Digononta/220625193430_476100.jpg,Digononta,healthy,0,train
data/raw/Digononta/250718191917_25200.jpg,Digononta,healthy,0,train
data/raw/Digononta/220714151918_115800.jpg,Digononta,healthy,0,train
data/raw/Digononta/220713091344_198900_2.jpg,Digononta,healthy,0,train
data/raw/Digononta/220704164337_221400.jpg,Digononta,healthy,0,train
data/raw/Digononta/220706120715_9600.jpg,Digononta,healthy,0,train
data/raw/Digononta/220713151019_363000.jpg,Digononta,healthy,0,train
data/raw/Digononta/250718191917_14500.jpg,Digononta,healthy,0,train
data/raw/Digononta/220711132531_46200.jpg,Digononta,healthy,0,train
data/raw/Digononta/220706212903_118500.jpg,Digononta,healthy,0,train
data/raw/Digononta/220625152853_11400_11.jpg,Digononta,healthy,0,train
data/raw/Digononta/220704164337_24600.jpg,Digononta,healthy,0,train
data/raw/Digononta/220712104445_6300_2.jpg,Digononta,healthy,0,train
data/raw/Digononta/220714151918_205500_2.jpg,Digononta,healthy,0,train
data/raw/Digononta/220714151918_148800_3.jpg,Digononta,healthy,0,train
data/raw/Digononta/220714151918_244200.jpg,Digononta,healthy,0,train
data/raw/Digononta/220714151918_164700.jpg,Digononta,healthy,0,train
data/raw/Digononta/250808151227_7000.jpg,Digononta,healthy,0,train
data/raw/Digononta/220714151918_75000.jpg,Digononta,healthy,0,train
data/raw/Digononta/220715103728_27300.jpg,Digononta,healthy,0,train
data/raw/Digononta/220711151704_204600.jpg,Digononta,healthy,0,train
data/raw/Digononta/220714151918_176700.jpg,Digononta,healthy,0,train
data/raw/Digononta/220714223843_13200.jpg,Digononta,healthy,0,train
data/raw/Digononta/220625193014_0.jpg,Digononta,healthy,0,train
data/raw/Digononta/220711132531_70200.jpg,Digononta,healthy,0,train
data/raw/Digononta/220625152853_11400_8.jpg,Digononta,healthy,0,train
data/raw/Digononta/220705133448_510900.jpg,Digononta,healthy,0,train
data/raw/Digononta/220715153913_147900_2.jpg,Digononta,healthy,0,train
data/raw/Digononta/220705133448_556200.jpg,Digononta,healthy,0,train
data/raw/Digononta/220625152853_14400.jpg,Digononta,healthy,0,train
data/raw/Digononta/220713091344_195300.jpg,Digononta,healthy,0,train
data/raw/Digononta/220704212204_55200.jpg,Digononta,healthy,0,train
data/raw/Digononta/220715135748_66000.jpg,Digononta,healthy,0,train
data/raw/Digononta/220716104346_8100.jpg,Digononta,healthy,0,train
data/raw/Digononta/220715103728_13200.jpg,Digononta,healthy,0,train
data/raw/Digononta/220715153913_180000.jpg,Digononta,healthy,0,train
data/raw/Digononta/220713091344_258300.jpg,Digononta,healthy,0,train
data/raw/Digononta/220704164337_4500.jpg,Digononta,healthy,0,train
data/raw/Digononta/220714213052_12900.jpg,Digononta,healthy,0,train
data/raw/Digononta/220716104346_26100.jpg,Digononta,healthy,0,train
data/raw/Digononta/220714194123_75900.jpg,Digononta,healthy,0,train
data/raw/Digononta/220707103914_115500.jpg,Digononta,healthy,0,train
data/raw/Digononta/220625152853_24900_10.jpg,Digononta,healthy,0,train
data/raw/Digononta/220714223843_65700.jpg,Digononta,healthy,0,train
data/raw/Digononta/220714151918_330600_2.jpg,Digononta,healthy,0,train
data/raw/Digononta/220715214149_36300.jpg,Digononta,healthy,0,train
data/raw/Digononta/220704212204_131700.jpg,Digononta,healthy,0,train
data/raw/Digononta/220714194123_76200.jpg,Digononta,healthy,0,train
data/raw/Digononta/220705205512_80400.jpg,Digononta,healthy,0,train
data/raw/Digononta/250719193137_5800.jpg,Digononta,healthy,0,train
data/raw/Digononta/220706161602_282000_2.jpg,Digononta,healthy,0,train
data/raw/Digononta/220711151704_75900_2.jpg,Digononta,healthy,0,train
data/raw/Digononta/220626190551_14700.jpg,Digononta,healthy,0,train
data/raw/Digononta/220705133448_155700.jpg,Digononta,healthy,0,train
data/raw/Digononta/220704212204_77700.jpg,Digononta,healthy,0,train
data/raw/Digononta/220702195412_116400_2.jpg,Digononta,healthy,0,train
data/raw/Digononta/220716104346_92100.jpg,Digononta,healthy,0,train
data/raw/Digononta/220716104346_88500.jpg,Digononta,healthy,0,train
data/raw/Digononta/220708152029_53100_2.jpg,Digononta,healthy,0,train
data/raw/Digononta/220701144940_142800.jpg,Digononta,healthy,0,train
data/raw/Digononta/220629133851_270000.jpg,Digononta,healthy,0,train
data/raw/Digononta/220713075400_45300.jpg,Digononta,healthy,0,train
data/raw/Digononta/220707145542_372900.jpg,Digononta,healthy,0,train
data/raw/Digononta/220705111212_103500.jpg,Digononta,healthy,0,train
data/raw/Digononta/220710155007_226500.jpg,Digononta,healthy,0,train
data/raw/Digononta/220701144940_27600.jpg,Digononta,healthy,0,train
data/raw/Digononta/220712104445_6300.jpg,Digononta,healthy,0,train
data/raw/Digononta/220706161602_423900.jpg,Digononta,healthy,0,train
data/raw/Digononta/220710214438_221400.jpg,Digononta,healthy,0,train
data/raw/Digononta/220706161602_301200.jpg,Digononta,healthy,0,train
data/raw/Digononta/220706212903_33300.jpg,Digononta,healthy,0,train
data/raw/Digononta/220706161602_254100.jpg,Digononta,healthy,0,train
data/raw/Digononta/250719143853_1000.jpg,Digononta,healthy,0,train
data/raw/Digononta/220705133448_254100.jpg,Digononta,healthy,0,train
data/raw/Digononta/220711132531_51000.jpg,Digononta,healthy,0,train
data/raw/Digononta/220714223843_36300.jpg,Digononta,healthy,0,train
data/raw/Digononta/220714151918_85500_2.jpg,Digononta,healthy,0,train
data/raw/Digononta/220625151150_9900.jpg,Digononta,healthy,0,train
data/raw/Digononta/220704212204_75900.jpg,Digononta,healthy,0,train
data/raw/Digononta/220625152853_11400_7.jpg,Digononta,healthy,0,train
data/raw/Digononta/220706212903_102300.jpg,Digononta,healthy,0,train
data/raw/Digononta/220715153913_95400_2.jpg,Digononta,healthy,0,train
data/raw/Digononta/220714151918_59400.jpg,Digononta,healthy,0,train
data/raw/Digononta/220710214438_111600.jpg,Digononta,healthy,0,train
data/raw/Digononta/220625162327_4500_4.jpg,Digononta,healthy,0,train
data/raw/Digononta/220708152029_185400.jpg,Digononta,healthy,0,train
data/raw/Digononta/220702195412_102600.jpg,Digononta,healthy,0,train
data/raw/Digononta/220714151918_276000.jpg,Digononta,healthy,0,train
data/raw/Digononta/220706161602_104700.jpg,Digononta,healthy,0,train
data/raw/Digononta/220714151918_85500.jpg,Digononta,healthy,0,train
data/raw/Digononta/220919213921_172.jpg,Digononta,healthy,0,train
data/raw/Digononta/220706161602_140700.jpg,Digononta,healthy,0,train
data/raw/Digononta/220625193430_8700.jpg,Digononta,healthy,0,train
data/raw/Digononta/220626190551_14400.jpg,Digononta,healthy,0,train
data/raw/Digononta/220706212903_90300.jpg,Digononta,healthy,0,train
data/raw/Digononta/220625193430_389400.jpg,Digononta,healthy,0,train
data/raw/Digononta/250807155216_20200.jpg,Digononta,healthy,0,train
data/raw/Digononta/220704212204_135300.jpg,Digononta,healthy,0,train
data/raw/Digononta/220625152853_23700.jpg,Digononta,healthy,0,train
data/raw/Digononta/250818211401_4900.jpg,Digononta,healthy,0,train
data/raw/Digononta/220815230100_2400.jpg,Digononta,healthy,0,train
data/raw/Digononta/220714151918_19200_2.jpg,Digononta,healthy,0,train
data/raw/Digononta/220704164337_110100.jpg,Digononta,healthy,0,train
data/raw/Digononta/220702195412_88200.jpg,Digononta,healthy,0,train
data/raw/Digononta/220711132531_42300_2.jpg,Digononta,healthy,0,train
data/raw/Digononta/220702195412_130200_2.jpg,Digononta,healthy,0,train
data/raw/Digononta/220625152853_15000_6.jpg,Digononta,healthy,0,train
data/raw/Digononta/220712211907_77100.jpg,Digononta,healthy,0,train
data/raw/Digononta/220705111212_143100.jpg,Digononta,healthy,0,train
data/raw/Digononta/220705205512_42000.jpg,Digononta,healthy,0,train
data/raw/Digononta/220712154002_71400.jpg,Digononta,healthy,0,train
data/raw/Digononta/220713091344_195300_2.jpg,Digononta,healthy,0,train
data/raw/Digononta/220714151918_363300.jpg,Digononta,healthy,0,train
data/raw/Digononta/220711151704_219000_2.jpg,Digononta,healthy,0,train
data/raw/Digononta/220716104346_35400.jpg,Digononta,healthy,0,train
data/raw/Digononta/250807130843_16600.jpg,Digononta,healthy,0,train
data/raw/Digononta/220714151918_346500_2.jpg,Digononta,healthy,0,train
data/raw/Digononta/220707103914_127800_2.jpg,Digononta,healthy,0,train
data/raw/Digononta/220625152853_900.jpg,Digononta,healthy,0,train
data/raw/Digononta/220706120715_5400.jpg,Digononta,healthy,0,train
data/raw/Digononta/220707221712_222300.jpg,Digononta,healthy,0,train
data/raw/Digononta/220715153913_134100.jpg,Digononta,healthy,0,train
data/raw/Digononta/220626190551_43500.jpg,Digononta,healthy,0,train
data/raw/Digononta/220711132531_21300.jpg,Digononta,healthy,0,train
data/raw/Digononta/220705205512_88200.jpg,Digononta,healthy,0,train
data/raw/Digononta/220707221712_28200.jpg,Digononta,healthy,0,train
data/raw/Digononta/250719183759_8400.jpg,Digononta,healthy,0,train
data/raw/Digononta/220713151019_103200.jpg,Digononta,healthy,0,train
data/raw/Digononta/220715153913_69000.jpg,Digononta,healthy,0,train
data/raw/Digononta/220714151918_263700.jpg,Digononta,healthy,0,train
data/raw/Digononta/220707103914_72600.jpg,Digononta,healthy,0,train
data/raw/Digononta/220705205512_163500.jpg,Digononta,healthy,0,train
data/raw/Digononta/220708152029_95700.jpg,Digononta,healthy,0,train
data/raw/Digononta/220707103914_261000.jpg,Digononta,healthy,0,train
data/raw/Digononta/220710155007_154200_2.jpg,Digononta,healthy,0,train
data/raw/Digononta/220712104445_101400.jpg,Digononta,healthy,0,train
data/raw/Digononta/220714151918_406200.jpg,Digononta,healthy,0,train
data/raw/Digononta/220704164337_51900.jpg,Digononta,healthy,0,train
data/raw/Digononta/220712162334_229800.jpg,Digononta,healthy,0,train
data/raw/Digononta/220624160824_24600_3.jpg,Digononta,healthy,0,train
data/raw/Digononta/220714223843_44700.jpg,Digononta,healthy,0,train
data/raw/Digononta/220716104346_70800.jpg,Digononta,healthy,0,train
data/raw/Digononta/220715153913_275700_2.jpg,Digononta,healthy,0,train
data/raw/Digononta/220706161602_176100.jpg,Digononta,healthy,0,train
data/raw/Digononta/220714151918_285900.jpg,Digononta,healthy,0,train
data/raw/Digononta/220706161602_164100_2.jpg,Digononta,healthy,0,train
data/raw/Digononta/220711151704_221100.jpg,Digononta,healthy,0,train
data/raw/Digononta/220714151918_277500.jpg,Digononta,healthy,0,train
data/raw/Digononta/220707103914_107700_2.jpg,Digononta,healthy,0,train
data/raw/Digononta/220710155007_343500.jpg,Digononta,healthy,0,train
data/raw/Digononta/220714214255_42300.jpg,Digononta,healthy,0,train
data/raw/Digononta/220711151704_207300.jpg,Digononta,healthy,0,train
data/raw/Digononta/220714223843_43200.jpg,Digononta,healthy,0,train
data/raw/Digononta/220705111212_88500.jpg,Digononta,healthy,0,train
data/raw/Digononta/220714151918_240600.jpg,Digononta,healthy,0,train
data/raw/Digononta/220702195412_129300.jpg,Digononta,healthy,0,train
data/raw/Digononta/220715153913_95400.jpg,Digononta,healthy,0,train
data/raw/Digononta/220704164337_115800.jpg,Digononta,healthy,0,train
data/raw/Digononta/220704164337_113700.jpg,Digononta,healthy,0,train
data/raw/Digononta/220705133448_491100.jpg,Digononta,healthy,0,train
data/raw/Digononta/220624154723_13800.jpg,Digononta,healthy,0,train
data/raw/Digononta/220702164102_58200.jpg,Digononta,healthy,0,train
data/raw/Digononta/220716104346_64800_2.jpg,Digononta,healthy,0,train
data/raw/Digononta/220701144940_131400.jpg,Digononta,healthy,0,train
data/raw/Digononta/220714151918_132300.jpg,Digononta,healthy,0,train
data/raw/Digononta/220705205512_425100.jpg,Digononta,healthy,0,train
data/raw/Digononta/220701193719_15300.jpg,Digononta,healthy,0,train
data/raw/Digononta/220706212903_126900.jpg,Digononta,healthy,0,train
data/raw/Digononta/220626190551_20700_4.jpg,Digononta,healthy,0,train
data/raw/Digononta/250719190317_3200.jpg,Digononta,healthy,0,train
data/raw/Digononta/220713151019_207900_2.jpg,Digononta,healthy,0,train
data/raw/Digononta/220713151019_223800.jpg,Digononta,healthy,0,train
data/raw/Digononta/220701193719_14400.jpg,Digononta,healthy,0,train
data/raw/Digononta/220710155007_344700.jpg,Digononta,healthy,0,train
data/raw/Digononta/220714151918_135000.jpg,Digononta,healthy,0,train
data/raw/Digononta/220625151150_6900.jpg,Digononta,healthy,0,train
data/raw/Digononta/220704212204_42300.jpg,Digononta,healthy,0,train
data/raw/Digononta/250818185500_6300.jpg,Digononta,healthy,0,train
data/raw/Digononta/220710155007_24000.jpg,Digononta,healthy,0,train
data/raw/Digononta/250822161857_2300.jpg,Digononta,healthy,0,train
data/raw/Digononta/220706161602_350700.jpg,Digononta,healthy,0,train
data/raw/Digononta/220705205512_420600.jpg,Digononta,healthy,0,train
data/raw/Digononta/220625152853_50400.jpg,Digononta,healthy,0,train
data/raw/Digononta/220625193430_474600.jpg,Digononta,healthy,0,train
data/raw/Digononta/220704164337_170400_4.jpg,Digononta,healthy,0,train
data/raw/Digononta/250819214729_2000.jpg,Digononta,healthy,0,train
data/raw/Digononta/220715153913_66300_3.jpg,Digononta,healthy,0,train
data/raw/Digononta/220715153913_171300.jpg,Digononta,healthy,0,train
data/raw/Digononta/220701193719_27900.jpg,Digononta,healthy,0,train
data/raw/Digononta/250818185500_4900.jpg,Digononta,healthy,0,train
data/raw/Digononta/220704164337_33300.jpg,Digononta,healthy,0,train
data/raw/Digononta/220713151019_385800.jpg,Digononta,healthy,0,train
data/raw/Digononta/220714151918_156600.jpg,Digononta,healthy,0,train
data/raw/Digononta/220704164337_168600.jpg,Digononta,healthy,0,train
data/raw/Digononta/220701144940_95400.jpg,Digononta,healthy,0,train
data/raw/Digononta/220702195412_165900.jpg,Digononta,healthy,0,train
data/raw/Digononta/220704212204_2400.jpg,Digononta,healthy,0,train
data/raw/Digononta/220715135748_60900.jpg,Digononta,healthy,0,train
data/raw/Digononta/220626190551_16800.jpg,Digononta,healthy,0,train
data/raw/Digononta/220715135748_60900_2.jpg,Digononta,healthy,0,test
data/raw/Digononta/220704164337_45000_2.jpg,Digononta,healthy,0,test
data/raw/Digononta/220706161602_285300_2.jpg,Digononta,healthy,0,test
data/raw/Digononta/220625152853_6900.jpg,Digononta,healthy,0,test
data/raw/Digononta/220710214438_36000.jpg,Digononta,healthy,0,test
data/raw/Digononta/220708152029_46500_2.jpg,Digononta,healthy,0,test
data/raw/Digononta/220701144940_255300.jpg,Digononta,healthy,0,test
data/raw/Digononta/220707221712_28500.jpg,Digononta,healthy,0,test
data/raw/Digononta/250818200100_5800.jpg,Digononta,healthy,0,test
data/raw/Digononta/220701193719_22800.jpg,Digononta,healthy,0,test
data/raw/Digononta/220711151704_105300.jpg,Digononta,healthy,0,test
data/raw/Digononta/220706161602_28500.jpg,Digononta,healthy,0,test
data/raw/Digononta/250818160058_3700.jpg,Digononta,healthy,0,test
data/raw/Digononta/220714223843_25500.jpg,Digononta,healthy,0,test
data/raw/Digononta/220711151704_334500.jpg,Digononta,healthy,0,test
data/raw/Digononta/220710214438_21300.jpg,Digononta,healthy,0,test
data/raw/Digononta/220711132531_42600_2.jpg,Digononta,healthy,0,test
data/raw/Digononta/220704164337_46200.jpg,Digononta,healthy,0,test
data/raw/Digononta/220707103914_41400.jpg,Digononta,healthy,0,test
data/raw/Digononta/220705205512_258000.jpg,Digononta,healthy,0,test
data/raw/Digononta/220701142004_1500.jpg,Digononta,healthy,0,test
data/raw/Digononta/220711151704_65700.jpg,Digononta,healthy,0,test
data/raw/Digononta/220712154002_67500.jpg,Digononta,healthy,0,test
data/raw/Digononta/220702195412_184500.jpg,Digononta,healthy,0,test
data/raw/Digononta/220712104445_52800.jpg,Digononta,healthy,0,test
data/raw/Digononta/220707103914_84900.jpg,Digononta,healthy,0,test
data/raw/Digononta/220715214149_35400.jpg,Digononta,healthy,0,test
data/raw/Digononta/220706212903_96900.jpg,Digononta,healthy,0,test
data/raw/Digononta/220714214255_47400.jpg,Digononta,healthy,0,test
data/raw/Digononta/220713075400_3000_5.jpg,Digononta,healthy,0,test
data/raw/Digononta/220713091344_238800_2.jpg,Digononta,healthy,0,test
data/raw/Digononta/220716104346_57900.jpg,Digononta,healthy,0,test
data/raw/Digononta/220705133448_495300.jpg,Digononta,healthy,0,test
data/raw/Digononta/220707145542_345000_2.jpg,Digononta,healthy,0,test
data/raw/Digononta/220715214149_81300.jpg,Digononta,healthy,0,test
data/raw/Digononta/250719150530_5500.jpg,Digononta,healthy,0,test
data/raw/Digononta/220625152853_24900_5.jpg,Digononta,healthy,0,test
data/raw/Digononta/220713075400_15900_2.jpg,Digononta,healthy,0,test
data/raw/Digononta/220715135748_71100_2.jpg,Digononta,healthy,0,test
data/raw/Digononta/220710123359_18300.jpg,Digononta,healthy,0,test
data/raw/Digononta/220705205512_454800.jpg,Digononta,healthy,0,test
data/raw/Digononta/220714151918_362700.jpg,Digononta,healthy,0,test
data/raw/Digononta/220625151150_14700_2.jpg,Digononta,healthy,0,test
data/raw/Digononta/220711132531_40500.jpg,Digononta,healthy,0,test
data/raw/Digononta/220713091344_63900_2.jpg,Digononta,healthy,0,test
data/raw/Digononta/220704194006_14400.jpg,Digononta,healthy,0,test
data/raw/Digononta/220714151918_87600.jpg,Digononta,healthy,0,test
data/raw/Digononta/220702195412_21000.jpg,Digononta,healthy,0,test
data/raw/Digononta/220815230100_3900.jpg,Digononta,healthy,0,test
data/raw/Digononta/220713075400_3300_4.jpg,Digononta,healthy,0,test
data/raw/Digononta/220715153913_147900.jpg,Digononta,healthy,0,test
data/raw/Digononta/220713075400_45000.jpg,Digononta,healthy,0,test
data/raw/Digononta/220708152029_11400.jpg,Digononta,healthy,0,test
data/raw/Digononta/220715153913_346200_2.jpg,Digononta,healthy,0,test
data/raw/Digononta/220705133448_499200.jpg,Digononta,healthy,0,test
data/raw/Digononta/220710155007_186600.jpg,Digononta,healthy,0,test
data/raw/Digononta/220713151019_105000.jpg,Digononta,healthy,0,test
data/raw/Digononta/220711132531_50700.jpg,Digononta,healthy,0,test
data/raw/Digononta/220715214149_18300.jpg,Digononta,healthy,0,test
data/raw/Digononta/220716104346_45600.jpg,Digononta,healthy,0,test
data/raw/Digononta/220702195412_192000.jpg,Digononta,healthy,0,test
data/raw/Digononta/220706161602_12000.jpg,Digononta,healthy,0,test
data/raw/Digononta/250718184126_19800.jpg,Digononta,healthy,0,test
data/raw/Digononta/220625151150_9300.jpg,Digononta,healthy,0,test
data/raw/Digononta/220707145542_8100.jpg,Digononta,healthy,0,test
data/raw/Digononta/220710155007_4200.jpg,Digononta,healthy,0,test
data/raw/Digononta/220715153913_156300.jpg,Digononta,healthy,0,test
data/raw/Digononta/220704164337_11400_2.jpg,Digononta,healthy,0,test
data/raw/Digononta/220711132531_35400.jpg,Digononta,healthy,0,test
data/raw/Digononta/220701144940_255600.jpg,Digononta,healthy,0,test
data/raw/Digononta/220701193719_81300.jpg,Digononta,healthy,0,test
data/raw/Digononta/220716104346_13200.jpg,Digononta,healthy,0,test
data/raw/Digononta/220710214438_95100_2.jpg,Digononta,healthy,0,test
data/raw/Digononta/220710123359_8700.jpg,Digononta,healthy,0,test
data/raw/Digononta/220711151704_210300.jpg,Digononta,healthy,0,test
data/raw/Digononta/220702195412_43200.jpg,Digononta,healthy,0,test
data/raw/Digononta/220710155007_112200_2.jpg,Digononta,healthy,0,test
data/raw/Digononta/220710214438_58800.jpg,Digononta,healthy,0,test
data/raw/Digononta/220715214149_83400.jpg,Digononta,healthy,0,test
data/raw/Digononta/220706212903_88500_2.jpg,Digononta,healthy,0,test
data/raw/Digononta/220701144940_133800.jpg,Digononta,healthy,0,test
data/raw/Digononta/220715153913_148200.jpg,Digononta,healthy,0,test
data/raw/Digononta/220710155007_295800.jpg,Digononta,healthy,0,test
data/raw/Digononta/220701193719_308400_2.jpg,Digononta,healthy,0,test
data/raw/Digononta/220715103728_2700.jpg,Digononta,healthy,0,test
data/raw/Digononta/220714194123_66600.jpg,Digononta,healthy,0,test
data/raw/Digononta/220704212204_57600.jpg,Digononta,healthy,0,test
data/raw/Digononta/220712104445_42600.jpg,Digononta,healthy,0,test
data/raw/Digononta/220714151918_149100_2.jpg,Digononta,healthy,0,test
data/raw/Digononta/220714151918_148800_2.jpg,Digononta,healthy,0,test
data/raw/Digononta/220710214438_59100.jpg,Digononta,healthy,0,test
data/raw/Digononta/220626154616_72000_3.jpg,Digononta,healthy,0,test
data/raw/Digononta/220713091344_291600.jpg,Digononta,healthy,0,test
data/raw/Digononta/220704212204_130200.jpg,Digononta,healthy,0,test
data/raw/Digononta/220625151150_7500_5.jpg,Digononta,healthy,0,test
data/raw/Digononta/220716104346_72300_2.jpg,Digononta,healthy,0,test
data/raw/Digononta/220711132531_66300_3.jpg,Digononta,healthy,0,test
data/raw/Digononta/220711151704_350400.jpg,Digononta,healthy,0,test
data/raw/Digononta/220701193719_180000.jpg,Digononta,healthy,0,test
data/raw/Digononta/220707145542_118800.jpg,Digononta,healthy,0,test
data/raw/Digononta/220715103728_16500.jpg,Digononta,healthy,0,test
data/raw/Digononta/220625152853_18000_3.jpg,Digononta,healthy,0,test
data/raw/Digononta/220714194123_66000_2.jpg,Digononta,healthy,0,test
data/raw/Digononta/220710214438_94800.jpg,Digononta,healthy,0,test
data/raw/Digononta/220705133448_407700_2.jpg,Digononta,healthy,0,test
data/raw/Digononta/220706161602_168000.jpg,Digononta,healthy,0,test
data/raw/Digononta/221219123632_308.jpg,Digononta,healthy,0,test
data/raw/Digononta/220711151704_46500.jpg,Digononta,healthy,0,test
data/raw/Digononta/220713075400_44100.jpg,Digononta,healthy,0,test
data/raw/Digononta/220714151918_19500.jpg,Digononta,healthy,0,test
data/raw/Digononta/220711151704_103500.jpg,Digononta,healthy,0,test
data/raw/Digononta/220625152853_31800.jpg,Digononta,healthy,0,test
data/raw/Digononta/220712162334_241500_2.jpg,Digononta,healthy,0,test
data/raw/Digononta/220711151704_327000.jpg,Digononta,healthy,0,test
data/raw/Digononta/220711210818_30900.jpg,Digononta,healthy,0,test
data/raw/Digononta/220701193719_86100_2.jpg,Digononta,healthy,0,test
data/raw/Digononta/220705111212_46200_2.jpg,Digononta,healthy,0,test
data/raw/Digononta/220625151150_14700.jpg,Digononta,healthy,0,test
data/raw/Digononta/250818192836_6800.jpg,Digononta,healthy,0,test
data/raw/Digononta/220711151704_77100.jpg,Digononta,healthy,0,test
data/raw/Digononta/220710155007_90600.jpg,Digononta,healthy,0,test
data/raw/Digononta/220715153913_96300_2.jpg,Digononta,healthy,0,test
data/raw/Digononta/220705111212_84300.jpg,Digononta,healthy,0,test
data/raw/Digononta/220707145542_204600.jpg,Digononta,healthy,0,test
data/raw/Digononta/220702161601_23100.jpg,Digononta,healthy,0,test
data/raw/Digononta/220701193719_86400_2.jpg,Digononta,healthy,0,test
data/raw/Digononta/220704212204_131400_2.jpg,Digononta,healthy,0,test
data/raw/Digononta/220702195412_65400.jpg,Digononta,healthy,0,test
data/raw/Digononta/220711151704_389700.jpg,Digononta,healthy,0,test
data/raw/Digononta/220626190551_14400_2.jpg,Digononta,healthy,0,test
data/raw/Digononta/220714151918_87600_2.jpg,Digononta,healthy,0,test
data/raw/Digononta/220714151918_7500.jpg,Digononta,healthy,0,test
data/raw/Digononta/220713091344_252300.jpg,Digononta,healthy,0,test
data/raw/Digononta/250807142725_17500.jpg,Digononta,healthy,0,test
data/raw/Digononta/220710155007_8100.jpg,Digononta,healthy,0,test
data/raw/Digononta/220702195412_79500.jpg,Digononta,healthy,0,test
data/raw/Digononta/220705111212_2100.jpg,Digononta,healthy,0,test
data/raw/Digononta/220713075400_33600.jpg,Digononta,healthy,0,test
data/raw/Digononta/220715153913_136800.jpg,Digononta,healthy,0,test
data/raw/Digononta/220704212204_39600.jpg,Digononta,healthy,0,test
data/raw/Digononta/220705205512_273600_2.jpg,Digononta,healthy,0,test
data/raw/Digononta/220702195412_159900.jpg,Digononta,healthy,0,test
data/raw/Digononta/220710214438_13500.jpg,Digononta,healthy,0,test
data/raw/Digononta/220625152853_19200.jpg,Digononta,healthy,0,test
data/raw/Digononta/220625152853_23700_2.jpg,Digononta,healthy,0,test
data/raw/Digononta/250818192836_21600.jpg,Digononta,healthy,0,test
data/raw/Digononta/220710123359_20100.jpg,Digononta,healthy,0,test
data/raw/Digononta/220625193430_297600.jpg,Digononta,healthy,0,test
data/raw/Digononta/220706161602_24600.jpg,Digononta,healthy,0,test
data/raw/Digononta/220701144940_381900.jpg,Digononta,healthy,0,test
data/raw/Digononta/220706212903_102000.jpg,Digononta,healthy,0,test
data/raw/Digononta/220706161602_12900.jpg,Digononta,healthy,0,test
data/raw/Digononta/250718132208_24500.jpg,Digononta,healthy,0,test
data/raw/Digononta/221219103325_123.jpg,Digononta,healthy,0,test
data/raw/Digononta/220711151704_210600.jpg,Digononta,healthy,0,test
data/raw/Digononta/220704164337_44700_3.jpg,Digononta,healthy,0,test
data/raw/Digononta/220715153913_81900.jpg,Digononta,healthy,0,test
data/raw/Digononta/220715153913_359100.jpg,Digononta,healthy,0,test
data/raw/Digononta/220704164337_41400_2.jpg,Digononta,healthy,0,test
data/raw/Digononta/220625152853_15000_3.jpg,Digononta,healthy,0,test
data/raw/Digononta/220716104346_63600.jpg,Digononta,healthy,0,test
data/raw/Digononta/220714151918_382800.jpg,Digononta,healthy,0,test
data/raw/Digononta/220715135748_71100.jpg,Digononta,healthy,0,test
data/raw/Digononta/220710155007_204300.jpg,Digononta,healthy,0,test
data/raw/Digononta/220714194123_167400_2.jpg,Digononta,healthy,0,test
data/raw/Digononta/220714151918_358500.jpg,Digononta,healthy,0,test
data/raw/Digononta/220706161602_83400.jpg,Digononta,healthy,0,test
data/raw/Digononta/220705133448_438000.jpg,Digononta,healthy,0,test
data/raw/Digononta/220927150708_95.jpg,Digononta,healthy,0,test
data/raw/Digononta/220705205512_86100_2.jpg,Digononta,healthy,0,test
data/raw/Digononta/220714151918_269700.jpg,Digononta,healthy,0,test
data/raw/Digononta/220704212204_56700_2.jpg,Digononta,healthy,0,test
data/raw/Digononta/220702195412_73800.jpg,Digononta,healthy,0,test
data/raw/Digononta/220715103728_13200_2.jpg,Digononta,healthy,0,test
data/raw/Digononta/220629133851_27600_2.jpg,Digononta,healthy,0,test
data/raw/Digononta/220705111212_64200_2.jpg,Digononta,healthy,0,test
data/raw/Digononta/220708152029_131100.jpg,Digononta,healthy,0,test
data/raw/Digononta/220715153913_2100.jpg,Digononta,healthy,0,test
data/raw/Digononta/220711132531_35100.jpg,Digononta,healthy,0,test
data/raw/Digononta/220711210818_114300.jpg,Digononta,healthy,0,test
data/raw/Digononta/220625152853_23700_11.jpg,Digononta,healthy,0,test
data/raw/Digononta/220705111212_11100_2.jpg,Digononta,healthy,0,test
data/raw/Digononta/220706212903_118500_2.jpg,Digononta,healthy,0,test
data/raw/Digononta/220713075400_20100.jpg,Digononta,healthy,0,test
data/raw/Digononta/220706212903_175500.jpg,Digononta,healthy,0,test
data/raw/Digononta/220629133851_70200.jpg,Digononta,healthy,0,test
data/raw/Digononta/220704212204_33900.jpg,Digononta,healthy,0,test
data/raw/Digononta/220625152853_33000.jpg,Digononta,healthy,0,test
data/raw/Digononta/220708152029_10200.jpg,Digononta,healthy,0,test
data/raw/Digononta/220708152029_185700.jpg,Digononta,healthy,0,test
data/raw/Digononta/220708152029_46800.jpg,Digononta,healthy,0,test
data/raw/Digononta/220702195412_174900_2.jpg,Digononta,healthy,0,test
data/raw/Digononta/220706161602_281700.jpg,Digononta,healthy,0,test
data/raw/Digononta/220920090529_259.jpg,Digononta,healthy,0,test
data/raw/Digononta/220625151150_14100_2.jpg,Digononta,healthy,0,test
data/raw/Digononta/220704212204_78900.jpg,Digononta,healthy,0,test
data/raw/Digononta/220715103728_4500_3.jpg,Digononta,healthy,0,test
data/raw/Digononta/220625152853_57300_3.jpg,Digononta,healthy,0,test
data/raw/Digononta/220701193719_183300.jpg,Digononta,healthy,0,test
data/raw/Digononta/220716104346_103200.jpg,Digononta,healthy,0,test
data/raw/Digononta/220711132531_43800.jpg,Digononta,healthy,0,test
data/raw/Digononta/220701144940_142500.jpg,Digononta,healthy,0,test
data/raw/Digononta/250718142531_18000.jpg,Digononta,healthy,0,test
data/raw/Digononta/220704164337_12300.jpg,Digononta,healthy,0,test
data/raw/Digononta/220714194123_65400.jpg,Digononta,healthy,0,test
data/raw/Digononta/220701193719_12900.jpg,Digononta,healthy,0,test
data/raw/Digononta/220712104445_130200.jpg,Digononta,healthy,0,test
data/raw/Digononta/220704212204_129000.jpg,Digononta,healthy,0,test
data/raw/Digononta/220714120033_9600.jpg,Digononta,healthy,0,test
data/raw/Digononta/220715153913_10500_2.jpg,Digononta,healthy,0,test
data/raw/Digononta/220714151918_171300.jpg,Digononta,healthy,0,test
data/raw/Digononta/220702195412_10500.jpg,Digononta,healthy,0,test
data/raw/Digononta/250719181210_12100.jpg,Digononta,healthy,0,test
data/raw/Digononta/220702195412_158400_2.jpg,Digononta,healthy,0,test
data/raw/Digononta/220710214438_223800.jpg,Digononta,healthy,0,test
data/raw/Digononta/220706161602_285000.jpg,Digononta,healthy,0,test
data/raw/Digononta/220715153913_66600.jpg,Digononta,healthy,0,test
data/raw/Digononta/220625162327_5100.jpg,Digononta,healthy,0,test
data/raw/Digononta/220708152029_54300.jpg,Digononta,healthy,0,test
data/raw/Digononta/220713075400_32400_3.jpg,Digononta,healthy,0,test
data/raw/Digononta/220715153913_226500.jpg,Digononta,healthy,0,test
data/raw/Digononta/220712154002_33000.jpg,Digononta,healthy,0,test
data/raw/Digononta/220710104356_600.jpg,Digononta,healthy,0,test
data/raw/Digononta/220711132531_48300_2.jpg,Digononta,healthy,0,test
data/raw/Digononta/220710155007_154500.jpg,Digononta,healthy,0,test
data/raw/Digononta/220705111212_181500.jpg,Digononta,healthy,0,test
data/raw/Digononta/220716104346_46200_2.jpg,Digononta,healthy,0,test
data/raw/Digononta/220706212903_84000.jpg,Digononta,healthy,0,test
data/raw/Digononta/220714223843_39600.jpg,Digononta,healthy,0,test
data/raw/Digononta/220711210818_131400.jpg,Digononta,healthy,0,test
data/raw/Digononta/220614142009_300_2.jpg,Digononta,healthy,0,test
data/raw/Digononta/220713151019_103800_3.jpg,Digononta,healthy,0,test
data/raw/Digononta/220625152853_61500.jpg,Digononta,healthy,0,test
data/raw/Digononta/220714194123_167700.jpg,Digononta,healthy,0,test
data/raw/Digononta/220701193719_207000.jpg,Digononta,healthy,0,test
data/raw/Digononta/220714151918_219000.jpg,Digononta,healthy,0,test
data/raw/Digononta/220715153913_260400.jpg,Digononta,healthy,0,test
data/raw/Digononta/220713091344_243300.jpg,Digononta,healthy,0,test
data/raw/Digononta/220625151150_7500_2.jpg,Digononta,healthy,0,test
data/raw/Digononta/220712104445_40800.jpg,Digononta,healthy,0,test
data/raw/Monogononta/220921151620_387.jpg,Monogononta,healthy,0,train
data/raw/Monogononta/220714194123_50400.jpg,Monogononta,healthy,0,train
data/raw/Monogononta/220923102431_327.jpg,Monogononta,healthy,0,train
data/raw/Monogononta/220920090529_411.jpg,Monogononta,healthy,0,train
data/raw/Monogononta/220704164337_43800.jpg,Monogononta,healthy,0,train
data/raw/Monogononta/220705111212_155700.jpg,Monogononta,healthy,0,train
data/raw/Monogononta/220715153913_348300.jpg,Monogononta,healthy,0,train
data/raw/Monogononta/220715153913_117000.jpg,Monogononta,healthy,0,train
data/raw/Monogononta/220714151918_167700.jpg,Monogononta,healthy,0,train
data/raw/Monogononta/220714151918_264000.jpg,Monogononta,healthy,0,train
data/raw/Monogononta/220714151918_178200.jpg,Monogononta,healthy,0,train
data/raw/Monogononta/220716104346_56100.jpg,Monogononta,healthy,0,train
data/raw/Monogononta/220707103914_12900.jpg,Monogononta,healthy,0,train
data/raw/Monogononta/220713151019_228900.jpg,Monogononta,healthy,0,train
data/raw/Monogononta/220923151606_456.jpg,Monogononta,healthy,0,train
data/raw/Monogononta/250818160058_16800.jpg,Monogononta,healthy,0,train
data/raw/Monogononta/220714194123_5700.jpg,Monogononta,healthy,0,train
data/raw/Monogononta/220714223843_3900.jpg,Monogononta,healthy,0,train
data/raw/Monogononta/220712162334_30000.jpg,Monogononta,healthy,0,train
data/raw/Monogononta/220713151019_365400.jpg,Monogononta,healthy,0,train
data/raw/Monogononta/220707145542_159900.jpg,Monogononta,healthy,0,train
data/raw/Monogononta/220712154002_29100_2.jpg,Monogononta,healthy,0,train
data/raw/Monogononta/220706161602_20400.jpg,Monogononta,healthy,0,train
data/raw/Monogononta/220707103914_54600.jpg,Monogononta,healthy,0,train
data/raw/Monogononta/220705111212_156900.jpg,Monogononta,healthy,0,train
data/raw/Monogononta/220707103914_279900.jpg,Monogononta,healthy,0,train
data/raw/Monogononta/220706161602_22500.jpg,Monogononta,healthy,0,train
data/raw/Monogononta/220714214255_46500.jpg,Monogononta,healthy,0,train
data/raw/Monogononta/220713091344_282600.jpg,Monogononta,healthy,0,train
data/raw/Monogononta/220714223843_45000.jpg,Monogononta,healthy,0,train
data/raw/Monogononta/220714151918_242100.jpg,Monogononta,healthy,0,train
data/raw/Monogononta/220922132105_402.jpg,Monogononta,healthy,0,train
data/raw/Monogononta/220711210818_73500.jpg,Monogononta,healthy,0,train
data/raw/Monogononta/220704164337_11400.jpg,Monogononta,healthy,0,train
data/raw/Monogononta/220701193719_79500.jpg,Monogononta,healthy,0,train
data/raw/Monogononta/220705133448_501000.jpg,Monogononta,healthy,0,train
data/raw/Monogononta/220919192752_88.jpg,Monogononta,healthy,0,train
data/raw/Monogononta/220714223843_30000.jpg,Monogononta,healthy,0,train
data/raw/Monogononta/220711151704_88500.jpg,Monogononta,healthy,0,train
data/raw/Monogononta/220714151918_44400.jpg,Monogononta,healthy,0,train
data/raw/Monogononta/220707145542_28800.jpg,Monogononta,healthy,0,train
data/raw/Monogononta/220705111212_186900.jpg,Monogononta,healthy,0,train
data/raw/Monogononta/250719160003_13400.jpg,Monogononta,healthy,0,train
data/raw/Monogononta/220706161602_87300.jpg,Monogononta,healthy,0,train
data/raw/Monogononta/220707221019_4500.jpg,Monogononta,healthy,0,train
data/raw/Monogononta/220711151704_350100.jpg,Monogononta,healthy,0,train
data/raw/Monogononta/220706161602_62400.jpg,Monogononta,healthy,0,train
data/raw/Monogononta/220715153913_27900.jpg,Monogononta,healthy,0,train
data/raw/Monogononta/220710123359_16800.jpg,Monogononta,healthy,0,train
data/raw/Monogononta/220715153913_348000.jpg,Monogononta,healthy,0,train
data/raw/Monogononta/220922132105_401.jpg,Monogononta,healthy,0,train
data/raw/Monogononta/220921194258_16.jpg,Monogononta,healthy,0,train
data/raw/Monogononta/220715153913_316200.jpg,Monogononta,healthy,0,train
data/raw/Monogononta/220919143242_73_2.jpg,Monogononta,healthy,0,train
data/raw/Monogononta/250818192836_19300.jpg,Monogononta,healthy,0,train
data/raw/Monogononta/220711210818_107700.jpg,Monogononta,healthy,0,train
data/raw/Monogononta/250808151227_6700.jpg,Monogononta,healthy,0,train
data/raw/Monogononta/220710155007_173100.jpg,Monogononta,healthy,0,train
data/raw/Monogononta/220713091344_259500.jpg,Monogononta,healthy,0,train
data/raw/Monogononta/220715153913_342900.jpg,Monogononta,healthy,0,train
data/raw/Monogononta/220924190628_197.jpg,Monogononta,healthy,0,train
data/raw/Monogononta/220926103306_156.jpg,Monogononta,healthy,0,train
data/raw/Monogononta/250819192054_5400.jpg,Monogononta,healthy,0,train
data/raw/Monogononta/220714151918_295500.jpg,Monogononta,healthy,0,train
data/raw/Monogononta/220710214438_109500.jpg,Monogononta,healthy,0,train
data/raw/Monogononta/220714151918_65700.jpg,Monogononta,healthy,0,train
data/raw/Monogononta/250717151549_19500.jpg,Monogononta,healthy,0,train
data/raw/Monogononta/220706161602_255000.jpg,Monogononta,healthy,0,train
data/raw/Monogononta/220714151918_45300.jpg,Monogononta,healthy,0,train
data/raw/Monogononta/220716104346_43200.jpg,Monogononta,healthy,0,train
data/raw/Monogononta/220706161602_22200.jpg,Monogononta,healthy,0,train
data/raw/Monogononta/220920143151_93.jpg,Monogononta,healthy,0,train
data/raw/Monogononta/220710155007_90300_2.jpg,Monogononta,healthy,0,train
data/raw/Monogononta/220715153913_138000.jpg,Monogononta,healthy,0,train
data/raw/Monogononta/220920141408_7.jpg,Monogononta,healthy,0,train
data/raw/Monogononta/250818192836_5900.jpg,Monogononta,healthy,0,train
data/raw/Monogononta/220713151019_209700.jpg,Monogononta,healthy,0,train
data/raw/Monogononta/220919134357_18.jpg,Monogononta,healthy,0,train
data/raw/Monogononta/220923151606_356.jpg,Monogononta,healthy,0,train
data/raw/Monogononta/220715153913_290700.jpg,Monogononta,healthy,0,train
data/raw/Monogononta/220921151620_504.jpg,Monogononta,healthy,0,train
data/raw/Monogononta/220714151918_207600.jpg,Monogononta,healthy,0,train
data/raw/Monogononta/220707145542_147600.jpg,Monogononta,healthy,0,train
data/raw/Monogononta/220707145542_102600.jpg,Monogononta,healthy,0,train
data/raw/Monogononta/220922132105_369.jpg,Monogononta,healthy,0,train
data/raw/Monogononta/220710155007_54900.jpg,Monogononta,healthy,0,train
data/raw/Monogononta/220702195412_21000.jpg,Monogononta,healthy,0,train
data/raw/Monogononta/220707103914_111900.jpg,Monogononta,healthy,0,train
data/raw/Monogononta/220710214438_44700.jpg,Monogononta,healthy,0,train
data/raw/Monogononta/220716104346_79200.jpg,Monogononta,healthy,0,train
data/raw/Monogononta/220922191618_47.jpg,Monogononta,healthy,0,train
data/raw/Monogononta/220715153913_8700.jpg,Monogononta,healthy,0,train
data/raw/Monogononta/220714151918_63600.jpg,Monogononta,healthy,0,train
data/raw/Monogononta/220707103914_8100.jpg,Monogononta,healthy,0,train
data/raw/Monogononta/220924190628_252.jpg,Monogononta,healthy,0,train
data/raw/Monogononta/250819195743_23100.jpg,Monogononta,healthy,0,train
data/raw/Monogononta/220711151704_92100.jpg,Monogononta,healthy,0,train
data/raw/Monogononta/220706212903_427500.jpg,Monogononta,healthy,0,train
data/raw/Monogononta/220704212204_136800.jpg,Monogononta,healthy,0,train
data/raw/Monogononta/220710214438_248100.jpg,Monogononta,healthy,0,train
data/raw/Monogononta/220714151918_107700.jpg,Monogononta,healthy,0,train
data/raw/Monogononta/220715153913_333900.jpg,Monogononta,healthy,0,train
data/raw/Monogononta/220919134357_9.jpg,Monogononta,healthy,0,train
data/raw/Monogononta/220712211907_38400.jpg,Monogononta,healthy,0,train
data/raw/Monogononta/220714151918_167400.jpg,Monogononta,healthy,0,train
data/raw/Monogononta/220711132531_38700.jpg,Monogononta,healthy,0,train
data/raw/Monogononta/220923102431_125.jpg,Monogononta,healthy,0,train
data/raw/Monogononta/220715214149_39900.jpg,Monogononta,healthy,0,train
data/raw/Monogononta/220706212903_250500.jpg,Monogononta,healthy,0,train
data/raw/Monogononta/220714151918_9300.jpg,Monogononta,healthy,0,train
data/raw/Monogononta/220714151918_177600.jpg,Monogononta,healthy,0,train
data/raw/Monogononta/250822183059_9800.jpg,Monogononta,healthy,0,train
data/raw/Monogononta/220714151918_365400.jpg,Monogononta,healthy,0,train
data/raw/Monogononta/220711210818_104700.jpg,Monogononta,healthy,0,train
data/raw/Monogononta/220710214438_91800.jpg,Monogononta,healthy,0,train
data/raw/Monogononta/250818174224_4300_2.jpg,Monogononta,healthy,0,train
data/raw/Monogononta/220715153913_334200.jpg,Monogononta,healthy,0,train
data/raw/Monogononta/220713091344_267000.jpg,Monogononta,healthy,0,train
data/raw/Monogononta/220713091344_256200.jpg,Monogononta,healthy,0,train
data/raw/Monogononta/220705205512_76800.jpg,Monogononta,healthy,0,train
data/raw/Monogononta/220710155007_25200.jpg,Monogononta,healthy,0,train
data/raw/Monogononta/250819214729_3500.jpg,Monogononta,healthy,0,train
data/raw/Monogononta/220711151704_375300.jpg,Monogononta,healthy,0,train
data/raw/Monogononta/220713075400_14700.jpg,Monogononta,healthy,0,train
data/raw/Monogononta/220715153913_346200.jpg,Monogononta,healthy,0,train
data/raw/Monogononta/220704164337_34800.jpg,Monogononta,healthy,0,train
data/raw/Monogononta/220701193719_27300.jpg,Monogononta,healthy,0,train
data/raw/Monogononta/220710155007_255600.jpg,Monogononta,healthy,0,train
data/raw/Monogononta/220714214255_73500.jpg,Monogononta,healthy,0,train
data/raw/Monogononta/220716104346_54000.jpg,Monogononta,healthy,0,train
data/raw/Monogononta/220712211907_74700.jpg,Monogononta,healthy,0,train
data/raw/Monogononta/220714223843_30000_2.jpg,Monogononta,healthy,0,train
data/raw/Monogononta/220710214438_107700.jpg,Monogononta,healthy,0,train
data/raw/Monogononta/220712162334_234000.jpg,Monogononta,healthy,0,train
data/raw/Monogononta/220710155007_117600.jpg,Monogononta,healthy,0,train
data/raw/Monogononta/250819144452_2600.jpg,Monogononta,healthy,0,train
data/raw/Monogononta/220705133448_408000.jpg,Monogononta,healthy,0,train
data/raw/Monogononta/220920112849_42.jpg,Monogononta,healthy,0,train
data/raw/Monogononta/220705111212_153600_2.jpg,Monogononta,healthy,0,train
data/raw/Monogononta/250719140643_8000.jpg,Monogononta,healthy,0,train
data/raw/Monogononta/220923102431_128.jpg,Monogononta,healthy,0,train
data/raw/Monogononta/220924140904_145.jpg,Monogononta,healthy,0,train
data/raw/Monogononta/220714151918_235200_2.jpg,Monogononta,healthy,0,train
data/raw/Monogononta/220714151918_169200_2.jpg,Monogononta,healthy,0,train
data/raw/Monogononta/220919143242_72.jpg,Monogononta,healthy,0,train
data/raw/Monogononta/220712154002_43500.jpg,Monogononta,healthy,0,train
data/raw/Monogononta/220919141839_7.jpg,Monogononta,healthy,0,train
data/raw/Monogononta/220711151704_142200.jpg,Monogononta,healthy,0,train
data/raw/Monogononta/220704164337_58800_2.jpg,Monogononta,healthy,0,train
data/raw/Monogononta/220715153913_289200.jpg,Monogononta,healthy,0,train
data/raw/Monogononta/220710155007_109200.jpg,Monogononta,healthy,0,train
data/raw/Monogononta/220920090529_54.jpg,Monogononta,healthy,0,train
data/raw/Monogononta/250819192054_6000.jpg,Monogononta,healthy,0,train
data/raw/Monogononta/250717155619_24900.jpg,Monogononta,healthy,0,train
data/raw/Monogononta/220710155007_178800.jpg,Monogononta,healthy,0,train
data/raw/Monogononta/220920090529_258.jpg,Monogononta,healthy,0,train
data/raw/Monogononta/220715153913_207900.jpg,Monogononta,healthy,0,train
data/raw/Monogononta/220925151714_251.jpg,Monogononta,healthy,0,train
data/raw/Monogononta/250819195743_6400.jpg,Monogononta,healthy,0,train
data/raw/Monogononta/220716104346_68700.jpg,Monogononta,healthy,0,train
data/raw/Monogononta/220714151918_27000.jpg,Monogononta,healthy,0,train
data/raw/Monogononta/220710214438_156300.jpg,Monogononta,healthy,0,train
data/raw/Monogononta/220714151918_348600.jpg,Monogononta,healthy,0,train
data/raw/Monogononta/250818174224_4700.jpg,Monogononta,healthy,0,train
data/raw/Monogononta/220710155007_101400.jpg,Monogononta,healthy,0,train
data/raw/Monogononta/220924140904_315.jpg,Monogononta,healthy,0,train
data/raw/Monogononta/220710155007_87300.jpg,Monogononta,healthy,0,train
data/raw/Monogononta/220705205512_86700.jpg,Monogononta,healthy,0,train
data/raw/Monogononta/220712104445_99600.jpg,Monogononta,healthy,0,train
data/raw/Monogononta/250719143853_15500.jpg,Monogononta,healthy,0,train
data/raw/Monogononta/220705133448_498600.jpg,Monogononta,healthy,0,train
data/raw/Monogononta/220714151918_69600.jpg,Monogononta,healthy,0,train
data/raw/Monogononta/220711132531_27000.jpg,Monogononta,healthy,0,train
data/raw/Monogononta/220712104445_75900.jpg,Monogononta,healthy,0,train
data/raw/Monogononta/220705133448_471600.jpg,Monogononta,healthy,0,train
data/raw/Monogononta/220714151918_284100.jpg,Monogononta,healthy,0,train
data/raw/Monogononta/220710214438_72300.jpg,Monogononta,healthy,0,train
data/raw/Monogononta/250717181032_5800.jpg,Monogononta,healthy,0,train
data/raw/Monogononta/220714151918_361800.jpg,Monogononta,healthy,0,train
data/raw/Monogononta/220921151620_237.jpg,Monogononta,healthy,0,train
data/raw/Monogononta/220715153913_145800.jpg,Monogononta,healthy,0,train
data/raw/Monogononta/220715214149_25500.jpg,Monogononta,healthy,0,train
data/raw/Monogononta/220707103914_109500.jpg,Monogononta,healthy,0,train
data/raw/Monogononta/220714151918_348900.jpg,Monogononta,healthy,0,train
data/raw/Monogononta/220710214438_30900.jpg,Monogononta,healthy,0,train
data/raw/Monogononta/220713091344_282000.jpg,Monogononta,healthy,0,train
data/raw/Monogononta/250717173415_16600.jpg,Monogononta,healthy,0,train
data/raw/Monogononta/220713151019_363300_2.jpg,Monogononta,healthy,0,train
data/raw/Monogononta/250717151549_6000.jpg,Monogononta,healthy,0,train
data/raw/Monogononta/220715135748_61800.jpg,Monogononta,healthy,0,train
data/raw/Monogononta/220712154002_44100.jpg,Monogononta,healthy,0,train
data/raw/Monogononta/220715153913_347700.jpg,Monogononta,healthy,0,train
data/raw/Monogononta/220714151918_60300.jpg,Monogononta,healthy,0,train
data/raw/Monogononta/250719163223_14400.jpg,Monogononta,healthy,0,train
data/raw/Monogononta/220712154002_52800.jpg,Monogononta,healthy,0,train
data/raw/Monogononta/220715214149_70500.jpg,Monogononta,healthy,0,train
data/raw/Monogononta/220712211907_188100.jpg,Monogononta,healthy,0,train
data/raw/Monogononta/220925151714_237.jpg,Monogononta,healthy,0,train
data/raw/Monogononta/220713151019_234000.jpg,Monogononta,healthy,0,train
data/raw/Monogononta/220714151918_34200_3.jpg,Monogononta,healthy,0,train
data/raw/Monogononta/220715153913_348900.jpg,Monogononta,healthy,0,train
data/raw/Monogononta/220714213052_15600.jpg,Monogononta,healthy,0,train
data/raw/Monogononta/220707103914_37200.jpg,Monogononta,healthy,0,train
data/raw/Monogononta/250818203321_500.jpg,Monogononta,healthy,0,train
data/raw/Monogononta/220928215317_67.jpg,Monogononta,healthy,0,train
data/raw/Monogononta/220710214438_109200.jpg,Monogononta,healthy,0,train
data/raw/Monogononta/220713151019_212400.jpg,Monogononta,healthy,0,train
data/raw/Monogononta/220711151704_74700.jpg,Monogononta,healthy,0,train
data/raw/Monogononta/220715153913_261900.jpg,Monogononta,healthy,0,train
data/raw/Monogononta/220711210818_66300.jpg,Monogononta,healthy,0,train
data/raw/Monogononta/220712154002_31500.jpg,Monogononta,healthy,0,train
data/raw/Monogononta/220701193719_10200.jpg,Monogononta,healthy,0,train
data/raw/Monogononta/250807135930_4800.jpg,Monogononta,healthy,0,train
data/raw/Monogononta/250819192054_5500.jpg,Monogononta,healthy,0,train
data/raw/Monogononta/220702195412_150600.jpg,Monogononta,healthy,0,train
data/raw/Monogononta/220920090529_390.jpg,Monogononta,healthy,0,train
data/raw/Monogononta/220711151704_69600.jpg,Monogononta,healthy,0,train
data/raw/Monogononta/220923102431_155.jpg,Monogononta,healthy,0,train
data/raw/Monogononta/250818185500_5200.jpg,Monogononta,healthy,0,train
data/raw/Monogononta/250819195743_20800.jpg,Monogononta,healthy,0,train
data/raw/Monogononta/220713151019_46500.jpg,Monogononta,healthy,0,train
data/raw/Monogononta/250807130843_16600.jpg,Monogononta,healthy,0,train
data/raw/Monogononta/220707145542_95400.jpg,Monogononta,healthy,0,train
data/raw/Monogononta/220708152029_65400.jpg,Monogononta,healthy,0,train
data/raw/Monogononta/220714151918_233400_2.jpg,Monogononta,healthy,0,train
data/raw/Monogononta/250719163223_11800.jpg,Monogononta,healthy,0,train
data/raw/Monogononta/220710155007_105900.jpg,Monogononta,healthy,0,train
data/raw/Monogononta/220705205512_84000.jpg,Monogononta,healthy,0,train
data/raw/Monogononta/220920141408_6.jpg,Monogononta,healthy,0,train
data/raw/Monogononta/220704164337_114000.jpg,Monogononta,healthy,0,train
data/raw/Monogononta/2508081545400807de_8600.jpg,Monogononta,healthy,0,train
data/raw/Monogononta/220705111212_173700.jpg,Monogononta,healthy,0,train
data/raw/Monogononta/220714151918_262500.jpg,Monogononta,healthy,0,train
data/raw/Monogononta/220710155007_109500.jpg,Monogononta,healthy,0,train
data/raw/Monogononta/250807142725_3300.jpg,Monogononta,healthy,0,train
data/raw/Monogononta/220704164337_38400_2.jpg,Monogononta,healthy,0,train
data/raw/Monogononta/220922093805_30.jpg,Monogononta,healthy,0,train
data/raw/Monogononta/220705111212_157800.jpg,Monogononta,healthy,0,train
data/raw/Monogononta/220714151918_235200.jpg,Monogononta,healthy,0,train
data/raw/Monogononta/220713091344_9000.jpg,Monogononta,healthy,0,train
data/raw/Monogononta/220701193719_226200.jpg,Monogononta,healthy,0,train
data/raw/Monogononta/220921151620_416.jpg,Monogononta,healthy,0,train
data/raw/Monogononta/220715135748_68100.jpg,Monogononta,healthy,0,train
data/raw/Monogononta/220713091344_333300.jpg,Monogononta,healthy,0,train
data/raw/Monogononta/220920090529_386.jpg,Monogononta,healthy,0,train
data/raw/Monogononta/220715153913_137700.jpg,Monogononta,healthy,0,train
data/raw/Monogononta/220704164337_58800.jpg,Monogononta,healthy,0,train
data/raw/Monogononta/220715153913_349200.jpg,Monogononta,healthy,0,train
data/raw/Monogononta/220715153913_339600.jpg,Monogononta,healthy,0,train
data/raw/Monogononta/220919213921_28.jpg,Monogononta,healthy,0,train
data/raw/Monogononta/220714223843_28800.jpg,Monogononta,healthy,0,train
data/raw/Monogononta/250717195045_8100.jpg,Monogononta,healthy,0,train
data/raw/Monogononta/220923102431_127.jpg,Monogononta,healthy,0,train
data/raw/Monogononta/250808151227_11100.jpg,Monogononta,healthy,0,train
data/raw/Monogononta/220712154002_29700.jpg,Monogononta,healthy,0,train
data/raw/Monogononta/220712104445_77400.jpg,Monogononta,healthy,0,train
data/raw/Monogononta/220923151606_379.jpg,Monogononta,healthy,0,train
data/raw/Monogononta/220707103914_104700.jpg,Monogononta,healthy,0,train
data/raw/Monogononta/220714151918_29100.jpg,Monogononta,healthy,0,train
data/raw/Monogononta/250719150530_8200.jpg,Monogononta,healthy,0,train
data/raw/Monogononta/220714151918_196200.jpg,Monogononta,healthy,0,train
data/raw/Monogononta/220714151918_60900.jpg,Monogononta,healthy,0,train
data/raw/Monogononta/220716104346_69900.jpg,Monogononta,healthy,0,train
data/raw/Monogononta/220712104445_28800.jpg,Monogononta,healthy,0,train
data/raw/Monogononta/220715153913_149100.jpg,Monogononta,healthy,0,train
data/raw/Monogononta/220716104346_42900.jpg,Monogononta,healthy,0,train
data/raw/Monogononta/250818185500_6700_2.jpg,Monogononta,healthy,0,train
data/raw/Monogononta/220923151606_61.jpg,Monogononta,healthy,0,train
data/raw/Monogononta/220707145542_58500.jpg,Monogononta,healthy,0,train
data/raw/Monogononta/220710155007_296100.jpg,Monogononta,healthy,0,train
data/raw/Monogononta/220713151019_103800.jpg,Monogononta,healthy,0,train
data/raw/Monogononta/220706120715_900_1.jpg,Monogononta,healthy,0,train
data/raw/Monogononta/220710214438_93300.jpg,Monogononta,healthy,0,train
data/raw/Monogononta/220711132531_29100.jpg,Monogononta,healthy,0,train
data/raw/Monogononta/220625193430_29700.jpg,Monogononta,healthy,0,train
data/raw/Monogononta/220715103728_3600.jpg,Monogononta,healthy,0,train
data/raw/Monogononta/221213130833_185.jpg,Monogononta,healthy,0,train
data/raw/Monogononta/220706161602_85800.jpg,Monogononta,healthy,0,train
data/raw/Monogononta/2508081545400807de_9600.jpg,Monogononta,healthy,0,train
data/raw/Monogononta/220705133448_462600.jpg,Monogononta,healthy,0,train
data/raw/Monogononta/220704164337_300_1.jpg,Monogononta,healthy,0,train
data/raw/Monogononta/220706161602_51900.jpg,Monogononta,healthy,0,train
data/raw/Monogononta/220713151019_44700.jpg,Monogononta,healthy,0,train
data/raw/Monogononta/250717202858_14600.jpg,Monogononta,healthy,0,train
data/raw/Monogononta/220716104346_51900.jpg,Monogononta,healthy,0,train
data/raw/Monogononta/221218180442_18.jpg,Monogononta,healthy,0,train
data/raw/Monogononta/220705133448_498900.jpg,Monogononta,healthy,0,train
data/raw/Monogononta/220715214149_28500.jpg,Monogononta,healthy,0,train
data/raw/Monogononta/250808151227_6200.jpg,Monogononta,healthy,0,train
data/raw/Monogononta/250717151549_3900.jpg,Monogononta,healthy,0,train
data/raw/Monogononta/220713091344_267000_2.jpg,Monogononta,healthy,0,train
data/raw/Monogononta/220710155007_291900.jpg,Monogononta,healthy,0,train
data/raw/Monogononta/250717173415_4800.jpg,Monogononta,healthy,0,train
data/raw/Monogononta/220710155007_2700.jpg,Monogononta,healthy,0,train
data/raw/Monogononta/220704164337_5700.jpg,Monogononta,healthy,0,train
data/raw/Monogononta/220712211907_22200.jpg,Monogononta,healthy,0,train
data/raw/Monogononta/220919143242_74.jpg,Monogononta,healthy,0,train
data/raw/Monogononta/220712154002_26100.jpg,Monogononta,healthy,0,train
data/raw/Monogononta/220714151918_29700_2.jpg,Monogononta,healthy,0,train
data/raw/Monogononta/250818200100_2300.jpg,Monogononta,healthy,0,train
data/raw/Monogononta/220711210818_73800.jpg,Monogononta,healthy,0,train
data/raw/Monogononta/220711151704_169800.jpg,Monogononta,healthy,0,train
data/raw/Monogononta/220711151704_314100.jpg,Monogononta,healthy,0,train
data/raw/Monogononta/220712162334_146700.jpg,Monogononta,healthy,0,train
data/raw/Monogononta/220704164337_44100.jpg,Monogononta,healthy,0,train
data/raw/Monogononta/220704164337_32100.jpg,Monogononta,healthy,0,train
data/raw/Monogononta/220711151704_55500.jpg,Monogononta,healthy,0,train
data/raw/Monogononta/220714151918_158700.jpg,Monogononta,healthy,0,train
data/raw/Monogononta/220919143242_74_2.jpg,Monogononta,healthy,0,train
data/raw/Monogononta/220706161602_27600.jpg,Monogononta,healthy,0,train
data/raw/Monogononta/220714223843_30900.jpg,Monogononta,healthy,0,train
data/raw/Monogononta/220706161602_80400.jpg,Monogononta,healthy,0,train
data/raw/Monogononta/250819182407_6200.jpg,Monogononta,healthy,0,train
data/raw/Monogononta/220713151019_77400.jpg,Monogononta,healthy,0,train
data/raw/Monogononta/220706161602_235200_2.jpg,Monogononta,healthy,0,train
data/raw/Monogononta/220919143242_71.jpg,Monogononta,healthy,0,train
data/raw/Monogononta/250818203321_16400.jpg,Monogononta,healthy,0,train
data/raw/Monogononta/220707103914_56100.jpg,Monogononta,healthy,0,train
data/raw/Monogononta/220920090529_410.jpg,Monogononta,healthy,0,train
data/raw/Monogononta/220710214438_45600.jpg,Monogononta,healthy,0,train
data/raw/Monogononta/220713151019_366600_2.jpg,Monogononta,healthy,0,train
data/raw/Monogononta/220712162334_7800.jpg,Monogononta,healthy,0,train
data/raw/Monogononta/220706161602_85500.jpg,Monogononta,healthy,0,train
data/raw/Monogononta/220713151019_363000.jpg,Monogononta,healthy,0,train
data/raw/Monogononta/220711151704_316500.jpg,Monogononta,healthy,0,train
data/raw/Monogononta/220706161602_60900.jpg,Monogononta,healthy,0,train
data/raw/Monogononta/220710214438_108900.jpg,Monogononta,healthy,0,train
data/raw/Monogononta/220704164337_45900.jpg,Monogononta,healthy,0,train
data/raw/Monogononta/220705111212_153600.jpg,Monogononta,healthy,0,train
data/raw/Monogononta/220923102431_135.jpg,Monogononta,healthy,0,train
data/raw/Monogononta/220710214438_253800.jpg,Monogononta,healthy,0,train
data/raw/Monogononta/220713151019_91200.jpg,Monogononta,healthy,0,train
data/raw/Monogononta/220710155007_1200.jpg,Monogononta,healthy,0,train
data/raw/Monogononta/220629133851_8100.jpg,Monogononta,healthy,0,train
data/raw/Monogononta/220706161602_20700.jpg,Monogononta,healthy,0,train
data/raw/Monogononta/220922093805_147.jpg,Monogononta,healthy,0,train
data/raw/Monogononta/220715214149_72600.jpg,Monogononta,healthy,0,train
data/raw/Monogononta/220705205512_380100.jpg,Monogononta,healthy,0,train
data/raw/Monogononta/220706161602_152100.jpg,Monogononta,healthy,0,train
data/raw/Monogononta/220713151019_366300_2.jpg,Monogononta,healthy,0,train
data/raw/Monogononta/220712104445_95100.jpg,Monogononta,healthy,0,train
data/raw/Monogononta/220928215317_66.jpg,Monogononta,healthy,0,train
data/raw/Monogononta/220714151918_173100.jpg,Monogononta,healthy,0,train
data/raw/Monogononta/220921151620_252.jpg,Monogononta,healthy,0,train
data/raw/Monogononta/220920155615_87.jpg,Monogononta,healthy,0,train
data/raw/Monogononta/220707221712_140700.jpg,Monogononta,healthy,0,train
data/raw/Monogononta/220710155007_1500.jpg,Monogononta,healthy,0,train
data/raw/Monogononta/220710155007_20400.jpg,Monogononta,healthy,0,train
data/raw/Monogononta/220710155007_103500.jpg,Monogononta,healthy,0,train
data/raw/Monogononta/220711132531_18900.jpg,Monogononta,healthy,0,train
data/raw/Monogononta/220921133027_85.jpg,Monogononta,healthy,0,train
data/raw/Monogononta/220921151620_488.jpg,Monogononta,healthy,0,train
data/raw/Monogononta/220714151918_207000.jpg,Monogononta,healthy,0,train
data/raw/Monogononta/220707145542_276900.jpg,Monogononta,healthy,0,train
data/raw/Monogononta/220710214438_271800.jpg,Monogononta,healthy,0,train
data/raw/Monogononta/220715153913_146400.jpg,Monogononta,healthy,0,train
data/raw/Monogononta/220713151019_366600.jpg,Monogononta,healthy,0,train
data/raw/Monogononta/220921151620_215.jpg,Monogononta,healthy,0,train
data/raw/Monogononta/220711151704_207000.jpg,Monogononta,healthy,0,train
data/raw/Monogononta/250718142531_22800.jpg,Monogononta,healthy,0,train
data/raw/Monogononta/220707103914_82200.jpg,Monogononta,healthy,0,train
data/raw/Monogononta/220714223843_48000_3.jpg,Monogononta,healthy,0,train
data/raw/Monogononta/220713091344_243600.jpg,Monogononta,healthy,0,train
data/raw/Monogononta/220714151918_29700.jpg,Monogononta,healthy,0,train
data/raw/Monogononta/220714151918_152100.jpg,Monogononta,healthy,0,train
data/raw/Monogononta/220710155007_20100_2.jpg,Monogononta,healthy,0,train
data/raw/Monogononta/220714151918_225900.jpg,Monogononta,healthy,0,train
data/raw/Monogononta/220710155007_24900.jpg,Monogononta,healthy,0,train
data/raw/Monogononta/220707103914_279600.jpg,Monogononta,healthy,0,train
data/raw/Monogononta/250822161857_11900.jpg,Monogononta,healthy,0,train
data/raw/Monogononta/220704212204_125400.jpg,Monogononta,healthy,0,train
data/raw/Monogononta/220716104346_55200_2.jpg,Monogononta,healthy,0,train
data/raw/Monogononta/220711132531_17100.jpg,Monogononta,healthy,0,train
data/raw/Monogononta/220712162334_210300.jpg,Monogononta,healthy,0,train
data/raw/Monogononta/220706161602_293100.jpg,Monogononta,healthy,0,train
data/raw/Monogononta/220712154002_26400.jpg,Monogononta,healthy,0,train
data/raw/Monogononta/220711151704_315900.jpg,Monogononta,healthy,0,train
data/raw/Monogononta/220715153913_262200.jpg,Monogononta,healthy,0,train
data/raw/Monogononta/220711151704_168600.jpg,Monogononta,healthy,0,train
data/raw/Monogononta/220710155007_90300.jpg,Monogononta,healthy,0,train
data/raw/Monogononta/220711151704_118500.jpg,Monogononta,healthy,0,train
data/raw/Monogononta/250819203609_900.jpg,Monogononta,healthy,0,train
data/raw/Monogononta/220919143242_72_2.jpg,Monogononta,healthy,0,train
data/raw/Monogononta/250818174224_20600.jpg,Monogononta,healthy,0,train
data/raw/Monogononta/220714223843_28500.jpg,Monogononta,healthy,0,train
data/raw/Monogononta/220715153913_195300.jpg,Monogononta,healthy,0,train
data/raw/Monogononta/220715153913_337200.jpg,Monogononta,healthy,0,train
data/raw/Monogononta/250807142725_5200.jpg,Monogononta,healthy,0,train
data/raw/Monogononta/220713091344_192000_2.jpg,Monogononta,healthy,0,train
data/raw/Monogononta/220715214149_33000.jpg,Monogononta,healthy,0,train
data/raw/Monogononta/220922102326_68.jpg,Monogononta,healthy,0,train
data/raw/Monogononta/220707103914_113100.jpg,Monogononta,healthy,0,train
data/raw/Monogononta/220712104445_75600.jpg,Monogononta,healthy,0,train
data/raw/Monogononta/220712104445_28200.jpg,Monogononta,healthy,0,train
data/raw/Monogononta/220715214149_69900.jpg,Monogononta,healthy,0,train
data/raw/Monogononta/220707145542_54600.jpg,Monogononta,healthy,0,train
data/raw/Monogononta/220710214438_107400.jpg,Monogononta,healthy,0,train
data/raw/Monogononta/220710214438_243300_2.jpg,Monogononta,healthy,0,train
data/raw/Monogononta/220712162334_216600.jpg,Monogononta,healthy,0,train
data/raw/Monogononta/220920112849_52.jpg,Monogononta,healthy,0,train
data/raw/Monogononta/220708152029_65700.jpg,Monogononta,healthy,0,train
data/raw/Monogononta/220926103306_111.jpg,Monogononta,healthy,0,train
data/raw/Monogononta/220715214149_34800.jpg,Monogononta,healthy,0,train
data/raw/Monogononta/220924140904_361.jpg,Monogononta,healthy,0,train
data/raw/Monogononta/220922132105_60.jpg,Monogononta,healthy,0,train
data/raw/Monogononta/220711210818_108000.jpg,Monogononta,healthy,0,train
data/raw/Monogononta/220705111212_8400.jpg,Monogononta,healthy,0,train
data/raw/Monogononta/220716104346_70800.jpg,Monogononta,healthy,0,train
data/raw/Monogononta/220710155007_4500.jpg,Monogononta,healthy,0,train
data/raw/Monogononta/220707103914_114300.jpg,Monogononta,healthy,0,train
data/raw/Monogononta/220711151704_92700.jpg,Monogononta,healthy,0,train
data/raw/Monogononta/220714223843_47100_2.jpg,Monogononta,healthy,0,train
data/raw/Monogononta/220715214149_17700.jpg,Monogononta,healthy,0,train
data/raw/Monogononta/220921151620_420.jpg,Monogononta,healthy,0,train
data/raw/Monogononta/220921133027_30.jpg,Monogononta,healthy,0,train
data/raw/Monogononta/220704212204_137400.jpg,Monogononta,healthy,0,train
data/raw/Monogononta/220923191844_193.jpg,Monogononta,healthy,0,train
data/raw/Monogononta/220708152029_60300.jpg,Monogononta,healthy,0,train
data/raw/Monogononta/220707103914_121800.jpg,Monogononta,healthy,0,train
data/raw/Monogononta/250818203321_19300.jpg,Monogononta,healthy,0,train
data/raw/Monogononta/220921133027_84.jpg,Monogononta,healthy,0,train
data/raw/Monogononta/220923191844_143.jpg,Monogononta,healthy,0,train
data/raw/Monogononta/220714194123_35100.jpg,Monogononta,healthy,0,train
data/raw/Monogononta/220712211907_38700.jpg,Monogononta,healthy,0,train
data/raw/Monogononta/220924140904_324.jpg,Monogononta,healthy,0,train
data/raw/Monogononta/220706161602_98700_1.jpg,Monogononta,healthy,0,train
data/raw/Monogononta/220707145542_67500.jpg,Monogononta,healthy,0,train
data/raw/Monogononta/220711132531_21600.jpg,Monogononta,healthy,0,train
data/raw/Monogononta/220921151620_403.jpg,Monogononta,healthy,0,train
data/raw/Monogononta/220710155007_144600.jpg,Monogononta,healthy,0,train
data/raw/Monogononta/220704212204_126600.jpg,Monogononta,healthy,0,train
data/raw/Monogononta/220711151704_351900.jpg,Monogononta,healthy,0,train
data/raw/Monogononta/220715135748_68400.jpg,Monogononta,healthy,0,train
data/raw/Monogononta/220710155007_102900.jpg,Monogononta,healthy,0,train
data/raw/Monogononta/220710214438_107100.jpg,Monogononta,healthy,0,train
data/raw/Monogononta/250717155619_25100.jpg,Monogononta,healthy,0,train
data/raw/Monogononta/220714151918_236100_2.jpg,Monogononta,healthy,0,train
data/raw/Monogononta/220712211907_76200.jpg,Monogononta,healthy,0,train
data/raw/Monogononta/220701144940_104700.jpg,Monogononta,healthy,0,train
data/raw/Monogononta/250717151549_16800.jpg,Monogononta,healthy,0,train
data/raw/Monogononta/220712104445_16500.jpg,Monogononta,healthy,0,train
data/raw/Monogononta/220710214438_180900.jpg,Monogononta,healthy,0,train
data/raw/Monogononta/250807152320_6600.jpg,Monogononta,healthy,0,train
data/raw/Monogononta/220923102431_326.jpg,Monogononta,healthy,0,train
data/raw/Monogononta/220711210818_8400.jpg,Monogononta,healthy,0,train
data/raw/Monogononta/220710155007_159000.jpg,Monogononta,healthy,0,train
data/raw/Monogononta/220716104346_27600.jpg,Monogononta,healthy,0,train
data/raw/Monogononta/220711151704_103200.jpg,Monogononta,healthy,0,train
data/raw/Monogononta/220710214438_201300.jpg,Monogononta,healthy,0,train
data/raw/Monogononta/220714151918_155700.jpg,Monogononta,healthy,0,train
data/raw/Monogononta/220705133448_499800.jpg,Monogononta,healthy,0,train
data/raw/Monogononta/220711210818_103800.jpg,Monogononta,healthy,0,train
data/raw/Monogononta/250818211401_3300.jpg,Monogononta,healthy,0,train
data/raw/Monogononta/220713091344_243900.jpg,Monogononta,healthy,0,train
data/raw/Monogononta/220714151918_229500.jpg,Monogononta,healthy,0,train
data/raw/Monogononta/220919192752_92.jpg,Monogononta,healthy,0,train
data/raw/Monogononta/220710155007_90600.jpg,Monogononta,healthy,0,train
data/raw/Monogononta/250719143853_1800.jpg,Monogononta,healthy,0,train
data/raw/Monogononta/220712154002_29400_2.jpg,Monogononta,healthy,0,train
data/raw/Monogononta/220713151019_186000.jpg,Monogononta,healthy,0,train
data/raw/Monogononta/220707145542_372000.jpg,Monogononta,healthy,0,train
data/raw/Monogononta/220706120715_900.jpg,Monogononta,healthy,0,train
data/raw/Monogononta/220714120033_33300.jpg,Monogononta,healthy,0,train
data/raw/Monogononta/220713151019_46800.jpg,Monogononta,healthy,0,train
data/raw/Monogononta/220715103728_15600.jpg,Monogononta,healthy,0,train
data/raw/Monogononta/220714151918_233400.jpg,Monogononta,healthy,0,train
data/raw/Monogononta/220707145542_271200.jpg,Monogononta,healthy,0,train
data/raw/Monogononta/220714151918_16500.jpg,Monogononta,healthy,0,train
data/raw/Monogononta/220711151704_181800.jpg,Monogononta,healthy,0,train
data/raw/Monogononta/250819195743_11100.jpg,Monogononta,healthy,0,train
data/raw/Monogononta/220714151918_358500.jpg,Monogononta,healthy,0,train
data/raw/Monogononta/250820145905_7300.jpg,Monogononta,healthy,0,train
data/raw/Monogononta/220706120715_207900.jpg,Monogononta,healthy,0,train
data/raw/Monogononta/220708152029_9300.jpg,Monogononta,healthy,0,train
data/raw/Monogononta/220705111212_17100.jpg,Monogononta,healthy,0,train
data/raw/Monogononta/220714151918_264900.jpg,Monogononta,healthy,0,train
data/raw/Monogononta/220712211907_36900.jpg,Monogononta,healthy,0,train
data/raw/Monogononta/250818182128_4600.jpg,Monogononta,healthy,0,train
data/raw/Monogononta/220714194123_5400.jpg,Monogononta,healthy,0,train
data/raw/Monogononta/220711151704_313800.jpg,Monogononta,healthy,0,train
data/raw/Monogononta/220714151918_222000.jpg,Monogononta,healthy,0,train
data/raw/Monogononta/220710214438_108600.jpg,Monogononta,healthy,0,train
data/raw/Monogononta/220714151918_358800.jpg,Monogononta,healthy,0,train
data/raw/Monogononta/220707103914_109800_2.jpg,Monogononta,healthy,0,train
data/raw/Monogononta/220704164337_132300.jpg,Monogononta,healthy,0,train
data/raw/Monogononta/220920090529_385.jpg,Monogononta,healthy,0,train
data/raw/Monogononta/250819132240_400.jpg,Monogononta,healthy,0,train
data/raw/Monogononta/220919143242_71_2.jpg,Monogononta,healthy,0,train
data/raw/Monogononta/220714151918_167400_2.jpg,Monogononta,healthy,0,train
data/raw/Monogononta/220711151704_183300.jpg,Monogononta,healthy,0,train
data/raw/Monogononta/220716104346_51600.jpg,Monogononta,healthy,0,train
data/raw/Monogononta/220711151704_372900.jpg,Monogononta,healthy,0,train
data/raw/Monogononta/220705133448_509700.jpg,Monogononta,healthy,0,train
data/raw/Monogononta/220714223843_27900.jpg,Monogononta,healthy,0,train
data/raw/Monogononta/220715214149_32400_2.jpg,Monogononta,healthy,0,train
data/raw/Monogononta/220714151918_264300.jpg,Monogononta,healthy,0,train
data/raw/Monogononta/220707103914_123000.jpg,Monogononta,healthy,0,train
data/raw/Monogononta/220919143242_9.jpg,Monogononta,healthy,0,train
data/raw/Monogononta/220715153913_105300.jpg,Monogononta,healthy,0,train
data/raw/Monogononta/220713151019_365100.jpg,Monogononta,healthy,0,train
data/raw/Monogononta/220714151918_194400.jpg,Monogononta,healthy,0,train
data/raw/Monogononta/250719190317_2800.jpg,Monogononta,healthy,0,train
data/raw/Monogononta/250807135930_10400.jpg,Monogononta,healthy,0,train
data/raw/Monogononta/220714151918_206100.jpg,Monogononta,healthy,0,train
data/raw/Monogononta/220715214149_40200.jpg,Monogononta,healthy,0,train
data/raw/Monogononta/250719181210_15600.jpg,Monogononta,healthy,0,train
data/raw/Monogononta/220711151704_168300.jpg,Monogononta,healthy,0,train
data/raw/Monogononta/220714194123_83100.jpg,Monogononta,healthy,0,train
data/raw/Monogononta/220714151918_20700.jpg,Monogononta,healthy,0,train
data/raw/Monogononta/250818203321_17200.jpg,Monogononta,healthy,0,train
data/raw/Monogononta/220920090529_240.jpg,Monogononta,healthy,0,train
data/raw/Monogononta/220714151918_283800.jpg,Monogononta,healthy,0,train
data/raw/Monogononta/220922093805_34.jpg,Monogononta,healthy,0,train
data/raw/Monogononta/220923151606_587.jpg,Monogononta,healthy,0,train
data/raw/Monogononta/250819182407_7300.jpg,Monogononta,healthy,0,train
data/raw/Monogononta/220715153913_105000.jpg,Monogononta,healthy,0,train
data/raw/Monogononta/220710155007_178500.jpg,Monogononta,healthy,0,train
data/raw/Monogononta/220701144940_79200.jpg,Monogononta,healthy,0,train
data/raw/Monogononta/220714151918_33600.jpg,Monogononta,healthy,0,train
data/raw/Monogononta/220707103914_87000.jpg,Monogononta,healthy,0,train
data/raw/Monogononta/220714151918_295800_2.jpg,Monogononta,healthy,0,train
data/raw/Monogononta/220705111212_70500.jpg,Monogononta,healthy,0,train
data/raw/Monogononta/220704212204_126300.jpg,Monogononta,healthy,0,train
data/raw/Monogononta/220711151704_600.jpg,Monogononta,healthy,0,train
data/raw/Monogononta/220925102517_76.jpg,Monogononta,healthy,0,train
data/raw/Monogononta/220712211907_12600.jpg,Monogononta,healthy,0,train
data/raw/Monogononta/220710155007_113400.jpg,Monogononta,healthy,0,train
data/raw/Monogononta/220714151918_177300.jpg,Monogononta,healthy,0,train
data/raw/Monogononta/220705133448_177900.jpg,Monogononta,healthy,0,train
data/raw/Monogononta/220714223843_46800.jpg,Monogononta,healthy,0,train
data/raw/Monogononta/220919134357_37.jpg,Monogononta,healthy,0,train
data/raw/Monogononta/250719143853_3600.jpg,Monogononta,healthy,0,train
data/raw/Monogononta/220924140904_314.jpg,Monogononta,healthy,0,train
data/raw/Monogononta/220920090529_350.jpg,Monogononta,healthy,0,train
data/raw/Monogononta/250718155419_15400.jpg,Monogononta,healthy,0,train
data/raw/Monogononta/220927103320_105.jpg,Monogononta,healthy,0,train
data/raw/Monogononta/220715153913_304500.jpg,Monogononta,healthy,0,train
data/raw/Monogononta/250818192836_11700.jpg,Monogononta,healthy,0,train
data/raw/Monogononta/220714151918_65700_1.jpg,Monogononta,healthy,0,train
data/raw/Monogononta/220920143151_94.jpg,Monogononta,healthy,0,train
data/raw/Monogononta/220704164337_60000.jpg,Monogononta,healthy,0,train
data/raw/Monogononta/220707103914_54300.jpg,Monogononta,healthy,0,train
data/raw/Monogononta/220715214149_36300.jpg,Monogononta,healthy,0,train
data/raw/Monogononta/220710214438_120600.jpg,Monogononta,healthy,0,train
data/raw/Monogononta/220711151704_118200.jpg,Monogononta,healthy,0,train
data/raw/Monogononta/220710155007_111900.jpg,Monogononta,healthy,0,train
data/raw/Monogononta/220710155007_90900.jpg,Monogononta,healthy,0,train
data/raw/Monogononta/220710155007_101100.jpg,Monogononta,healthy,0,train
data/raw/Monogononta/220921151620_415.jpg,Monogononta,healthy,0,train
data/raw/Monogononta/220707145542_116100.jpg,Monogononta,healthy,0,train
data/raw/Monogononta/220715214149_32700.jpg,Monogononta,healthy,0,train
data/raw/Monogononta/220714151918_225900_2.jpg,Monogononta,healthy,0,train
data/raw/Monogononta/250717173415_24000.jpg,Monogononta,healthy,0,train
data/raw/Monogononta/220711132531_27300.jpg,Monogononta,healthy,0,train
data/raw/Monogononta/220712211907_76500.jpg,Monogononta,healthy,0,train
data/raw/Monogononta/220715103728_12600_2.jpg,Monogononta,healthy,0,train
data/raw/Monogononta/220711151704_164700.jpg,Monogononta,healthy,0,train
data/raw/Monogononta/250719160003_4500.jpg,Monogononta,healthy,0,train
data/raw/Monogononta/220710155007_58200.jpg,Monogononta,healthy,0,train
data/raw/Monogononta/220710214438_273600.jpg,Monogononta,healthy,0,train
data/raw/Monogononta/250818200100_5600_2.jpg,Monogononta,healthy,0,test
data/raw/Monogononta/220714151918_63600_1.jpg,Monogononta,healthy,0,test
data/raw/Monogononta/220707145542_245700.jpg,Monogononta,healthy,0,test
data/raw/Monogononta/220712154002_29400_1.jpg,Monogononta,healthy,0,test
data/raw/Monogononta/220714151918_193800.jpg,Monogononta,healthy,0,test
data/raw/Monogononta/220710214438_105000.jpg,Monogononta,healthy,0,test
data/raw/Monogononta/220705205512_420300.jpg,Monogononta,healthy,0,test
data/raw/Monogononta/250718191917_1400.jpg,Monogononta,healthy,0,test
data/raw/Monogononta/220704164337_600_1.jpg,Monogononta,healthy,0,test
data/raw/Monogononta/220707221712_142800.jpg,Monogononta,healthy,0,test
data/raw/Monogononta/250819164502_21200.jpg,Monogononta,healthy,0,test
data/raw/Monogononta/250717195045_12700.jpg,Monogononta,healthy,0,test
data/raw/Monogononta/220715214149_9900.jpg,Monogononta,healthy,0,test
data/raw/Monogononta/220705133448_529500.jpg,Monogononta,healthy,0,test
data/raw/Monogononta/220705205512_87600.jpg,Monogononta,healthy,0,test
data/raw/Monogononta/220714151918_235800.jpg,Monogononta,healthy,0,test
data/raw/Monogononta/220708152029_71700.jpg,Monogononta,healthy,0,test
data/raw/Monogononta/220714151918_234900.jpg,Monogononta,healthy,0,test
data/raw/Monogononta/220710155007_55200.jpg,Monogononta,healthy,0,test
data/raw/Monogononta/220714151918_145200.jpg,Monogononta,healthy,0,test
data/raw/Monogononta/250719181210_10600.jpg,Monogononta,healthy,0,test
data/raw/Monogononta/220713091344_192000.jpg,Monogononta,healthy,0,test
data/raw/Monogononta/250719140643_10500.jpg,Monogononta,healthy,0,test
data/raw/Monogononta/220714151918_360600.jpg,Monogononta,healthy,0,test
data/raw/Monogononta/250819182407_5100.jpg,Monogononta,healthy,0,test
data/raw/Monogononta/220705133448_413400.jpg,Monogononta,healthy,0,test
data/raw/Monogononta/220712104445_93000.jpg,Monogononta,healthy,0,test
data/raw/Monogononta/220714223843_60000.jpg,Monogononta,healthy,0,test
data/raw/Monogononta/220710155007_93000.jpg,Monogononta,healthy,0,test
data/raw/Monogononta/220707145542_168900.jpg,Monogononta,healthy,0,test
data/raw/Monogononta/220706161602_98700.jpg,Monogononta,healthy,0,test
data/raw/Monogononta/220706161602_265200.jpg,Monogononta,healthy,0,test
data/raw/Monogononta/220708152029_97500.jpg,Monogononta,healthy,0,test
data/raw/Monogononta/220922191618_326.jpg,Monogononta,healthy,0,test
data/raw/Monogononta/220705205512_97800.jpg,Monogononta,healthy,0,test
data/raw/Monogononta/220707145542_53100.jpg,Monogononta,healthy,0,test
data/raw/Monogononta/250719150530_5200.jpg,Monogononta,healthy,0,test
data/raw/Monogononta/220710155007_115200.jpg,Monogononta,healthy,0,test
data/raw/Monogononta/250819195743_18900.jpg,Monogononta,healthy,0,test
data/raw/Monogononta/220711210818_10200.jpg,Monogononta,healthy,0,test
data/raw/Monogononta/220922132105_747.jpg,Monogononta,healthy,0,test
data/raw/Monogononta/220715214149_23400.jpg,Monogononta,healthy,0,test
data/raw/Monogononta/220710214438_72300_2.jpg,Monogononta,healthy,0,test
data/raw/Monogononta/220714151918_71700.jpg,Monogononta,healthy,0,test
data/raw/Monogononta/220707145542_372300.jpg,Monogononta,healthy,0,test
data/raw/Monogononta/220702195412_74100.jpg,Monogononta,healthy,0,test
data/raw/Monogononta/220712162334_10800.jpg,Monogononta,healthy,0,test
data/raw/Monogononta/250819203609_4600.jpg,Monogononta,healthy,0,test
data/raw/Monogononta/220921133027_13.jpg,Monogononta,healthy,0,test
data/raw/Monogononta/220714151918_15000.jpg,Monogononta,healthy,0,test
data/raw/Monogononta/220711151704_316800.jpg,Monogononta,healthy,0,test
data/raw/Monogononta/220715153913_137700_2.jpg,Monogononta,healthy,0,test
data/raw/Monogononta/220705133448_253500.jpg,Monogononta,healthy,0,test
data/raw/Monogononta/220927183749_312.jpg,Monogononta,healthy,0,test
data/raw/Monogononta/250819211006_13800.jpg,Monogononta,healthy,0,test
data/raw/Monogononta/220707103914_111300_2.jpg,Monogononta,healthy,0,test
data/raw/Monogononta/250819204323_15600.jpg,Monogononta,healthy,0,test
data/raw/Monogononta/220713151019_77700.jpg,Monogononta,healthy,0,test
data/raw/Monogononta/220920143151_92.jpg,Monogononta,healthy,0,test
data/raw/Monogononta/220706161602_235200.jpg,Monogononta,healthy,0,test
data/raw/Monogononta/220714151918_229800.jpg,Monogononta,healthy,0,test
data/raw/Monogononta/220705111212_169500.jpg,Monogononta,healthy,0,test
data/raw/Monogononta/220919213921_32.jpg,Monogononta,healthy,0,test
data/raw/Monogononta/220707145542_58200.jpg,Monogononta,healthy,0,test
data/raw/Monogononta/220713151019_219900.jpg,Monogononta,healthy,0,test
data/raw/Monogononta/220710214438_25500.jpg,Monogononta,healthy,0,test
data/raw/Monogononta/220713151019_87000.jpg,Monogononta,healthy,0,test
data/raw/Monogononta/220705133448_529800.jpg,Monogononta,healthy,0,test
data/raw/Monogononta/220706161602_292800.jpg,Monogononta,healthy,0,test
data/raw/Monogononta/220712104445_95100_2.jpg,Monogononta,healthy,0,test
data/raw/Monogononta/220710214438_133800.jpg,Monogononta,healthy,0,test
data/raw/Monogononta/220921151620_318.jpg,Monogononta,healthy,0,test
data/raw/Monogononta/220715214149_72300.jpg,Monogononta,healthy,0,test
data/raw/Monogononta/220707145542_109800.jpg,Monogononta,healthy,0,test
data/raw/Monogononta/220704164337_38700.jpg,Monogononta,healthy,0,test
data/raw/Monogononta/220714151918_233100_2.jpg,Monogononta,healthy,0,test
data/raw/Monogononta/220714151918_20400_3.jpg,Monogononta,healthy,0,test
data/raw/Monogononta/220715214149_70200.jpg,Monogononta,healthy,0,test
data/raw/Monogononta/220705111212_1800.jpg,Monogononta,healthy,0,test
data/raw/Monogononta/220920090529_161.jpg,Monogononta,healthy,0,test
data/raw/Monogononta/220712154002_11400.jpg,Monogononta,healthy,0,test
data/raw/Monogononta/220714151918_70200.jpg,Monogononta,healthy,0,test
data/raw/Monogononta/220714151918_72000.jpg,Monogononta,healthy,0,test
data/raw/Monogononta/220701193719_113100.jpg,Monogononta,healthy,0,test
data/raw/Monogononta/220705133448_545700.jpg,Monogononta,healthy,0,test
data/raw/Monogononta/220714223843_36900.jpg,Monogononta,healthy,0,test
data/raw/Monogononta/220710155007_102000.jpg,Monogononta,healthy,0,test
data/raw/Monogononta/220715153913_169500.jpg,Monogononta,healthy,0,test
data/raw/Monogononta/220919143242_10.jpg,Monogononta,healthy,0,test
data/raw/Monogononta/220714151918_376200.jpg,Monogononta,healthy,0,test
data/raw/Monogononta/220922191618_608.jpg,Monogononta,healthy,0,test
data/raw/Monogononta/220714151918_158400.jpg,Monogononta,healthy,0,test
data/raw/Monogononta/220714120033_8700.jpg,Monogononta,healthy,0,test
data/raw/Monogononta/220927150708_179.jpg,Monogononta,healthy,0,test
data/raw/Monogononta/220714151918_109200.jpg,Monogononta,healthy,0,test
data/raw/Monogononta/250719150530_2200.jpg,Monogononta,healthy,0,test
data/raw/Monogononta/220715153913_195000.jpg,Monogononta,healthy,0,test
data/raw/Monogononta/250719163223_10100.jpg,Monogononta,healthy,0,test
data/raw/Monogononta/220707103914_129000.jpg,Monogononta,healthy,0,test
data/raw/Monogononta/220920090529_19.jpg,Monogononta,healthy,0,test
data/raw/Monogononta/220714151918_215100.jpg,Monogononta,healthy,0,test
data/raw/Monogononta/220708152029_111600.jpg,Monogononta,healthy,0,test
data/raw/Monogononta/220710214438_107100_2.jpg,Monogononta,healthy,0,test
data/raw/Monogononta/220712104445_29100.jpg,Monogononta,healthy,0,test
data/raw/Monogononta/220712211907_25800.jpg,Monogononta,healthy,0,test
data/raw/Monogononta/220711132531_38400.jpg,Monogononta,healthy,0,test
data/raw/Monogononta/220715153913_195600.jpg,Monogononta,healthy,0,test
data/raw/Monogononta/220714151918_208500.jpg,Monogononta,healthy,0,test
data/raw/Monogononta/220714151918_31800.jpg,Monogononta,healthy,0,test
data/raw/Monogononta/220923102431_123.jpg,Monogononta,healthy,0,test
data/raw/Monogononta/220922093805_31.jpg,Monogononta,healthy,0,test
data/raw/Monogononta/220714151918_184800.jpg,Monogononta,healthy,0,test
data/raw/Monogononta/220707103914_122700.jpg,Monogononta,healthy,0,test
data/raw/Monogononta/220712104445_98400.jpg,Monogononta,healthy,0,test
data/raw/Monogononta/220707145542_90000.jpg,Monogononta,healthy,0,test
data/raw/Monogononta/250819182407_16400.jpg,Monogononta,healthy,0,test
data/raw/Monogononta/220714151918_109500.jpg,Monogononta,healthy,0,test
data/raw/Monogononta/250807145440_4800.jpg,Monogononta,healthy,0,test
data/raw/Monogononta/220710155007_112200.jpg,Monogononta,healthy,0,test
data/raw/Monogononta/220715103728_12600_2_1.jpg,Monogononta,healthy,0,test
data/raw/Monogononta/220710214438_7200.jpg,Monogononta,healthy,0,test
data/raw/Monogononta/220704164337_14400.jpg,Monogononta,healthy,0,test
data/raw/Monogononta/220704164337_42600.jpg,Monogononta,healthy,0,test
data/raw/Monogononta/220711151704_88200.jpg,Monogononta,healthy,0,test
data/raw/Monogononta/220713091344_266700.jpg,Monogononta,healthy,0,test
data/raw/Monogononta/220713151019_46800_2.jpg,Monogononta,healthy,0,test
data/raw/Monogononta/220715103728_27600.jpg,Monogononta,healthy,0,test
data/raw/Monogononta/220714151918_235800_2.jpg,Monogononta,healthy,0,test
data/raw/Monogononta/220707145542_149400.jpg,Monogononta,healthy,0,test
data/raw/Monogononta/220702195412_9300.jpg,Monogononta,healthy,0,test
data/raw/Monogononta/220704164337_300_2.jpg,Monogononta,healthy,0,test
data/raw/Monogononta/220705111212_35100.jpg,Monogononta,healthy,0,test
data/raw/Monogononta/220710155007_900.jpg,Monogononta,healthy,0,test
data/raw/Monogononta/220923151606_617.jpg,Monogononta,healthy,0,test
data/raw/Monogononta/220715153913_142800.jpg,Monogononta,healthy,0,test
data/raw/Monogononta/220714194123_47700.jpg,Monogononta,healthy,0,test
data/raw/Monogononta/220922102326_149.jpg,Monogononta,healthy,0,test
data/raw/Monogononta/220715103728_12900_2.jpg,Monogononta,healthy,0,test
data/raw/Monogononta/220710104356_26700.jpg,Monogononta,healthy,0,test
data/raw/Monogononta/220704164337_48600.jpg,Monogononta,healthy,0,test
data/raw/Monogononta/220714151918_262800.jpg,Monogononta,healthy,0,test
data/raw/Monogononta/220710155007_105600.jpg,Monogononta,healthy,0,test
data/raw/Monogononta/220923102431_154.jpg,Monogononta,healthy,0,test
data/raw/Monogononta/250719163223_13800.jpg,Monogononta,healthy,0,test
data/raw/Monogononta/220714151918_378000.jpg,Monogononta,healthy,0,test
data/raw/Monogononta/220714151918_168900.jpg,Monogononta,healthy,0,test
data/raw/Monogononta/220710155007_20100.jpg,Monogononta,healthy,0,test
data/raw/Monogononta/220922093805_30_2.jpg,Monogononta,healthy,0,test
data/raw/Monogononta/220711210818_61500.jpg,Monogononta,healthy,0,test
data/raw/Monogononta/220710155007_96300.jpg,Monogononta,healthy,0,test
data/raw/Monogononta/220714214255_41100.jpg,Monogononta,healthy,0,test
data/raw/Monogononta/220704164337_171900.jpg,Monogononta,healthy,0,test
data/raw/Monogononta/250719195847_9100.jpg,Monogononta,healthy,0,test
data/raw/Monogononta/220704164337_24300.jpg,Monogononta,healthy,0,test
data/raw/Monogononta/220710214438_27900.jpg,Monogononta,healthy,0,test
data/raw/Monogononta/220710214438_27600.jpg,Monogononta,healthy,0,test
data/raw/Monogononta/220714223843_40200.jpg,Monogononta,healthy,0,test
data/raw/Monogononta/220920090529_260.jpg,Monogononta,healthy,0,test
data/raw/Monogononta/220711151704_363000.jpg,Monogononta,healthy,0,test
data/raw/Monogononta/220710155007_98400.jpg,Monogononta,healthy,0,test
data/raw/Monogononta/220704212204_130200.jpg,Monogononta,healthy,0,test
data/raw/Monogononta/220706161602_344100.jpg,Monogononta,healthy,0,test
data/raw/Monogononta/250719140643_12100.jpg,Monogononta,healthy,0,test
data/raw/Monogononta/220707145542_98400.jpg,Monogononta,healthy,0,test
data/raw/Monogononta/220714151918_229500_1.jpg,Monogononta,healthy,0,test
data/raw/Monogononta/220714194123_50700.jpg,Monogononta,healthy,0,test
data/raw/Monogononta/220716104346_94500.jpg,Monogononta,healthy,0,test
data/raw/Monogononta/220710155007_57900.jpg,Monogononta,healthy,0,test
data/raw/Monogononta/220712162334_3000.jpg,Monogononta,healthy,0,test
data/raw/Monogononta/220714151918_284400_2.jpg,Monogononta,healthy,0,test
data/raw/Monogononta/220715153913_152100.jpg,Monogononta,healthy,0,test
data/raw/Monogononta/220710155007_157800.jpg,Monogononta,healthy,0,test
data/raw/Monogononta/250815141807_18400.jpg,Monogononta,healthy,0,test
data/raw/Monogononta/220707145542_78000.jpg,Monogononta,healthy,0,test
data/raw/Monogononta/220701193719_233100.jpg,Monogononta,healthy,0,test
data/raw/Monogononta/220716104346_112800.jpg,Monogononta,healthy,0,test
data/raw/Monogononta/220921151620_487.jpg,Monogononta,healthy,0,test
data/raw/Monogononta/220924190628_27.jpg,Monogononta,healthy,0,test
data/raw/Monogononta/220713091344_246300.jpg,Monogononta,healthy,0,test
data/raw/Monogononta/250717184843_16800.jpg,Monogononta,healthy,0,test
data/raw/Monogononta/220715153913_342600.jpg,Monogononta,healthy,0,test
data/raw/Monogononta/250818182128_8500.jpg,Monogononta,healthy,0,test
data/raw/Monogononta/220714151918_177900.jpg,Monogononta,healthy,0,test
data/raw/Monogononta/220715103728_12900.jpg,Monogononta,healthy,0,test
data/raw/Monogononta/220715153913_315900_1.jpg,Monogononta,healthy,0,test
data/raw/Monogononta/220705133448_472800.jpg,Monogononta,healthy,0,test
data/raw/Monogononta/220921133027_65.jpg,Monogononta,healthy,0,test
data/raw/Monogononta/220704164337_230100.jpg,Monogononta,healthy,0,test
data/raw/Monogononta/220710214438_204300.jpg,Monogononta,healthy,0,test
data/raw/Monogononta/220714213052_15300.jpg,Monogononta,healthy,0,test
data/raw/Monogononta/220715103728_12900_1.jpg,Monogononta,healthy,0,test
data/raw/Monogononta/220713151019_186300.jpg,Monogononta,healthy,0,test
data/raw/Monogononta/220713151019_200100.jpg,Monogononta,healthy,0,test
data/raw/Monogononta/220715214149_43800.jpg,Monogononta,healthy,0,test
data/raw/Monogononta/220714151918_264000_1.jpg,Monogononta,healthy,0,test
data/raw/Monogononta/220705133448_500100.jpg,Monogononta,healthy,0,test
data/raw/Monogononta/250818182128_3300.jpg,Monogononta,healthy,0,test
data/raw/Monogononta/220711210818_104400.jpg,Monogononta,healthy,0,test
data/raw/Monogononta/220922132105_128.jpg,Monogononta,healthy,0,test
data/raw/Monogononta/220710214438_30600.jpg,Monogononta,healthy,0,test
data/raw/Monogononta/220706161602_196500.jpg,Monogononta,healthy,0,test
data/raw/Monogononta/220706100742_12300.jpg,Monogononta,healthy,0,test
data/raw/Monogononta/220705133448_407700_2.jpg,Monogononta,healthy,0,test
data/raw/Monogononta/220710155007_3000.jpg,Monogononta,healthy,0,test
data/raw/Monogononta/220706161602_234900.jpg,Monogononta,healthy,0,test
data/raw/Monogononta/220712211907_49500.jpg,Monogononta,healthy,0,test
data/raw/Monogononta/220702195412_135900.jpg,Monogononta,healthy,0,test
data/raw/Monogononta/220925102517_96.jpg,Monogononta,healthy,0,test
data/raw/Monogononta/220715214149_15000.jpg,Monogononta,healthy,0,test
data/raw/Monogononta/250718155419_13400.jpg,Monogononta,healthy,0,test
data/raw/Monogononta/220710214438_120600_2.jpg,Monogononta,healthy,0,test
data/raw/Monogononta/250719195847_2000.jpg,Monogononta,healthy,0,test
data/raw/Monogononta/220714223843_1800.jpg,Monogononta,healthy,0,test
data/raw/Monogononta/220711132531_19500.jpg,Monogononta,healthy,0,test
data/raw/Monogononta/220714151918_73200.jpg,Monogononta,healthy,0,test
data/raw/Monogononta/220712104445_92700.jpg,Monogononta,healthy,0,test
data/raw/Monogononta/220922093805_174.jpg,Monogononta,healthy,0,test
data/raw/Monogononta/220715153913_208200.jpg,Monogononta,healthy,0,test
data/raw/Monogononta/220919213921_14.jpg,Monogononta,healthy,0,test
data/raw/Monogononta/220710214438_45900.jpg,Monogononta,healthy,0,test
data/raw/Monogononta/220710155007_102600.jpg,Monogononta,healthy,0,test
data/raw/Monogononta/220712104445_93300_2.jpg,Monogononta,healthy,0,test
data/raw/Monogononta/220710155007_295800.jpg,Monogononta,healthy,0,test
data/raw/Monogononta/220714151918_236100.jpg,Monogononta,healthy,0,test
data/raw/Monogononta/220710155007_145800.jpg,Monogononta,healthy,0,test
data/raw/Monogononta/220714151918_73500.jpg,Monogononta,healthy,0,test
data/raw/Monogononta/220715153913_315900.jpg,Monogononta,healthy,0,test
data/raw/Monogononta/220710155007_167700.jpg,Monogononta,healthy,0,test
data/raw/Monogononta/220714151918_284400.jpg,Monogononta,healthy,0,test
data/raw/Monogononta/250719153319_11500.jpg,Monogononta,healthy,0,test
data/raw/Monogononta/220715153913_342300.jpg,Monogononta,healthy,0,test
data/raw/Monogononta/220712154002_29400.jpg,Monogononta,healthy,0,test
data/raw/Monogononta/220710155007_96600.jpg,Monogononta,healthy,0,test
data/raw/Monogononta/220706212903_83700.jpg,Monogononta,healthy,0,test
data/raw/Monogononta/220707103914_262800.jpg,Monogononta,healthy,0,test
data/raw/Monogononta/220713151019_44400.jpg,Monogononta,healthy,0,test
data/raw/Monogononta/250819204323_16300.jpg,Monogononta,healthy,0,test
data/raw/Monogononta/220712162334_8400.jpg,Monogononta,healthy,0,test
data/raw/Monogononta/220711210818_103200.jpg,Monogononta,healthy,0,test
data/raw/Monogononta/220923191844_191.jpg,Monogononta,healthy,0,test
data/raw/Arcellinida/220712104445_21300.jpg,Arcellinida,stressed,1,test
data/raw/Arcellinida/220927123420_11.jpg,Arcellinida,stressed,1,test
data/raw/Arcellinida/220713151019_219300.jpg,Arcellinida,stressed,1,test
data/raw/Arcellinida/250719183759_500.jpg,Arcellinida,stressed,1,test
data/raw/Arcellinida/220708152029_144300.jpg,Arcellinida,stressed,1,test
data/raw/Arcellinida/220928215317_41.jpg,Arcellinida,stressed,1,test
data/raw/Arcellinida/220815204959_243300.jpg,Arcellinida,stressed,1,test
data/raw/Arcellinida/220823110824_18600.jpg,Arcellinida,stressed,1,test
data/raw/Arcellinida/220924190628_1_3.jpg,Arcellinida,stressed,1,test
data/raw/Arcellinida/220711151704_178200.jpg,Arcellinida,stressed,1,test
data/raw/Arcellinida/220713210859_300.jpg,Arcellinida,stressed,1,test
data/raw/Arcellinida/220920090529_42.jpg,Arcellinida,stressed,1,test
data/raw/Arcellinida/250822144447_7700_4.jpg,Arcellinida,stressed,1,test
data/raw/Arcellinida/220827192508_55200.jpg,Arcellinida,stressed,1,test
data/raw/Arcellinida/220822160429_122400.jpg,Arcellinida,stressed,1,test
data/raw/Arcellinida/221203122546_261.jpg,Arcellinida,stressed,1,test
data/raw/Arcellinida/220711151704_58800.jpg,Arcellinida,stressed,1,test
data/raw/Arcellinida/220927103320_13.jpg,Arcellinida,stressed,1,test
data/raw/Arcellinida/250822151857_18200_2.jpg,Arcellinida,stressed,1,test
data/raw/Arcellinida/220927150708_389.jpg,Arcellinida,stressed,1,test
data/raw/Arcellinida/220926132633_21_3.jpg,Arcellinida,stressed,1,test
data/raw/Arcellinida/220924140904_517.jpg,Arcellinida,stressed,1,test
data/raw/Arcellinida/220822212820_35100.jpg,Arcellinida,stressed,1,test
data/raw/Arcellinida/250820192622_3300_2.jpg,Arcellinida,stressed,1,test
data/raw/Arcellinida/220712104445_70800.jpg,Arcellinida,stressed,1,test
data/raw/Arcellinida/250819144452_9500.jpg,Arcellinida,stressed,1,test
data/raw/Arcellinida/220924190628_73.jpg,Arcellinida,stressed,1,test
data/raw/Arcellinida/250822144447_14400.jpg,Arcellinida,stressed,1,test
data/raw/Arcellinida/220928110514_195.jpg,Arcellinida,stressed,1,test
data/raw/Arcellinida/221129202130_185.jpg,Arcellinida,stressed,1,test
data/raw/Arcellinida/250719160003_200.jpg,Arcellinida,stressed,1,test
data/raw/Arcellinida/220817111017_12600_2.jpg,Arcellinida,stressed,1,test
data/raw/Arcellinida/220926185508_74.jpg,Arcellinida,stressed,1,test
data/raw/Arcellinida/250819204323_12100.jpg,Arcellinida,stressed,1,test
data/raw/Arcellinida/220704164337_26700.jpg,Arcellinida,stressed,1,test
data/raw/Arcellinida/220822212820_77100.jpg,Arcellinida,stressed,1,test
data/raw/Arcellinida/250806190337_9400.jpg,Arcellinida,stressed,1,test
data/raw/Arcellinida/220715153913_142800.jpg,Arcellinida,stressed,1,test
data/raw/Arcellinida/250820192622_2300.jpg,Arcellinida,stressed,1,test
data/raw/Arcellinida/221218205314_493.jpg,Arcellinida,stressed,1,test
data/raw/Arcellinida/220924140904_392.jpg,Arcellinida,stressed,1,test
data/raw/Arcellinida/250820192622_2400_2.jpg,Arcellinida,stressed,1,test
data/raw/Arcellinida/220924140904_263.jpg,Arcellinida,stressed,1,test
data/raw/Arcellinida/220815230100_17100.jpg,Arcellinida,stressed,1,test
data/raw/Arcellinida/250822165008_3500.jpg,Arcellinida,stressed,1,test
data/raw/Arcellinida/250719133654_5300.jpg,Arcellinida,stressed,1,test
data/raw/Arcellinida/220706161602_166200.jpg,Arcellinida,stressed,1,test
data/raw/Arcellinida/220710155007_91500_2.jpg,Arcellinida,stressed,1,test
data/raw/Arcellinida/220927150708_260.jpg,Arcellinida,stressed,1,test
data/raw/Arcellinida/220825221032_36600.jpg,Arcellinida,stressed,1,test
data/raw/Arcellinida/250815184307_6300.jpg,Arcellinida,stressed,1,test
data/raw/Arcellinida/250717155619_18100_2.jpg,Arcellinida,stressed,1,test
data/raw/Arcellinida/220927150708_331.jpg,Arcellinida,stressed,1,test
data/raw/Arcellinida/220921151620_358.jpg,Arcellinida,stressed,1,test
data/raw/Arcellinida/250717163557_4400.jpg,Arcellinida,stressed,1,test
data/raw/Arcellinida/220921151620_456.jpg,Arcellinida,stressed,1,test
data/raw/Arcellinida/220824211549_4800.jpg,Arcellinida,stressed,1,test
data/raw/Arcellinida/220927183749_149.jpg,Arcellinida,stressed,1,test
data/raw/Arcellinida/220819132809_238800.jpg,Arcellinida,stressed,1,test
data/raw/Arcellinida/220923151606_127.jpg,Arcellinida,stressed,1,test
data/raw/Arcellinida/220715153913_84900.jpg,Arcellinida,stressed,1,test
data/raw/Arcellinida/250818185500_14700.jpg,Arcellinida,stressed,1,test
data/raw/Arcellinida/220825160549_113400.jpg,Arcellinida,stressed,1,test
data/raw/Arcellinida/220920112849_7_2.jpg,Arcellinida,stressed,1,test
data/raw/Arcellinida/220711151704_72900.jpg,Arcellinida,stressed,1,test
data/raw/Arcellinida/250718151647_21800.jpg,Arcellinida,stressed,1,test
data/raw/Arcellinida/220928215317_28.jpg,Arcellinida,stressed,1,test
data/raw/Arcellinida/221211132350_275.jpg,Arcellinida,stressed,1,test
data/raw/Arcellinida/250719195847_12900.jpg,Arcellinida,stressed,1,test
data/raw/Arcellinida/220922191618_177.jpg,Arcellinida,stressed,1,test
data/raw/Arcellinida/220816110204_30300_2.jpg,Arcellinida,stressed,1,test
data/raw/Arcellinida/220822212820_36600.jpg,Arcellinida,stressed,1,test
data/raw/Arcellinida/220928153740_31.jpg,Arcellinida,stressed,1,test
data/raw/Arcellinida/220824211549_135300.jpg,Arcellinida,stressed,1,test
data/raw/Arcellinida/250819182407_19300.jpg,Arcellinida,stressed,1,test
data/raw/Arcellinida/250819132240_24000.jpg,Arcellinida,stressed,1,test
data/raw/Arcellinida/250819144452_13500.jpg,Arcellinida,stressed,1,test
data/raw/Arcellinida/250822154936_2000_2.jpg,Arcellinida,stressed,1,test
data/raw/Arcellinida/250718151647_6900.jpg,Arcellinida,stressed,1,test
data/raw/Arcellinida/221211111727_135_2.jpg,Arcellinida,stressed,1,test
data/raw/Arcellinida/220701144940_245400.jpg,Arcellinida,stressed,1,test
data/raw/Arcellinida/250719163223_8500.jpg,Arcellinida,stressed,1,test
data/raw/Arcellinida/220812220906_13800.jpg,Arcellinida,stressed,1,test
data/raw/Arcellinida/220924190628_221.jpg,Arcellinida,stressed,1,test
data/raw/Arcellinida/250717155619_18100.jpg,Arcellinida,stressed,1,test
data/raw/Arcellinida/220819132809_237900.jpg,Arcellinida,stressed,1,test
data/raw/Arcellinida/220926214629_110.jpg,Arcellinida,stressed,1,test
data/raw/Arcellinida/220812220906_24300.jpg,Arcellinida,stressed,1,test
data/raw/Arcellinida/250815152852_4300.jpg,Arcellinida,stressed,1,test
data/raw/Arcellinida/220927150708_134.jpg,Arcellinida,stressed,1,test
data/raw/Arcellinida/220925102517_63.jpg,Arcellinida,stressed,1,test
data/raw/Arcellinida/220929104728_64.jpg,Arcellinida,stressed,1,test
data/raw/Arcellinida/220922191618_671.jpg,Arcellinida,stressed,1,test
data/raw/Arcellinida/250719140643_9700.jpg,Arcellinida,stressed,1,test
data/raw/Arcellinida/220922093805_90_3.jpg,Arcellinida,stressed,1,test
data/raw/Arcellinida/220922191618_114.jpg,Arcellinida,stressed,1,test
data/raw/Arcellinida/220822212820_87300.jpg,Arcellinida,stressed,1,test
data/raw/Arcellinida/250719150530_2600_2.jpg,Arcellinida,stressed,1,test
data/raw/Arcellinida/250819211006_15600.jpg,Arcellinida,stressed,1,test
data/raw/Arcellinida/220815230100_18300.jpg,Arcellinida,stressed,1,test
data/raw/Arcellinida/250822144447_16900.jpg,Arcellinida,stressed,1,test
data/raw/Arcellinida/220716104346_41100.jpg,Arcellinida,stressed,1,test
data/raw/Arcellinida/250822144447_7700_3.jpg,Arcellinida,stressed,1,test
data/raw/Arcellinida/220822212820_130500.jpg,Arcellinida,stressed,1,test
data/raw/Arcellinida/220919143242_171.jpg,Arcellinida,stressed,1,test
data/raw/Arcellinida/220920141408_13.jpg,Arcellinida,stressed,1,test
data/raw/Arcellinida/220924140904_567.jpg,Arcellinida,stressed,1,test
data/raw/Arcellinida/220704212204_133200.jpg,Arcellinida,stressed,1,test
data/raw/Arcellinida/220815141852_2400.jpg,Arcellinida,stressed,1,test
data/raw/Arcellinida/220924140904_499_2.jpg,Arcellinida,stressed,1,test
data/raw/Arcellinida/220924140904_308.jpg,Arcellinida,stressed,1,test
data/raw/Arcellinida/250822165008_12200_2.jpg,Arcellinida,stressed,1,test
data/raw/Arcellinida/220715153913_137100.jpg,Arcellinida,stressed,1,test
data/raw/Arcellinida/250819195743_9500.jpg,Arcellinida,stressed,1,test
data/raw/Arcellinida/220710155007_100500.jpg,Arcellinida,stressed,1,test
data/raw/Arcellinida/250717173415_10100_2.jpg,Arcellinida,stressed,1,test
data/raw/Arcellinida/220922191618_181.jpg,Arcellinida,stressed,1,test
data/raw/Arcellinida/250815182602_4900.jpg,Arcellinida,stressed,1,test
data/raw/Arcellinida/221203134303_64.jpg,Arcellinida,stressed,1,test
data/raw/Arcellinida/220823165512_25800.jpg,Arcellinida,stressed,1,test
data/raw/Arcellinida/220824101451_7200.jpg,Arcellinida,stressed,1,test
data/raw/Arcellinida/220824211549_6300.jpg,Arcellinida,stressed,1,test
data/raw/Arcellinida/220712162334_232800.jpg,Arcellinida,stressed,1,test
data/raw/Arcellinida/220827204413_9900.jpg,Arcellinida,stressed,1,test
data/raw/Arcellinida/220707145542_68400_2.jpg,Arcellinida,stressed,1,test
data/raw/Arcellinida/220922132105_151.jpg,Arcellinida,stressed,1,test
data/raw/Arcellinida/220922132105_171.jpg,Arcellinida,stressed,1,test
data/raw/Arcellinida/220925151714_147.jpg,Arcellinida,stressed,1,test
data/raw/Arcellinida/220714151918_208200.jpg,Arcellinida,stressed,1,test
data/raw/Arcellinida/220924095715_30.jpg,Arcellinida,stressed,1,test
data/raw/Arcellinida/221215171437_73.jpg,Arcellinida,stressed,1,test
data/raw/Arcellinida/220927150708_109.jpg,Arcellinida,stressed,1,test
data/raw/Arcellinida/250820192622_6600.jpg,Arcellinida,stressed,1,test
data/raw/Arcellinida/250815152852_1100.jpg,Arcellinida,stressed,1,test
data/raw/Arcellinida/220711210818_96600.jpg,Arcellinida,stressed,1,test
data/raw/Arcellinida/250719140643_10500.jpg,Arcellinida,stressed,1,test
data/raw/Arcellinida/220815141852_20100.jpg,Arcellinida,stressed,1,test
data/raw/Arcellinida/220929083616_58.jpg,Arcellinida,stressed,1,test
data/raw/Arcellinida/220705133448_160800.jpg,Arcellinida,stressed,1,test
data/raw/Arcellinida/220927183749_34.jpg,Arcellinida,stressed,1,test
data/raw/Arcellinida/250822121341_8500.jpg,Arcellinida,stressed,1,test
data/raw/Arcellinida/250818182128_19300_2.jpg,Arcellinida,stressed,1,test
data/raw/Arcellinida/220927212046_212.jpg,Arcellinida,stressed,1,test
data/raw/Arcellinida/250818174224_17500.jpg,Arcellinida,stressed,1,test
data/raw/Arcellinida/220925193708_45_2.jpg,Arcellinida,stressed,1,test
data/raw/Arcellinida/221124153245_52.jpg,Arcellinida,stressed,1,test
data/raw/Arcellinida/220919192752_44.jpg,Arcellinida,stressed,1,test
data/raw/Arcellinida/220925102517_80.jpg,Arcellinida,stressed,1,test
data/raw/Arcellinida/220924140904_361.jpg,Arcellinida,stressed,1,test
data/raw/Arcellinida/250819195743_1400.jpg,Arcellinida,stressed,1,test
data/raw/Arcellinida/220922132105_816.jpg,Arcellinida,stressed,1,test
data/raw/Arcellinida/220823165512_95400_2.jpg,Arcellinida,stressed,1,test
data/raw/Arcellinida/250818192836_13900.jpg,Arcellinida,stressed,1,test
data/raw/Arcellinida/220922132105_27.jpg,Arcellinida,stressed,1,test
data/raw/Arcellinida/221217101450_142.jpg,Arcellinida,stressed,1,test
data/raw/Arcellinida/250822154936_16700.jpg,Arcellinida,stressed,1,test
data/raw/Arcellinida/220710214438_75000.jpg,Arcellinida,stressed,1,test
data/raw/Arcellinida/220823165512_126000.jpg,Arcellinida,stressed,1,test
data/raw/Arcellinida/250820145905_13400.jpg,Arcellinida,stressed,1,test
data/raw/Arcellinida/220822212820_62400_4.jpg,Arcellinida,stressed,1,test
data/raw/Arcellinida/250822201829_5700.jpg,Arcellinida,stressed,1,test
data/raw/Arcellinida/220823134252_16500_2.jpg,Arcellinida,stressed,1,test
data/raw/Arcellinida/250717184843_15800.jpg,Arcellinida,stressed,1,test
data/raw/Arcellinida/220928153740_103.jpg,Arcellinida,stressed,1,test
data/raw/Arcellinida/220713091344_219000.jpg,Arcellinida,stressed,1,test
data/raw/Arcellinida/250719163223_8400.jpg,Arcellinida,stressed,1,test
data/raw/Arcellinida/220927183749_105.jpg,Arcellinida,stressed,1,test
data/raw/Arcellinida/220920090529_56_3.jpg,Arcellinida,stressed,1,test
data/raw/Arcellinida/250818200100_8700.jpg,Arcellinida,stressed,1,test
data/raw/Arcellinida/220929083616_103.jpg,Arcellinida,stressed,1,test
data/raw/Arcellinida/220820132438_301200.jpg,Arcellinida,stressed,1,test
data/raw/Arcellinida/221205133158_375.jpg,Arcellinida,stressed,1,test
data/raw/Arcellinida/220926214629_80.jpg,Arcellinida,stressed,1,test
data/raw/Arcellinida/250819111524_17300.jpg,Arcellinida,stressed,1,test
data/raw/Arcellinida/221219123632_104.jpg,Arcellinida,stressed,1,test
data/raw/Arcellinida/220922132105_312.jpg,Arcellinida,stressed,1,test
data/raw/Arcellinida/220926185508_112.jpg,Arcellinida,stressed,1,test
data/raw/Arcellinida/220921151620_276.jpg,Arcellinida,stressed,1,test
data/raw/Arcellinida/220812220906_17400.jpg,Arcellinida,stressed,1,test
data/raw/Arcellinida/220823214033_96300.jpg,Arcellinida,stressed,1,test
data/raw/Arcellinida/220923151606_110.jpg,Arcellinida,stressed,1,test
data/raw/Arcellinida/220928110514_129.jpg,Arcellinida,stressed,1,test
data/raw/Arcellinida/220927183749_198.jpg,Arcellinida,stressed,1,test
data/raw/Arcellinida/220822212820_35400_2.jpg,Arcellinida,stressed,1,test
data/raw/Arcellinida/220927212046_189.jpg,Arcellinida,stressed,1,test
data/raw/Arcellinida/250820201731_2700.jpg,Arcellinida,stressed,1,test
data/raw/Arcellinida/250806193330_15100.jpg,Arcellinida,stressed,1,test
data/raw/Arcellinida/220922093805_63.jpg,Arcellinida,stressed,1,test
data/raw/Arcellinida/250718155419_16700.jpg,Arcellinida,stressed,1,test
data/raw/Arcellinida/220925193708_149_2.jpg,Arcellinida,stressed,1,test
data/raw/Arcellinida/221211111727_110.jpg,Arcellinida,stressed,1,test
data/raw/Arcellinida/220928215317_122.jpg,Arcellinida,stressed,1,test
data/raw/Arcellinida/220925193708_114.jpg,Arcellinida,stressed,1,test
data/raw/Arcellinida/220919143242_88.jpg,Arcellinida,stressed,1,test
data/raw/Arcellinida/220705205512_318900.jpg,Arcellinida,stressed,1,test
data/raw/Arcellinida/250822215625_10500_2.jpg,Arcellinida,stressed,1,test
data/raw/Arcellinida/250717184843_1300.jpg,Arcellinida,stressed,1,test
data/raw/Arcellinida/220705205512_246000.jpg,Arcellinida,stressed,1,test
data/raw/Arcellinida/250818192836_11900.jpg,Arcellinida,stressed,1,test
data/raw/Arcellinida/220928110514_329.jpg,Arcellinida,stressed,1,test
data/raw/Arcellinida/220711151704_45300.jpg,Arcellinida,stressed,1,test
data/raw/Arcellinida/220815230100_8700.jpg,Arcellinida,stressed,1,test
data/raw/Arcellinida/220919213921_24.jpg,Arcellinida,stressed,1,test
data/raw/Arcellinida/220926214629_111.jpg,Arcellinida,stressed,1,test
data/raw/Arcellinida/220925193708_188.jpg,Arcellinida,stressed,1,test
data/raw/Arcellinida/220713151019_220200.jpg,Arcellinida,stressed,1,test
data/raw/Arcellinida/220819192357_234300.jpg,Arcellinida,stressed,1,test
data/raw/Arcellinida/220925151714_245.jpg,Arcellinida,stressed,1,test
data/raw/Arcellinida/220924140904_150.jpg,Arcellinida,stressed,1,test
data/raw/Arcellinida/250822165008_4700_2.jpg,Arcellinida,stressed,1,test
data/raw/Arcellinida/220924140904_297.jpg,Arcellinida,stressed,1,test
data/raw/Arcellinida/250822161857_3900_2.jpg,Arcellinida,stressed,1,test
data/raw/Arcellinida/220714151918_262800.jpg,Arcellinida,stressed,1,test
data/raw/Arcellinida/221203134303_39.jpg,Arcellinida,stressed,1,test
data/raw/Arcellinida/250818203321_15100_2.jpg,Arcellinida,stressed,1,test
data/raw/Arcellinida/220919213921_35.jpg,Arcellinida,stressed,1,test
data/raw/Arcellinida/250719163223_7400.jpg,Arcellinida,stressed,1,test
data/raw/Arcellinida/220927150708_91.jpg,Arcellinida,stressed,1,test
data/raw/Arcellinida/250822212521_13100.jpg,Arcellinida,stressed,1,test
data/raw/Arcellinida/220823214033_120300.jpg,Arcellinida,stressed,1,test
data/raw/Arcellinida/220714151918_13500.jpg,Arcellinida,stressed,1,test
data/raw/Arcellinida/220822140537_300.jpg,Arcellinida,stressed,1,test
data/raw/Arcellinida/220823214033_18000.jpg,Arcellinida,stressed,1,test
data/raw/Arcellinida/220705133448_559200.jpg,Arcellinida,stressed,1,test
data/raw/Arcellinida/220820193018_88200.jpg,Arcellinida,stressed,1,test
data/raw/Arcellinida/220819104919_81900.jpg,Arcellinida,stressed,1,test
data/raw/Arcellinida/250820192622_3300_3.jpg,Arcellinida,stressed,1,test
data/raw/Arcellinida/250822151857_1500.jpg,Arcellinida,stressed,1,test
data/raw/Arcellinida/250717181032_17100.jpg,Arcellinida,stressed,1,test
data/raw/Arcellinida/220826192159_31200.jpg,Arcellinida,stressed,1,test
data/raw/Arcellinida/220819192357_232500.jpg,Arcellinida,stressed,1,test
data/raw/Arcellinida/220825160549_171900.jpg,Arcellinida,stressed,1,test
data/raw/Arcellinida/250807135930_14100.jpg,Arcellinida,stressed,1,test
data/raw/Arcellinida/221215094851_213.jpg,Arcellinida,stressed,1,test
data/raw/Arcellinida/220928110514_50.jpg,Arcellinida,stressed,1,test
data/raw/Arcellinida/220923151606_2_2.jpg,Arcellinida,stressed,1,test
data/raw/Arcellinida/220927150708_71.jpg,Arcellinida,stressed,1,test
data/raw/Arcellinida/221211111727_21.jpg,Arcellinida,stressed,1,test
data/raw/Arcellinida/220920090529_163.jpg,Arcellinida,stressed,1,test
data/raw/Arcellinida/220823134252_12600.jpg,Arcellinida,stressed,1,test
data/raw/Arcellinida/221210171926_34.jpg,Arcellinida,stressed,1,test
data/raw/Arcellinida/220919192752_155.jpg,Arcellinida,stressed,1,test
data/raw/Arcellinida/250818192836_11300.jpg,Arcellinida,stressed,1,test
data/raw/Arcellinida/220922102326_142.jpg,Arcellinida,stressed,1,test
data/raw/Arcellinida/220922191618_46.jpg,Arcellinida,stressed,1,test
data/raw/Arcellinida/250822121341_8600_3.jpg,Arcellinida,stressed,1,test
data/raw/Arcellinida/220823214033_14400.jpg,Arcellinida,stressed,1,test
data/raw/Arcellinida/220825221032_77400.jpg,Arcellinida,stressed,1,test
data/raw/Arcellinida/220815204959_71100_2.jpg,Arcellinida,stressed,1,test
data/raw/Arcellinida/220707145542_67800.jpg,Arcellinida,stressed,1,test
data/raw/Arcellinida/250818211401_2800.jpg,Arcellinida,stressed,1,test
data/raw/Arcellinida/250719153319_1800.jpg,Arcellinida,stressed,1,test
data/raw/Arcellinida/250819124516_7000.jpg,Arcellinida,stressed,1,test
data/raw/Arcellinida/221211095053_123.jpg,Arcellinida,stressed,1,test
data/raw/Arcellinida/220816110204_10200.jpg,Arcellinida,stressed,1,test
data/raw/Arcellinida/220923102431_311.jpg,Arcellinida,stressed,1,test
data/raw/Arcellinida/250815161735_3700.jpg,Arcellinida,stressed,1,test
data/raw/Arcellinida/220924140904_599.jpg,Arcellinida,stressed,1,test
data/raw/Arcellinida/250818174224_14200.jpg,Arcellinida,stressed,1,test
data/raw/Arcellinida/220927183749_147.jpg,Arcellinida,stressed,1,test
data/raw/Arcellinida/220928153740_113.jpg,Arcellinida,stressed,1,test
data/raw/Arcellinida/220821192338_12600.jpg,Arcellinida,stressed,1,test
data/raw/Arcellinida/220711151704_247200.jpg,Arcellinida,stressed,1,test
data/raw/Arcellinida/220928110514_276.jpg,Arcellinida,stressed,1,test
data/raw/Arcellinida/220920090529_255.jpg,Arcellinida,stressed,1,test
data/raw/Arcellinida/250717202858_6500.jpg,Arcellinida,stressed,1,test
data/raw/Arcellinida/220926185508_178.jpg,Arcellinida,stressed,1,test
data/raw/Arcellinida/220925102517_72.jpg,Arcellinida,stressed,1,test
data/raw/Arcellinida/250822165008_6600.jpg,Arcellinida,stressed,1,test
data/raw/Arcellinida/220707145542_100200.jpg,Arcellinida,stressed,1,test
data/raw/Arcellinida/220812220906_24000.jpg,Arcellinida,stressed,1,test
data/raw/Arcellinida/250807135930_6600.jpg,Arcellinida,stressed,1,test
data/raw/Arcellinida/220927183749_296.jpg,Arcellinida,stressed,1,test
data/raw/Arcellinida/220922132105_68_2.jpg,Arcellinida,stressed,1,test
data/raw/Arcellinida/250822165008_14800.jpg,Arcellinida,stressed,1,test
data/raw/Arcellinida/220922093805_187.jpg,Arcellinida,stressed,1,test
data/raw/Arcellinida/220711151704_342000.jpg,Arcellinida,stressed,1,test
data/raw/Arcellinida/220921151620_396.jpg,Arcellinida,stressed,1,test
data/raw/Arcellinida/250822212521_2000.jpg,Arcellinida,stressed,1,test
data/raw/Arcellinida/250822121341_15800.jpg,Arcellinida,stressed,1,test
data/raw/Arcellinida/250818192836_16800.jpg,Arcellinida,stressed,1,test
data/raw/Arcellinida/220812220906_16500.jpg,Arcellinida,stressed,1,test
data/raw/Arcellinida/250820201731_2800_3.jpg,Arcellinida,stressed,1,test
data/raw/Arcellinida/250717143235_8700.jpg,Arcellinida,stressed,1,test
data/raw/Arcellinida/220924140904_262.jpg,Arcellinida,stressed,1,test
data/raw/Arcellinida/250818203321_16100.jpg,Arcellinida,stressed,1,test
data/raw/Arcellinida/220710155007_26700_2.jpg,Arcellinida,stressed,1,test
data/raw/Arcellinida/250819211006_19700.jpg,Arcellinida,stressed,1,test
data/raw/Arcellinida/220823165512_146700_2.jpg,Arcellinida,stressed,1,test
data/raw/Arcellinida/250717163557_19100.jpg,Arcellinida,stressed,1,test
data/raw/Arcellinida/250818203321_15000.jpg,Arcellinida,stressed,1,test
data/raw/Arcellinida/250819211006_13200_2.jpg,Arcellinida,stressed,1,test
data/raw/Arcellinida/220710155007_96300.jpg,Arcellinida,stressed,1,test
data/raw/Arcellinida/220713151019_389100.jpg,Arcellinida,stressed,1,test
data/raw/Arcellinida/220825221032_79800.jpg,Arcellinida,stressed,1,test
data/raw/Arcellinida/250819214729_17900.jpg,Arcellinida,stressed,1,test
data/raw/Arcellinida/220922093805_101.jpg,Arcellinida,stressed,1,test
data/raw/Arcellinida/220922093805_90.jpg,Arcellinida,stressed,1,test
data/raw/Arcellinida/220701193719_310200.jpg,Arcellinida,stressed,1,test
data/raw/Arcellinida/250818182128_7600.jpg,Arcellinida,stressed,1,test
data/raw/Arcellinida/220823165512_157800.jpg,Arcellinida,stressed,1,test
data/raw/Arcellinida/220715103728_24900.jpg,Arcellinida,stressed,1,test
data/raw/Arcellinida/220710214438_129000.jpg,Arcellinida,stressed,1,test
data/raw/Arcellinida/220825221032_52800.jpg,Arcellinida,stressed,1,test
data/raw/Arcellinida/221219123632_105.jpg,Arcellinida,stressed,1,test
data/raw/Arcellinida/220705205512_202500.jpg,Arcellinida,stressed,1,test
data/raw/Arcellinida/250818160058_1600.jpg,Arcellinida,stressed,1,test
data/raw/Arcellinida/220920090529_57.jpg,Arcellinida,stressed,1,test
data/raw/Arcellinida/220924140904_300_2.jpg,Arcellinida,stressed,1,test
data/raw/Arcellinida/220826192159_12300.jpg,Arcellinida,stressed,1,test
data/raw/Arcellinida/220919213921_147_2.jpg,Arcellinida,stressed,1,test
data/raw/Arcellinida/220922132105_779.jpg,Arcellinida,stressed,1,test
data/raw/Arcellinida/250808201112_3200.jpg,Arcellinida,stressed,1,test
data/raw/Arcellinida/220715153913_142200.jpg,Arcellinida,stressed,1,test
data/raw/Arcellinida/220816152126_21900_2.jpg,Arcellinida,stressed,1,test
data/raw/Arcellinida/220710155007_15600.jpg,Arcellinida,stressed,1,test
data/raw/Arcellinida/220922132105_59.jpg,Arcellinida,stressed,1,test
data/raw/Arcellinida/250815144914_6200_2.jpg,Arcellinida,stressed,1,test
data/raw/Arcellinida/250806200043_11800.jpg,Arcellinida,stressed,1,test
data/raw/Arcellinida/220922132105_67_2.jpg,Arcellinida,stressed,1,test
data/raw/Arcellinida/220822212820_20100.jpg,Arcellinida,stressed,1,test
data/raw/Arcellinida/250822161857_3900.jpg,Arcellinida,stressed,1,test
data/raw/Arcellinida/220711210818_84000.jpg,Arcellinida,stressed,1,test
data/raw/Arcellinida/250815152852_200.jpg,Arcellinida,stressed,1,test
data/raw/Arcellinida/250818174224_3600.jpg,Arcellinida,stressed,1,test
data/raw/Arcellinida/220926185508_2.jpg,Arcellinida,stressed,1,test
data/raw/Arcellinida/220927183749_6_3.jpg,Arcellinida,stressed,1,test
data/raw/Arcellinida/250717151549_10100.jpg,Arcellinida,stressed,1,test
data/raw/Arcellinida/220928110514_115.jpg,Arcellinida,stressed,1,test
data/raw/Arcellinida/220919170459_136.jpg,Arcellinida,stressed,1,test
data/raw/Arcellinida/220823165512_135000.jpg,Arcellinida,stressed,1,test
data/raw/Arcellinida/221204173418_235.jpg,Arcellinida,stressed,1,test
data/raw/Arcellinida/220815230100_28200.jpg,Arcellinida,stressed,1,test
data/raw/Arcellinida/220819192357_193500.jpg,Arcellinida,stressed,1,test
data/raw/Arcellinida/220927183749_288_3.jpg,Arcellinida,stressed,1,test
data/raw/Arcellinida/221211111727_249.jpg,Arcellinida,stressed,1,test
data/raw/Arcellinida/220711151704_47700.jpg,Arcellinida,stressed,1,test
data/raw/Arcellinida/250719183759_2900.jpg,Arcellinida,stressed,1,test
data/raw/Arcellinida/220714151918_233700.jpg,Arcellinida,stressed,1,test
data/raw/Arcellinida/250822161857_5600.jpg,Arcellinida,stressed,1,test
data/raw/Arcellinida/220922102326_8.jpg,Arcellinida,stressed,1,test
data/raw/Arcellinida/250818182128_14000.jpg,Arcellinida,stressed,1,test
data/raw/Arcellinida/250818160058_10600.jpg,Arcellinida,stressed,1,test
data/raw/Arcellinida/220928110514_128.jpg,Arcellinida,stressed,1,test
data/raw/Arcellinida/250822121341_1100.jpg,Arcellinida,stressed,1,test
data/raw/Arcellinida/220707145542_177000.jpg,Arcellinida,stressed,1,test
data/raw/Arcellinida/220707103914_124200.jpg,Arcellinida,stressed,1,test
data/raw/Arcellinida/221211111727_168.jpg,Arcellinida,stressed,1,test
data/raw/Arcellinida/220928194226_78.jpg,Arcellinida,stressed,1,test
data/raw/Arcellinida/250808185630_12500.jpg,Arcellinida,stressed,1,test
data/raw/Arcellinida/250822165008_6600_2.jpg,Arcellinida,stressed,1,test
data/raw/Arcellinida/220826105111_15900.jpg,Arcellinida,stressed,1,test
data/raw/Arcellinida/220922102326_104.jpg,Arcellinida,stressed,1,test
data/raw/Arcellinida/250815111212_5700.jpg,Arcellinida,stressed,1,test
data/raw/Arcellinida/220926185508_21_2.jpg,Arcellinida,stressed,1,test
data/raw/Arcellinida/220713151019_180000.jpg,Arcellinida,stressed,1,test
data/raw/Arcellinida/220923151606_100.jpg,Arcellinida,stressed,1,test
data/raw/Arcellinida/250822121341_2300.jpg,Arcellinida,stressed,1,test
data/raw/Arcellinida/220922132105_829.jpg,Arcellinida,stressed,1,test
data/raw/Arcellinida/250717184843_800.jpg,Arcellinida,stressed,1,test
data/raw/Arcellinida/250822144447_8200.jpg,Arcellinida,stressed,1,test
data/raw/Arcellinida/220823134252_4200.jpg,Arcellinida,stressed,1,test
data/raw/Arcellinida/220923102431_302.jpg,Arcellinida,stressed,1,test
data/raw/Arcellinida/250717141432_0.jpg,Arcellinida,stressed,1,test
data/raw/Arcellinida/220823110824_900.jpg,Arcellinida,stressed,1,test
data/raw/Arcellinida/220824101451_60000.jpg,Arcellinida,stressed,1,test
data/raw/Arcellinida/220822212820_162600.jpg,Arcellinida,stressed,1,test
data/raw/Arcellinida/220922102326_21.jpg,Arcellinida,stressed,1,test
data/raw/Arcellinida/221203122546_109.jpg,Arcellinida,stressed,1,test
data/raw/Arcellinida/220704164337_37500.jpg,Arcellinida,stressed,1,test
data/raw/Arcellinida/220708152029_104100.jpg,Arcellinida,stressed,1,test
data/raw/Arcellinida/220926214629_7_2.jpg,Arcellinida,stressed,1,test
data/raw/Arcellinida/220822212820_18000.jpg,Arcellinida,stressed,1,test
data/raw/Arcellinida/220920090529_289.jpg,Arcellinida,stressed,1,test
data/raw/Arcellinida/250719190317_2300.jpg,Arcellinida,stressed,1,test
data/raw/Arcellinida/220825160549_192600.jpg,Arcellinida,stressed,1,test
data/raw/Arcellinida/220926185508_78.jpg,Arcellinida,stressed,1,test
data/raw/Arcellinida/220819104919_86400.jpg,Arcellinida,stressed,1,test
data/raw/Arcellinida/250820192622_5100.jpg,Arcellinida,stressed,1,test
data/raw/Arcellinida/220822212820_8400_2.jpg,Arcellinida,stressed,1,test
data/raw/Arcellinida/250717163557_5000.jpg,Arcellinida,stressed,1,test
data/raw/Arcellinida/220825160549_93600.jpg,Arcellinida,stressed,1,test
data/raw/Arcellinida/220923151606_455.jpg,Arcellinida,stressed,1,test
data/raw/Arcellinida/220821212553_900_2.jpg,Arcellinida,stressed,1,test
data/raw/Arcellinida/220714151918_96600_2.jpg,Arcellinida,stressed,1,test
data/raw/Arcellinida/220822212820_170400.jpg,Arcellinida,stressed,1,test
data/raw/Arcellinida/221203122546_95_3.jpg,Arcellinida,stressed,1,test
data/raw/Arcellinida/220825160549_45300.jpg,Arcellinida,stressed,1,test
data/raw/Arcellinida/220929104728_13.jpg,Arcellinida,stressed,1,test
data/raw/Arcellinida/220924140904_542.jpg,Arcellinida,stressed,1,test
data/raw/Arcellinida/250822121341_9000.jpg,Arcellinida,stressed,1,test
data/raw/Arcellinida/221207152512_40.jpg,Arcellinida,stressed,1,test
data/raw/Arcellinida/220714151918_165000.jpg,Arcellinida,stressed,1,test
data/raw/Arcellinida/220823214033_93300.jpg,Arcellinida,stressed,1,test
data/raw/Arcellinida/220711132531_11400.jpg,Arcellinida,stressed,1,test
data/raw/Arcellinida/220923151606_322_3.jpg,Arcellinida,stressed,1,test
data/raw/Arcellinida/250719163223_5400_3.jpg,Arcellinida,stressed,1,test
data/raw/Arcellinida/220920112849_15.jpg,Arcellinida,stressed,1,test
data/raw/Arcellinida/250822165008_6300_4.jpg,Arcellinida,stressed,1,test
data/raw/Arcellinida/220929104728_11_2.jpg,Arcellinida,stressed,1,test
data/raw/Arcellinida/221211163745_262.jpg,Arcellinida,stressed,1,test
data/raw/Arcellinida/250815184307_18500.jpg,Arcellinida,stressed,1,test
data/raw/Arcellinida/250818160058_3800_2.jpg,Arcellinida,stressed,1,test
data/raw/Arcellinida/250719163223_3000_2.jpg,Arcellinida,stressed,1,test
data/raw/Arcellinida/220825160549_191100.jpg,Arcellinida,stressed,1,test
data/raw/Arcellinida/220922102326_108.jpg,Arcellinida,stressed,1,test
data/raw/Arcellinida/250819204323_13800.jpg,Arcellinida,stressed,1,test
data/raw/Arcellinida/220819132809_236400.jpg,Arcellinida,stressed,1,test
data/raw/Arcellinida/250815184307_17800.jpg,Arcellinida,stressed,1,test
data/raw/Arcellinida/250818203321_16700.jpg,Arcellinida,stressed,1,test
data/raw/Arcellinida/250818160058_11100.jpg,Arcellinida,stressed,1,test
data/raw/Arcellinida/221215125712_693.jpg,Arcellinida,stressed,1,test
data/raw/Arcellinida/220923191844_59.jpg,Arcellinida,stressed,1,test
data/raw/Arcellinida/220926185508_165.jpg,Arcellinida,stressed,1,test
data/raw/Arcellinida/220824211549_22200.jpg,Arcellinida,stressed,1,test
data/raw/Arcellinida/220920090529_363.jpg,Arcellinida,stressed,1,test
data/raw/Arcellinida/220818211606_166500.jpg,Arcellinida,stressed,1,test
data/raw/Arcellinida/250719181210_1900.jpg,Arcellinida,stressed,1,test
data/raw/Arcellinida/221214172456_428.jpg,Arcellinida,stressed,1,test
data/raw/Arcellinida/220928153740_5.jpg,Arcellinida,stressed,1,test
data/raw/Arcellinida/220924140904_432.jpg,Arcellinida,stressed,1,test
data/raw/Arcellinida/220822212820_900.jpg,Arcellinida,stressed,1,test
data/raw/Arcellinida/250818203321_3900.jpg,Arcellinida,stressed,1,test
data/raw/Arcellinida/220927150708_420.jpg,Arcellinida,stressed,1,test
data/raw/Arcellinida/220926185508_21.jpg,Arcellinida,stressed,1,test
data/raw/Arcellinida/220705111212_167100.jpg,Arcellinida,stressed,1,test
data/raw/Arcellinida/250717143235_9200.jpg,Arcellinida,stressed,1,test
data/raw/Arcellinida/221215094851_338.jpg,Arcellinida,stressed,1,test
data/raw/Arcellinida/220928194226_59.jpg,Arcellinida,stressed,1,test
data/raw/Arcellinida/220924140904_240.jpg,Arcellinida,stressed,1,test
data/raw/Arcellinida/250822121341_16000.jpg,Arcellinida,stressed,1,test
data/raw/Arcellinida/220823214033_108900.jpg,Arcellinida,stressed,1,test
data/raw/Arcellinida/220824154018_1200.jpg,Arcellinida,stressed,1,test
data/raw/Arcellinida/250719163223_6200.jpg,Arcellinida,stressed,1,test
data/raw/Arcellinida/250819164502_25600.jpg,Arcellinida,stressed,1,test
data/raw/Arcellinida/250822121341_0.jpg,Arcellinida,stressed,1,test
data/raw/Arcellinida/220928110514_366.jpg,Arcellinida,stressed,1,test
data/raw/Arcellinida/220923151606_340.jpg,Arcellinida,stressed,1,test
data/raw/Arcellinida/220919192752_65.jpg,Arcellinida,stressed,1,test
data/raw/Arcellinida/250819124516_4100.jpg,Arcellinida,stressed,1,test
data/raw/Arcellinida/220816224427_71400.jpg,Arcellinida,stressed,1,test
data/raw/Arcellinida/250818192836_4000.jpg,Arcellinida,stressed,1,test
data/raw/Arcellinida/220822212820_199800.jpg,Arcellinida,stressed,1,test
data/raw/Arcellinida/250815184307_3600.jpg,Arcellinida,stressed,1,test
data/raw/Arcellinida/250719160003_7800_2.jpg,Arcellinida,stressed,1,test
data/raw/Arcellinida/220715153913_339300_2.jpg,Arcellinida,stressed,1,test
data/raw/Arcellinida/220819132809_236100.jpg,Arcellinida,stressed,1,test
data/raw/Arcellinida/250822121341_8800.jpg,Arcellinida,stressed,1,test
data/raw/Arcellinida/220922093805_89_2.jpg,Arcellinida,stressed,1,test
data/raw/Arcellinida/220716104346_55800.jpg,Arcellinida,stressed,1,test
data/raw/Arcellinida/221211111727_305.jpg,Arcellinida,stressed,1,test
data/raw/Arcellinida/250717184843_17500.jpg,Arcellinida,stressed,1,test
data/raw/Arcellinida/250822165008_1700.jpg,Arcellinida,stressed,1,test
data/raw/Arcellinida/250822121341_1200_2.jpg,Arcellinida,stressed,1,test
data/raw/Arcellinida/221211205516_26.jpg,Arcellinida,stressed,1,test
data/raw/Arcellinida/220705133448_293700.jpg,Arcellinida,stressed,1,test
data/raw/Arcellinida/220922132105_671.jpg,Arcellinida,stressed,1,test
data/raw/Arcellinida/220927150708_297.jpg,Arcellinida,stressed,1,test
data/raw/Arcellinida/220715153913_145800.jpg,Arcellinida,stressed,1,test
data/raw/Arcellinida/221215171437_399.jpg,Arcellinida,stressed,1,test
data/raw/Arcellinida/220929083616_160.jpg,Arcellinida,stressed,1,test
data/raw/Arcellinida/250822154936_15500.jpg,Arcellinida,stressed,1,test
data/raw/Arcellinida/220928153740_36.jpg,Arcellinida,stressed,1,test
data/raw/Arcellinida/250822161857_6900.jpg,Arcellinida,stressed,1,test
data/raw/Arcellinida/220922132105_273.jpg,Arcellinida,stressed,1,test
data/raw/Arcellinida/250819214729_16100_2.jpg,Arcellinida,stressed,1,test
data/raw/Arcellinida/250819182407_3300.jpg,Arcellinida,stressed,1,test
data/raw/Arcellinida/220925125715_26.jpg,Arcellinida,stressed,1,test
data/raw/Arcellinida/250819211006_13700.jpg,Arcellinida,stressed,1,test
data/raw/Arcellinida/220819192357_97500.jpg,Arcellinida,stressed,1,test
data/raw/Arcellinida/220823110824_40800.jpg,Arcellinida,stressed,1,test
data/raw/Arcellinida/250820143224_16200.jpg,Arcellinida,stressed,1,test
data/raw/Arcellinida/220921151620_253.jpg,Arcellinida,stressed,1,test
data/raw/Arcellinida/220923131710_39.jpg,Arcellinida,stressed,1,test
data/raw/Arcellinida/250719143853_2000.jpg,Arcellinida,stressed,1,test
data/raw/Arcellinida/220921151620_200_2.jpg,Arcellinida,stressed,1,test
data/raw/Arcellinida/250818174224_3300.jpg,Arcellinida,stressed,1,test
data/raw/Arcellinida/220920090529_40.jpg,Arcellinida,stressed,1,test
data/raw/Arcellinida/221211111727_111.jpg,Arcellinida,stressed,1,test
data/raw/Arcellinida/220923151606_101_2.jpg,Arcellinida,stressed,1,test
data/raw/Arcellinida/250819151211_14000.jpg,Arcellinida,stressed,1,test
data/raw/Arcellinida/220823165512_126900.jpg,Arcellinida,stressed,1,test
data/raw/Arcellinida/220714151918_286200.jpg,Arcellinida,stressed,1,test
data/raw/Arcellinida/250717151549_12500.jpg,Arcellinida,stressed,1,test
data/raw/Arcellinida/250718200053_20500.jpg,Arcellinida,stressed,1,test
data/raw/Arcellinida/220927183749_121_2.jpg,Arcellinida,stressed,1,test
data/raw/Arcellinida/250822203429_27100.jpg,Arcellinida,stressed,1,test
data/raw/Arcellinida/220816152126_3900.jpg,Arcellinida,stressed,1,test
data/raw/Arcellinida/220926214629_38.jpg,Arcellinida,stressed,1,test
data/raw/Arcellinida/220711151704_69900.jpg,Arcellinida,stressed,1,test
data/raw/Arcellinida/220923102431_109.jpg,Arcellinida,stressed,1,test
data/raw/Arcellinida/250718191917_25000.jpg,Arcellinida,stressed,1,test
data/raw/Arcellinida/250822165008_8800.jpg,Arcellinida,stressed,1,test
data/raw/Arcellinida/250818160058_3800.jpg,Arcellinida,stressed,1,test
data/raw/Arcellinida/220823165512_103800.jpg,Arcellinida,stressed,1,test
data/raw/Arcellinida/250719143853_3500.jpg,Arcellinida,stressed,1,test
data/raw/Arcellinida/220926185508_241.jpg,Arcellinida,stressed,1,test
data/raw/Arcellinida/250806145357_6100_2.jpg,Arcellinida,stressed,1,test
data/raw/Arcellinida/220928110514_300.jpg,Arcellinida,stressed,1,test
data/raw/Arcellinida/250719143853_2900.jpg,Arcellinida,stressed,1,test
data/raw/Arcellinida/220818211606_162600.jpg,Arcellinida,stressed,1,test
data/raw/Arcellinida/220815230100_10800_2.jpg,Arcellinida,stressed,1,test
data/raw/Arcellinida/220816110204_30000.jpg,Arcellinida,stressed,1,test
data/raw/Arcellinida/220927103320_163.jpg,Arcellinida,stressed,1,test
data/raw/Arcellinida/220715153913_345900.jpg,Arcellinida,stressed,1,test
data/raw/Arcellinida/250719150530_6800.jpg,Arcellinida,stressed,1,test
data/raw/Arcellinida/221211095053_174.jpg,Arcellinida,stressed,1,test
data/raw/Arcellinida/250719163223_3900.jpg,Arcellinida,stressed,1,test
data/raw/Arcellinida/220713151019_224700.jpg,Arcellinida,stressed,1,test
data/raw/Arcellinida/220820193018_30300.jpg,Arcellinida,stressed,1,test
data/raw/Arcellinida/220922132105_147.jpg,Arcellinida,stressed,1,test
data/raw/Arcellinida/220922102326_29.jpg,Arcellinida,stressed,1,test
data/raw/Arcellinida/220919192752_101.jpg,Arcellinida,stressed,1,test
data/raw/Arcellinida/220924190628_30.jpg,Arcellinida,stressed,1,test
data/raw/Arcellinida/221209200616_158.jpg,Arcellinida,stressed,1,test
data/raw/Arcellinida/220819132809_249300.jpg,Arcellinida,stressed,1,test
data/raw/Arcellinida/220927150708_390.jpg,Arcellinida,stressed,1,test
data/raw/Arcellinida/221215125712_839.jpg,Arcellinida,stressed,1,test
data/raw/Arcellinida/220710155007_6900.jpg,Arcellinida,stressed,1,test
data/raw/Arcellinida/221217101450_208.jpg,Arcellinida,stressed,1,test
data/raw/Arcellinida/220714214255_41400.jpg,Arcellinida,stressed,1,test
data/raw/Arcellinida/250822144447_5500.jpg,Arcellinida,stressed,1,test
data/raw/Arcellinida/250819195743_9300.jpg,Arcellinida,stressed,1,test
data/raw/Arcellinida/250822165008_6400_5.jpg,Arcellinida,stressed,1,test
data/raw/Arcellinida/220707145542_85200.jpg,Arcellinida,stressed,1,test
data/raw/Arcellinida/220927212046_94.jpg,Arcellinida,stressed,1,test
data/raw/Arcellinida/250717163557_18100.jpg,Arcellinida,stressed,1,test
data/raw/Arcellinida/220928215317_124.jpg,Arcellinida,stressed,1,test
data/raw/Arcellinida/220928090731_13.jpg,Arcellinida,stressed,1,test
data/raw/Arcellinida/220812220906_3300.jpg,Arcellinida,stressed,1,test
data/raw/Arcellinida/250818203321_3500.jpg,Arcellinida,stressed,1,test
data/raw/Arcellinida/220708152029_112200.jpg,Arcellinida,stressed,1,test
data/raw/Arcellinida/220706161602_168300.jpg,Arcellinida,stressed,1,test
data/raw/Arcellinida/220926185508_169.jpg,Arcellinida,stressed,1,test
data/raw/Arcellinida/220714151918_360600.jpg,Arcellinida,stressed,1,test
data/raw/Arcellinida/250822191601_5800.jpg,Arcellinida,stressed,1,test
data/raw/Arcellinida/220928110514_366_2.jpg,Arcellinida,stressed,1,test
data/raw/Arcellinida/220928090731_13_2.jpg,Arcellinida,stressed,1,test
data/raw/Arcellinida/221212093526_616.jpg,Arcellinida,stressed,1,test
data/raw/Arcellinida/220822160429_89700.jpg,Arcellinida,stressed,1,test
data/raw/Arcellinida/220715103728_30000.jpg,Arcellinida,stressed,1,test
data/raw/Arcellinida/250717195045_3000.jpg,Arcellinida,stressed,1,test
data/raw/Arcellinida/220714151918_227400_2.jpg,Arcellinida,stressed,1,test
data/raw/Arcellinida/250807145440_14300.jpg,Arcellinida,stressed,1,test
data/raw/Arcellinida/250822215625_22400.jpg,Arcellinida,stressed,1,test
data/raw/Arcellinida/220927183749_6_2.jpg,Arcellinida,stressed,1,test
data/raw/Arcellinida/220926185508_10.jpg,Arcellinida,stressed,1,test
data/raw/Arcellinida/250718184126_1400.jpg,Arcellinida,stressed,1,test
data/raw/Arcellinida/250819164502_2600.jpg,Arcellinida,stressed,1,test
data/raw/Arcellinida/220715214149_31200.jpg,Arcellinida,stressed,1,test
data/raw/Arcellinida/220919213921_99.jpg,Arcellinida,stressed,1,test
data/raw/Arcellinida/250818203321_4900.jpg,Arcellinida,stressed,1,test
data/raw/Arcellinida/220823134252_18300.jpg,Arcellinida,stressed,1,test
data/raw/Arcellinida/220823165512_17100_2.jpg,Arcellinida,stressed,1,test
data/raw/Arcellinida/220925193708_4.jpg,Arcellinida,stressed,1,test
data/raw/Arcellinida/220714151918_242400.jpg,Arcellinida,stressed,1,test
data/raw/Arcellinida/220921151620_130.jpg,Arcellinida,stressed,1,test
data/raw/Arcellinida/220815141852_26100.jpg,Arcellinida,stressed,1,test
data/raw/Arcellinida/220815204959_47700.jpg,Arcellinida,stressed,1,test
data/raw/Arcellinida/220714151918_196200.jpg,Arcellinida,stressed,1,test
data/raw/Arcellinida/220924140904_299.jpg,Arcellinida,stressed,1,test
data/raw/Arcellinida/221205084652_166.jpg,Arcellinida,stressed,1,test
data/raw/Arcellinida/250822121341_7600_3.jpg,Arcellinida,stressed,1,test
data/raw/Arcellinida/220920150011_152.jpg,Arcellinida,stressed,1,test
data/raw/Arcellinida/220924095715_38.jpg,Arcellinida,stressed,1,test
data/raw/Arcellinida/220715153913_263400.jpg,Arcellinida,stressed,1,test
data/raw/Arcellinida/220920090529_151.jpg,Arcellinida,stressed,1,test
data/raw/Arcellinida/220715103728_25500.jpg,Arcellinida,stressed,1,test
data/raw/Arcellinida/220825110853_43800.jpg,Arcellinida,stressed,1,test
data/raw/Arcellinida/220712104445_21000_2.jpg,Arcellinida,stressed,1,test
data/raw/Arcellinida/220823165512_150300.jpg,Arcellinida,stressed,1,test
data/raw/Arcellinida/220817195919_27600_2.jpg,Arcellinida,stressed,1,test
data/raw/Arcellinida/220823165512_151200.jpg,Arcellinida,stressed,1,test
data/raw/Arcellinida/220924190628_67.jpg,Arcellinida,stressed,1,test
data/raw/Arcellinida/250820192622_2400_3.jpg,Arcellinida,stressed,1,test
data/raw/Arcellinida/220928215317_121.jpg,Arcellinida,stressed,1,test
data/raw/Arcellinida/220920150011_150.jpg,Arcellinida,stressed,1,test
data/raw/Arcellinida/250820192622_900.jpg,Arcellinida,stressed,1,test
data/raw/Arcellinida/220708152029_143400.jpg,Arcellinida,stressed,1,test
data/raw/Arcellinida/250719181210_12500.jpg,Arcellinida,stressed,1,test
data/raw/Arcellinida/220823110824_15300.jpg,Arcellinida,stressed,1,test
data/raw/Arcellinida/220919134357_18.jpg,Arcellinida,stressed,1,test
data/raw/Arcellinida/250818203321_14200.jpg,Arcellinida,stressed,1,test
data/raw/Arcellinida/250815111212_300_2.jpg,Arcellinida,stressed,1,test
data/raw/Arcellinida/220711210818_104100.jpg,Arcellinida,stressed,1,test
data/raw/Arcellinida/220824154018_46500.jpg,Arcellinida,stressed,1,test
data/raw/Arcellinida/250819214729_8300.jpg,Arcellinida,stressed,1,test
data/raw/Arcellinida/220714223843_33000.jpg,Arcellinida,stressed,1,test
data/raw/Arcellinida/220920155615_21.jpg,Arcellinida,stressed,1,test
data/raw/Arcellinida/250822165008_7300_2.jpg,Arcellinida,stressed,1,test
data/raw/Arcellinida/220706161602_167100.jpg,Arcellinida,stressed,1,test
data/raw/Arcellinida/220822212820_900_2.jpg,Arcellinida,stressed,1,test
data/raw/Arcellinida/220927150708_102.jpg,Arcellinida,stressed,1,test
data/raw/Arcellinida/220711151704_76500_2.jpg,Arcellinida,stressed,1,test
data/raw/Arcellinida/220826211851_15300.jpg,Arcellinida,stressed,1,test
data/raw/Arcellinida/250818211401_20000.jpg,Arcellinida,stressed,1,test
data/raw/Arcellinida/220928153740_40.jpg,Arcellinida,stressed,1,test
data/raw/Arcellinida/220919192752_108.jpg,Arcellinida,stressed,1,test
data/raw/Arcellinida/220824211549_11400.jpg,Arcellinida,stressed,1,test
data/raw/Arcellinida/250818185500_15900.jpg,Arcellinida,stressed,1,test
data/raw/Arcellinida/220823110824_16800.jpg,Arcellinida,stressed,1,test
data/raw/Arcellinida/220712104445_72300.jpg,Arcellinida,stressed,1,test
data/raw/Arcellinida/250818203321_6800.jpg,Arcellinida,stressed,1,test
data/raw/Arcellinida/220711151704_250500.jpg,Arcellinida,stressed,1,test
data/raw/Arcellinida/220715153913_263700.jpg,Arcellinida,stressed,1,test
data/raw/Arcellinida/250819214729_3200.jpg,Arcellinida,stressed,1,test
data/raw/Arcellinida/220923151606_2.jpg,Arcellinida,stressed,1,test
data/raw/Arcellinida/220922191618_467.jpg,Arcellinida,stressed,1,test
data/raw/Arcellinida/220924140904_155_2.jpg,Arcellinida,stressed,1,test
data/raw/Arcellinida/220822160429_100200.jpg,Arcellinida,stressed,1,test
data/raw/Arcellinida/250818203321_14000_2.jpg,Arcellinida,stressed,1,test
data/raw/Arcellinida/220922093805_204.jpg,Arcellinida,stressed,1,test
data/raw/Arcellinida/220815204959_144600.jpg,Arcellinida,stressed,1,test
data/raw/Arcellinida/220927150708_325.jpg,Arcellinida,stressed,1,test
data/raw/Arcellinida/220919213921_161_2.jpg,Arcellinida,stressed,1,test
data/raw/Arcellinida/250819132240_700.jpg,Arcellinida,stressed,1,test
data/raw/Arcellinida/220929083616_35_2.jpg,Arcellinida,stressed,1,test
data/raw/Arcellinida/250822121341_5800_2.jpg,Arcellinida,stressed,1,test
data/raw/Arcellinida/221217101450_205.jpg,Arcellinida,stressed,1,test
data/raw/Arcellinida/220826130431_310800.jpg,Arcellinida,stressed,1,test
data/raw/Arcellinida/250822183059_6700.jpg,Arcellinida,stressed,1,test
data/raw/Arcellinida/220710155007_78600.jpg,Arcellinida,stressed,1,test
data/raw/Arcellinida/220919192752_36.jpg,Arcellinida,stressed,1,test
data/raw/Arcellinida/220817195919_30000.jpg,Arcellinida,stressed,1,test
data/raw/Arcellinida/220921151620_31.jpg,Arcellinida,stressed,1,test
data/raw/Arcellinida/250822144447_300.jpg,Arcellinida,stressed,1,test
data/raw/Arcellinida/250819192054_10000.jpg,Arcellinida,stressed,1,test
data/raw/Arcellinida/220919213921_101.jpg,Arcellinida,stressed,1,test
data/raw/Arcellinida/250822165008_8400.jpg,Arcellinida,stressed,1,test
data/raw/Arcellinida/250818160058_13000.jpg,Arcellinida,stressed,1,test
data/raw/Arcellinida/250818192836_17900_2.jpg,Arcellinida,stressed,1,test
data/raw/Arcellinida/220919213921_46.jpg,Arcellinida,stressed,1,test
data/raw/Arcellinida/221129202130_279.jpg,Arcellinida,stressed,1,test
data/raw/Arcellinida/220821132750_42300.jpg,Arcellinida,stressed,1,test
data/raw/Arcellinida/220927183749_204.jpg,Arcellinida,stressed,1,test
data/raw/Arcellinida/220925151714_228.jpg,Arcellinida,stressed,1,test
data/raw/Arcellinida/220708152029_129000.jpg,Arcellinida,stressed,1,test
data/raw/Arcellinida/221215125712_177.jpg,Arcellinida,stressed,1,test
data/raw/Arcellinida/250820201138_200.jpg,Arcellinida,stressed,1,test
data/raw/Arcellinida/221214172456_95.jpg,Arcellinida,stressed,1,test
data/raw/Arcellinida/220927150708_132.jpg,Arcellinida,stressed,1,test
data/raw/Arcellinida/221129202130_193.jpg,Arcellinida,stressed,1,test
data/raw/Arcellinida/220823165512_152700.jpg,Arcellinida,stressed,1,test
data/raw/Arcellinida/250806190337_10600.jpg,Arcellinida,stressed,1,test
data/raw/Arcellinida/220920143151_115.jpg,Arcellinida,stressed,1,test
data/raw/Arcellinida/220922102326_260.jpg,Arcellinida,stressed,1,test
data/raw/Arcellinida/250822203429_15600.jpg,Arcellinida,stressed,1,test
data/raw/Arcellinida/220714151918_283800.jpg,Arcellinida,stressed,1,test
data/raw/Arcellinida/220823165512_112800.jpg,Arcellinida,stressed,1,test
data/raw/Arcellinida/220927212046_274.jpg,Arcellinida,stressed,1,test
data/raw/Arcellinida/220822160429_44400.jpg,Arcellinida,stressed,1,test
data/raw/Arcellinida/220928153740_43.jpg,Arcellinida,stressed,1,test
data/raw/Arcellinida/220928153740_57_3.jpg,Arcellinida,stressed,1,test
data/raw/Arcellinida/220819192357_223200.jpg,Arcellinida,stressed,1,test
data/raw/Arcellinida/220921151620_299.jpg,Arcellinida,stressed,1,test
data/raw/Arcellinida/220824211549_1500.jpg,Arcellinida,stressed,1,test
data/raw/Arcellinida/220704164337_57300.jpg,Arcellinida,stressed,1,test
data/raw/Arcellinida/220921151620_191.jpg,Arcellinida,stressed,1,test
data/raw/Arcellinida/220819192357_232800.jpg,Arcellinida,stressed,1,test
data/raw/Arcellinida/220923151606_370.jpg,Arcellinida,stressed,1,test
data/raw/Arcellinida/220822212820_46800.jpg,Arcellinida,stressed,1,test
data/raw/Arcellinida/220705205512_79200.jpg,Arcellinida,stressed,1,test
data/raw/Arcellinida/220924140904_393.jpg,Arcellinida,stressed,1,test
data/raw/Arcellinida/221128131012_40.jpg,Arcellinida,stressed,1,test
data/raw/Arcellinida/220823214033_19500.jpg,Arcellinida,stressed,1,test
data/raw/Arcellinida/220815230100_600.jpg,Arcellinida,stressed,1,test
data/raw/Arcellinida/220710155007_102000.jpg,Arcellinida,stressed,1,test
data/raw/Arcellinida/220922174312_19.jpg,Arcellinida,stressed,1,test
data/raw/Arcellinida/220924095715_42.jpg,Arcellinida,stressed,1,test
data/raw/Arcellinida/220919213921_107_2.jpg,Arcellinida,stressed,1,test
data/raw/Arcellinida/220711151704_90600.jpg,Arcellinida,stressed,1,test
data/raw/Arcellinida/220819192357_193800.jpg,Arcellinida,stressed,1,test
data/raw/Arcellinida/250819195743_16100.jpg,Arcellinida,stressed,1,test
data/raw/Arcellinida/250819204323_10200.jpg,Arcellinida,stressed,1,test
data/raw/Arcellinida/220823165512_146700.jpg,Arcellinida,stressed,1,test
data/raw/Arcellinida/250806145357_6100.jpg,Arcellinida,stressed,1,test
data/raw/Arcellinida/220926185508_251_2.jpg,Arcellinida,stressed,1,test
data/raw/Arcellinida/220920143151_116.jpg,Arcellinida,stressed,1,test
data/raw/Arcellinida/220716104346_96000.jpg,Arcellinida,stressed,1,test
data/raw/Arcellinida/250822154936_2000_3.jpg,Arcellinida,stressed,1,test
data/raw/Arcellinida/221129202130_169.jpg,Arcellinida,stressed,1,test
data/raw/Arcellinida/220929083616_57.jpg,Arcellinida,stressed,1,test
data/raw/Arcellinida/220922093805_176_2.jpg,Arcellinida,stressed,1,test
data/raw/Arcellinida/250819195743_24800.jpg,Arcellinida,stressed,1,test
data/raw/Arcellinida/250819195743_11600.jpg,Arcellinida,stressed,1,test
data/raw/Arcellinida/250822215625_25300.jpg,Arcellinida,stressed,1,test
data/raw/Arcellinida/221129202130_280.jpg,Arcellinida,stressed,1,test
data/raw/Arcellinida/220924095715_73.jpg,Arcellinida,stressed,1,test
data/raw/Arcellinida/220925151714_111.jpg,Arcellinida,stressed,1,test
data/raw/Arcellinida/220821152638_98700.jpg,Arcellinida,stressed,1,test
data/raw/Arcellinida/250822183059_15200.jpg,Arcellinida,stressed,1,test
data/raw/Arcellinida/220923102431_290.jpg,Arcellinida,stressed,1,test
data/raw/Arcellinida/220824154018_66000.jpg,Arcellinida,stressed,1,test
data/raw/Arcellinida/220816110204_24900_2.jpg,Arcellinida,stressed,1,test
data/raw/Arcellinida/250819204323_12400_2.jpg,Arcellinida,stressed,1,test
data/raw/Arcellinida/220711151704_46200.jpg,Arcellinida,stressed,1,test
data/raw/Arcellinida/250819151211_5600.jpg,Arcellinida,stressed,1,test
data/raw/Arcellinida/250718151647_15800.jpg,Arcellinida,stressed,1,test
data/raw/Arcellinida/220927183749_65.jpg,Arcellinida,stressed,1,test
data/raw/Arcellinida/250819214729_6100.jpg,Arcellinida,stressed,1,test
data/raw/Arcellinida/220714151918_159600_2.jpg,Arcellinida,stressed,1,test
data/raw/Arcellinida/220921151620_298.jpg,Arcellinida,stressed,1,test
data/raw/Arcellinida/250822154936_3000.jpg,Arcellinida,stressed,1,test
data/raw/Arcellinida/220824211549_113100.jpg,Arcellinida,stressed,1,test
data/raw/Arcellinida/220825110853_44700.jpg,Arcellinida,stressed,1,test
data/raw/Arcellinida/250807130843_4000.jpg,Arcellinida,stressed,1,test
data/raw/Arcellinida/250718132208_13800.jpg,Arcellinida,stressed,1,test
data/raw/Arcellinida/220825110853_40200.jpg,Arcellinida,stressed,1,test
data/raw/Arcellinida/220825110853_300.jpg,Arcellinida,stressed,1,test
data/raw/Arcellinida/220815162809_600.jpg,Arcellinida,stressed,1,test
data/raw/Arcellinida/220825221032_54600_2.jpg,Arcellinida,stressed,1,test
data/raw/Arcellinida/220922132105_34.jpg,Arcellinida,stressed,1,test
data/raw/Arcellinida/250820145905_4100.jpg,Arcellinida,stressed,1,test
data/raw/Arcellinida/220927212046_97.jpg,Arcellinida,stressed,1,test
data/raw/Arcellinida/250717173415_19000.jpg,Arcellinida,stressed,1,test
data/raw/Arcellinida/220927183749_145_2.jpg,Arcellinida,stressed,1,test
data/raw/Arcellinida/220819192357_71400.jpg,Arcellinida,stressed,1,test
data/raw/Arcellinida/250719140643_13200.jpg,Arcellinida,stressed,1,test
data/raw/Arcellinida/250717173415_6500.jpg,Arcellinida,stressed,1,test
data/raw/Arcellinida/220920141408_6.jpg,Arcellinida,stressed,1,test
data/raw/Arcellinida/250819195743_8300.jpg,Arcellinida,stressed,1,test
data/raw/Arcellinida/220928110514_114.jpg,Arcellinida,stressed,1,test
data/raw/Arcellinida/250818203321_9400.jpg,Arcellinida,stressed,1,test
data/raw/Arcellinida/220821192338_55200.jpg,Arcellinida,stressed,1,test
data/raw/Arcellinida/220924140904_504_2.jpg,Arcellinida,stressed,1,test
data/raw/Arcellinida/250717163557_10100.jpg,Arcellinida,stressed,1,test
data/raw/Arcellinida/250815152852_16100.jpg,Arcellinida,stressed,1,test
data/raw/Arcellinida/220922132105_158.jpg,Arcellinida,stressed,1,test
data/raw/Arcellinida/250822212521_300.jpg,Arcellinida,stressed,1,test
data/raw/Arcellinida/250819211006_11800.jpg,Arcellinida,stressed,1,test
data/raw/Arcellinida/250818185500_4100_2.jpg,Arcellinida,stressed,1,test
data/raw/Arcellinida/250822203429_16300.jpg,Arcellinida,stressed,1,test
data/raw/Arcellinida/220927212046_415.jpg,Arcellinida,stressed,1,test
data/raw/Arcellinida/220919192752_66.jpg,Arcellinida,stressed,1,test
data/raw/Arcellinida/220824154018_300.jpg,Arcellinida,stressed,1,test
data/raw/Arcellinida/250717173415_19900_2.jpg,Arcellinida,stressed,1,test
data/raw/Arcellinida/250819192054_8300.jpg,Arcellinida,stressed,1,test
data/raw/Arcellinida/220919213921_95_2.jpg,Arcellinida,stressed,1,test
data/raw/Arcellinida/220926103306_4.jpg,Arcellinida,stressed,1,test
data/raw/Arcellinida/250822161857_5700.jpg,Arcellinida,stressed,1,test
data/raw/Arcellinida/220817195919_216900.jpg,Arcellinida,stressed,1,test
data/raw/Arcellinida/220714223843_8400.jpg,Arcellinida,stressed,1,test
data/raw/Arcellinida/220823165512_15900.jpg,Arcellinida,stressed,1,test
data/raw/Arcellinida/220823165512_90900_2.jpg,Arcellinida,stressed,1,test
data/raw/Arcellinida/250806145357_12600.jpg,Arcellinida,stressed,1,test
data/raw/Arcellinida/250717143235_2400.jpg,Arcellinida,stressed,1,test
data/raw/Arcellinida/220927212046_469.jpg,Arcellinida,stressed,1,test
data/raw/Arcellinida/220926185508_96.jpg,Arcellinida,stressed,1,test
data/raw/Arcellinida/221212093526_625.jpg,Arcellinida,stressed,1,test
data/raw/Arcellinida/220927103320_46.jpg,Arcellinida,stressed,1,test
data/raw/Arcellinida/250822121341_6700.jpg,Arcellinida,stressed,1,test
data/raw/Arcellinida/250806145357_2500.jpg,Arcellinida,stressed,1,test
data/raw/Arcellinida/220920143151_116_2.jpg,Arcellinida,stressed,1,test
data/raw/Arcellinida/220823214033_108600.jpg,Arcellinida,stressed,1,test
data/raw/Arcellinida/250822161857_4700_3.jpg,Arcellinida,stressed,1,test
data/raw/Arcellinida/220714151918_132000.jpg,Arcellinida,stressed,1,test
data/raw/Arcellinida/220823214033_138300.jpg,Arcellinida,stressed,1,test
data/raw/Arcellinida/220825110853_1500.jpg,Arcellinida,stressed,1,test
data/raw/Arcellinida/220827131622_2700.jpg,Arcellinida,stressed,1,test
data/raw/Arcellinida/250717163557_1800.jpg,Arcellinida,stressed,1,test
data/raw/Arcellinida/220822212820_81300.jpg,Arcellinida,stressed,1,test
data/raw/Arcellinida/250819211006_7900.jpg,Arcellinida,stressed,1,test
data/raw/Arcellinida/250719160003_10500.jpg,Arcellinida,stressed,1,test
data/raw/Arcellinida/250822121341_6800.jpg,Arcellinida,stressed,1,test
data/raw/Arcellinida/220921151620_430.jpg,Arcellinida,stressed,1,test
data/raw/Arcellinida/220819132809_198300.jpg,Arcellinida,stressed,1,test
data/raw/Arcellinida/220822160429_27300.jpg,Arcellinida,stressed,1,test
data/raw/Arcellinida/220928110514_265.jpg,Arcellinida,stressed,1,test
data/raw/Arcellinida/220825221032_66900_3.jpg,Arcellinida,stressed,1,test
data/raw/Arcellinida/220922102326_15.jpg,Arcellinida,stressed,1,test
data/raw/Arcellinida/250717173415_9500.jpg,Arcellinida,stressed,1,test
data/raw/Arcellinida/220927183749_161.jpg,Arcellinida,stressed,1,test
data/raw/Arcellinida/250717143235_700.jpg,Arcellinida,stressed,1,test
data/raw/Arcellinida/220925193708_26.jpg,Arcellinida,stressed,1,test
data/raw/Arcellinida/221211132350_463.jpg,Arcellinida,stressed,1,test
data/raw/Arcellinida/220926103306_97.jpg,Arcellinida,stressed,1,test
data/raw/Arcellinida/220922132105_818.jpg,Arcellinida,stressed,1,test
data/raw/Arcellinida/220714151918_184200.jpg,Arcellinida,stressed,1,test
data/raw/Arcellinida/220926103306_213.jpg,Arcellinida,stressed,1,test
data/raw/Arcellinida/220714223843_61500.jpg,Arcellinida,stressed,1,test
data/raw/Arcellinida/220825160549_84600.jpg,Arcellinida,stressed,1,test
data/raw/Arcellinida/250818182128_10800.jpg,Arcellinida,stressed,1,test
data/raw/Arcellinida/250819111524_25300.jpg,Arcellinida,stressed,1,test
data/raw/Arcellinida/220819192357_95700.jpg,Arcellinida,stressed,1,test
data/raw/Arcellinida/220927150708_101.jpg,Arcellinida,stressed,1,test
data/raw/Arcellinida/220925102517_79.jpg,Arcellinida,stressed,1,test
data/raw/Arcellinida/220923151606_101.jpg,Arcellinida,stressed,1,test
data/raw/Arcellinida/220823165512_12900.jpg,Arcellinida,stressed,1,test
data/raw/Arcellinida/220921151620_179.jpg,Arcellinida,stressed,1,test
data/raw/Arcellinida/250818174224_13400.jpg,Arcellinida,stressed,1,test
data/raw/Arcellinida/220927150708_400.jpg,Arcellinida,stressed,1,test
data/raw/Arcellinida/250717141432_7600_2.jpg,Arcellinida,stressed,1,test
data/raw/Arcellinida/220927150708_389_2.jpg,Arcellinida,stressed,1,test
data/raw/Arcellinida/250822165008_7200.jpg,Arcellinida,stressed,1,test
data/raw/Arcellinida/220824211549_134700.jpg,Arcellinida,stressed,1,test
data/raw/Arcellinida/250815134137_3100.jpg,Arcellinida,stressed,1,test
data/raw/Arcellinida/220919143242_69.jpg,Arcellinida,stressed,1,test
data/raw/Arcellinida/220919134357_8.jpg,Arcellinida,stressed,1,test
data/raw/Arcellinida/250822154936_1200.jpg,Arcellinida,stressed,1,test
data/raw/Arcellinida/250717184843_19500.jpg,Arcellinida,stressed,1,test
data/raw/Nematoda/221204211250_20.jpg,Nematoda,stressed,1,test
data/raw/Nematoda/220822212820_199800.jpg,Nematoda,stressed,1,test
data/raw/Nematoda/220827111145_4800.jpg,Nematoda,stressed,1,test
data/raw/Nematoda/220819132809_247800.jpg,Nematoda,stressed,1,test
data/raw/Nematoda/220712154002_43800.jpg,Nematoda,stressed,1,test
data/raw/Nematoda/220712211907_12000.jpg,Nematoda,stressed,1,test
data/raw/Nematoda/220707145542_348000.jpg,Nematoda,stressed,1,test
data/raw/Nematoda/221214172456_229.jpg,Nematoda,stressed,1,test
data/raw/Nematoda/220815162809_35100.jpg,Nematoda,stressed,1,test
data/raw/Nematoda/220825221032_74400.jpg,Nematoda,stressed,1,test
data/raw/Nematoda/221212213734_130.jpg,Nematoda,stressed,1,test
data/raw/Nematoda/220820193018_37800.jpg,Nematoda,stressed,1,test
data/raw/Nematoda/220826105111_11400.jpg,Nematoda,stressed,1,test
data/raw/Nematoda/220825135254_35400.jpg,Nematoda,stressed,1,test
data/raw/Nematoda/220827111145_5700_2.jpg,Nematoda,stressed,1,test
data/raw/Nematoda/220825110853_12900.jpg,Nematoda,stressed,1,test
data/raw/Nematoda/220823165512_157800.jpg,Nematoda,stressed,1,test
data/raw/Nematoda/220823165512_127800.jpg,Nematoda,stressed,1,test
data/raw/Nematoda/220827192508_25800.jpg,Nematoda,stressed,1,test
data/raw/Nematoda/220825160549_112200_2.jpg,Nematoda,stressed,1,test
data/raw/Nematoda/220705205512_311400.jpg,Nematoda,stressed,1,test
data/raw/Nematoda/220815204959_41100.jpg,Nematoda,stressed,1,test
data/raw/Nematoda/220823110824_4500.jpg,Nematoda,stressed,1,test
data/raw/Nematoda/220826105111_18600.jpg,Nematoda,stressed,1,test
data/raw/Nematoda/220824211549_9000.jpg,Nematoda,stressed,1,test
data/raw/Nematoda/220823214033_7800.jpg,Nematoda,stressed,1,test
data/raw/Nematoda/220827111145_5700.jpg,Nematoda,stressed,1,test
data/raw/Nematoda/220822160429_73800.jpg,Nematoda,stressed,1,test
data/raw/Nematoda/220825221032_13500.jpg,Nematoda,stressed,1,test
data/raw/Nematoda/220823165512_117600.jpg,Nematoda,stressed,1,test
data/raw/Nematoda/220711151704_327000.jpg,Nematoda,stressed,1,test
data/raw/Nematoda/220712162334_232200.jpg,Nematoda,stressed,1,test
data/raw/Nematoda/220708152029_47100.jpg,Nematoda,stressed,1,test
data/raw/Nematoda/220823134252_11400.jpg,Nematoda,stressed,1,test
data/raw/Nematoda/220823214033_51000.jpg,Nematoda,stressed,1,test
data/raw/Nematoda/220707221712_346500.jpg,Nematoda,stressed,1,test
data/raw/Nematoda/220823165512_108600.jpg,Nematoda,stressed,1,test
data/raw/Nematoda/220710214438_245100.jpg,Nematoda,stressed,1,test
data/raw/Nematoda/220704212204_29700.jpg,Nematoda,stressed,1,test
data/raw/Nematoda/220711151704_338100.jpg,Nematoda,stressed,1,test
data/raw/Nematoda/220707145542_97500.jpg,Nematoda,stressed,1,test
data/raw/Nematoda/220825221032_32700.jpg,Nematoda,stressed,1,test
data/raw/Nematoda/220824211549_10200_2.jpg,Nematoda,stressed,1,test
data/raw/Nematoda/220826130431_280200.jpg,Nematoda,stressed,1,test
data/raw/Nematoda/220825160549_88500.jpg,Nematoda,stressed,1,test
data/raw/Nematoda/220715153913_82500.jpg,Nematoda,stressed,1,test
data/raw/Nematoda/220705205512_111000.jpg,Nematoda,stressed,1,test
data/raw/Nematoda/220711151704_381300.jpg,Nematoda,stressed,1,test
data/raw/Nematoda/220826130431_310800.jpg,Nematoda,stressed,1,test
data/raw/Nematoda/220826192159_9000.jpg,Nematoda,stressed,1,test
data/raw/Nematoda/220827131622_21000.jpg,Nematoda,stressed,1,test
data/raw/Nematoda/220716104346_113400.jpg,Nematoda,stressed,1,test
data/raw/Nematoda/220713151019_153000.jpg,Nematoda,stressed,1,test
data/raw/Nematoda/220823214033_28800.jpg,Nematoda,stressed,1,test
data/raw/Nematoda/220823214033_126300.jpg,Nematoda,stressed,1,test
data/raw/Nematoda/220825160549_86700.jpg,Nematoda,stressed,1,test
data/raw/Nematoda/221215171437_240.jpg,Nematoda,stressed,1,test
data/raw/Nematoda/220707221712_28200.jpg,Nematoda,stressed,1,test
data/raw/Nematoda/220825221032_50700.jpg,Nematoda,stressed,1,test
data/raw/Nematoda/220712211907_16200.jpg,Nematoda,stressed,1,test
data/raw/Nematoda/220823214033_7500.jpg,Nematoda,stressed,1,test
data/raw/Nematoda/221212213734_131.jpg,Nematoda,stressed,1,test
data/raw/Nematoda/220826130431_276300.jpg,Nematoda,stressed,1,test
data/raw/Nematoda/220713151019_38700.jpg,Nematoda,stressed,1,test
data/raw/Nematoda/220711151704_170100.jpg,Nematoda,stressed,1,test
data/raw/Nematoda/220712211907_74400.jpg,Nematoda,stressed,1,test
data/raw/Nematoda/220707145542_97800.jpg,Nematoda,stressed,1,test
data/raw/Nematoda/220706161602_284700.jpg,Nematoda,stressed,1,test
data/raw/Nematoda/220705133448_237900.jpg,Nematoda,stressed,1,test
data/raw/Nematoda/220822160429_43500.jpg,Nematoda,stressed,1,test
data/raw/Nematoda/220706100742_36000.jpg,Nematoda,stressed,1,test
data/raw/Nematoda/220710155007_4500.jpg,Nematoda,stressed,1,test
data/raw/Nematoda/220823110824_4200.jpg,Nematoda,stressed,1,test
data/raw/Nematoda/220825221032_62700.jpg,Nematoda,stressed,1,test
data/raw/Nematoda/220711151704_95700.jpg,Nematoda,stressed,1,test
data/raw/Nematoda/220826130431_290700.jpg,Nematoda,stressed,1,test
data/raw/Nematoda/220826105111_33000.jpg,Nematoda,stressed,1,test
data/raw/Nematoda/220823214033_100500_2.jpg,Nematoda,stressed,1,test
data/raw/Nematoda/221128131012_87.jpg,Nematoda,stressed,1,test
data/raw/Nematoda/220714151918_383700.jpg,Nematoda,stressed,1,test
data/raw/Nematoda/220708152029_47400.jpg,Nematoda,stressed,1,test
data/raw/Nematoda/220712211907_55500.jpg,Nematoda,stressed,1,test
data/raw/Nematoda/220823214033_4500.jpg,Nematoda,stressed,1,test
data/raw/Nematoda/220710155007_59700.jpg,Nematoda,stressed,1,test
data/raw/Nematoda/220714151918_261900.jpg,Nematoda,stressed,1,test
data/raw/Nematoda/220823214033_144900.jpg,Nematoda,stressed,1,test
data/raw/Nematoda/220826211851_121200.jpg,Nematoda,stressed,1,test
data/raw/Nematoda/220710155007_104400.jpg,Nematoda,stressed,1,test
data/raw/Nematoda/220824211549_7500.jpg,Nematoda,stressed,1,test
data/raw/Nematoda/220823165512_16200.jpg,Nematoda,stressed,1,test
data/raw/Nematoda/220710155007_109500.jpg,Nematoda,stressed,1,test
data/raw/Nematoda/220825221032_76500.jpg,Nematoda,stressed,1,test
data/raw/Nematoda/220826105111_18900.jpg,Nematoda,stressed,1,test
data/raw/Nematoda/220824211549_131400.jpg,Nematoda,stressed,1,test
data/raw/Nematoda/220710155007_60000.jpg,Nematoda,stressed,1,test
data/raw/Nematoda/220827131622_13800_2.jpg,Nematoda,stressed,1,test
data/raw/Nematoda/220716104346_101400.jpg,Nematoda,stressed,1,test
data/raw/Nematoda/220824101451_15600.jpg,Nematoda,stressed,1,test
data/raw/Nematoda/220827131622_3600_2.jpg,Nematoda,stressed,1,test
data/raw/Nematoda/220823165512_158400.jpg,Nematoda,stressed,1,test
data/raw/Nematoda/220710214438_19200.jpg,Nematoda,stressed,1,test
data/raw/Nematoda/220825221032_70200_3.jpg,Nematoda,stressed,1,test
data/raw/Nematoda/220826192159_63600.jpg,Nematoda,stressed,1,test
data/raw/Nematoda/220822212820_4200.jpg,Nematoda,stressed,1,test
data/raw/Nematoda/220827155746_20700.jpg,Nematoda,stressed,1,test
data/raw/Nematoda/220823165512_110400.jpg,Nematoda,stressed,1,test
data/raw/Nematoda/220715153913_82800.jpg,Nematoda,stressed,1,test
data/raw/Nematoda/220713091344_237300.jpg,Nematoda,stressed,1,test
data/raw/Nematoda/220707145542_217800.jpg,Nematoda,stressed,1,test
data/raw/Nematoda/220827111145_5100_2.jpg,Nematoda,stressed,1,test
data/raw/Nematoda/220820193018_39900.jpg,Nematoda,stressed,1,test
data/raw/Nematoda/220707103914_261000.jpg,Nematoda,stressed,1,test
data/raw/Nematoda/220820132438_144000.jpg,Nematoda,stressed,1,test
data/raw/Nematoda/220707145542_382200.jpg,Nematoda,stressed,1,test
data/raw/Nematoda/220823165512_110400_2.jpg,Nematoda,stressed,1,test
data/raw/Nematoda/220816110204_3900.jpg,Nematoda,stressed,1,test
data/raw/Nematoda/220826211851_155100.jpg,Nematoda,stressed,1,test
data/raw/Nematoda/220826211851_6000.jpg,Nematoda,stressed,1,test
data/raw/Nematoda/220712162334_232800.jpg,Nematoda,stressed,1,test
data/raw/Nematoda/220827131622_4500.jpg,Nematoda,stressed,1,test
data/raw/Nematoda/220706161602_106800.jpg,Nematoda,stressed,1,test
data/raw/Nematoda/220825160549_116700.jpg,Nematoda,stressed,1,test
data/raw/Nematoda/220825110853_46800.jpg,Nematoda,stressed,1,test
data/raw/Nematoda/220704212204_130200.jpg,Nematoda,stressed,1,test
data/raw/Nematoda/220820193018_41400.jpg,Nematoda,stressed,1,test
data/raw/Nematoda/220715153913_139500.jpg,Nematoda,stressed,1,test
data/raw/Nematoda/220827192508_13500.jpg,Nematoda,stressed,1,test
data/raw/Nematoda/220826130431_1800_2.jpg,Nematoda,stressed,1,test
data/raw/Nematoda/220825221032_70200.jpg,Nematoda,stressed,1,test
data/raw/Nematoda/220823214033_117600.jpg,Nematoda,stressed,1,test
data/raw/Nematoda/220827131622_11400.jpg,Nematoda,stressed,1,test
data/raw/Nematoda/220819192357_232200.jpg,Nematoda,stressed,1,test
data/raw/Nematoda/220824184740_0.jpg,Nematoda,stressed,1,test
data/raw/Nematoda/221213180049_4.jpg,Nematoda,stressed,1,test
data/raw/Nematoda/220827142139_1200.jpg,Nematoda,stressed,1,test
data/raw/Nematoda/220823214033_101100_3.jpg,Nematoda,stressed,1,test
data/raw/Nematoda/220707145542_64500.jpg,Nematoda,stressed,1,test
data/raw/Nematoda/220706120715_81900.jpg,Nematoda,stressed,1,test
data/raw/Nematoda/220823214033_10200.jpg,Nematoda,stressed,1,test
data/raw/Nematoda/220826105111_24300.jpg,Nematoda,stressed,1,test
data/raw/Nematoda/220708152029_129300.jpg,Nematoda,stressed,1,test
data/raw/Nematoda/220823214033_91200.jpg,Nematoda,stressed,1,test
data/raw/Nematoda/220710214438_71700.jpg,Nematoda,stressed,1,test
data/raw/Nematoda/220826192159_56100_2.jpg,Nematoda,stressed,1,test
data/raw/Nematoda/220704164337_49200.jpg,Nematoda,stressed,1,test
data/raw/Nematoda/220827111145_49800.jpg,Nematoda,stressed,1,test
data/raw/Nematoda/220823165512_110100_2.jpg,Nematoda,stressed,1,test
data/raw/Nematoda/220826211851_5700.jpg,Nematoda,stressed,1,test
data/raw/Nematoda/220826211851_113400.jpg,Nematoda,stressed,1,test
data/raw/Nematoda/220821212553_35100.jpg,Nematoda,stressed,1,test
data/raw/Nematoda/220826130431_284700.jpg,Nematoda,stressed,1,test
data/raw/Nematoda/220826105111_20400.jpg,Nematoda,stressed,1,test
data/raw/Nematoda/220823214033_14400.jpg,Nematoda,stressed,1,test
data/raw/Nematoda/220825221032_69900_2.jpg,Nematoda,stressed,1,test
data/raw/Nematoda/220826211851_138000_2.jpg,Nematoda,stressed,1,test
data/raw/Nematoda/220825160549_112500.jpg,Nematoda,stressed,1,test
data/raw/Nematoda/220824154018_66000.jpg,Nematoda,stressed,1,test
data/raw/Nematoda/220705133448_560700.jpg,Nematoda,stressed,1,test
data/raw/Nematoda/220714151918_189000.jpg,Nematoda,stressed,1,test
data/raw/Nematoda/220707145542_64200.jpg,Nematoda,stressed,1,test
data/raw/Nematoda/220712162334_12300.jpg,Nematoda,stressed,1,test
data/raw/Nematoda/220823214033_118200.jpg,Nematoda,stressed,1,test
data/raw/Nematoda/220823165512_150600.jpg,Nematoda,stressed,1,test
data/raw/Nematoda/220823165512_135900_2.jpg,Nematoda,stressed,1,test
data/raw/Nematoda/220822212820_184500.jpg,Nematoda,stressed,1,test
data/raw/Nematoda/220826105111_10500.jpg,Nematoda,stressed,1,test
data/raw/Nematoda/220826192159_15600.jpg,Nematoda,stressed,1,test
data/raw/Nematoda/220824211549_121500.jpg,Nematoda,stressed,1,test
data/raw/Nematoda/220714151918_383400.jpg,Nematoda,stressed,1,test
data/raw/Nematoda/220823165512_21000.jpg,Nematoda,stressed,1,test
data/raw/Nematoda/220825160549_112200.jpg,Nematoda,stressed,1,test
data/raw/Nematoda/220712162334_11700.jpg,Nematoda,stressed,1,test
data/raw/Nematoda/220826211851_6600_2.jpg,Nematoda,stressed,1,test
data/raw/Nematoda/220826130431_295800.jpg,Nematoda,stressed,1,test
data/raw/Nematoda/220826192159_55200.jpg,Nematoda,stressed,1,test
data/raw/Nematoda/220826130431_303900.jpg,Nematoda,stressed,1,test
data/raw/Nematoda/220825221032_75000.jpg,Nematoda,stressed,1,test
data/raw/Nematoda/220825221032_63900.jpg,Nematoda,stressed,1,test
data/raw/Nematoda/220823165512_108000.jpg,Nematoda,stressed,1,test
data/raw/Nematoda/220827111145_24600.jpg,Nematoda,stressed,1,test
data/raw/Nematoda/220823165512_135900.jpg,Nematoda,stressed,1,test
data/raw/Nematoda/221209140505_93.jpg,Nematoda,stressed,1,test
data/raw/Nematoda/220826105111_25200.jpg,Nematoda,stressed,1,test
data/raw/Nematoda/221210093417_111.jpg,Nematoda,stressed,1,test
data/raw/Nematoda/220824211549_4800_2.jpg,Nematoda,stressed,1,test
data/raw/Nematoda/220823214033_121800.jpg,Nematoda,stressed,1,test
data/raw/Nematoda/220823214033_96300.jpg,Nematoda,stressed,1,test
data/raw/Nematoda/220825160549_86100.jpg,Nematoda,stressed,1,test
data/raw/Nematoda/220825110853_38400.jpg,Nematoda,stressed,1,test
data/raw/Nematoda/220823214033_115500.jpg,Nematoda,stressed,1,test
data/raw/Nematoda/220823214033_104400.jpg,Nematoda,stressed,1,test
data/raw/Nematoda/220707221712_282900.jpg,Nematoda,stressed,1,test
data/raw/Nematoda/220824211549_9300_2.jpg,Nematoda,stressed,1,test
data/raw/Nematoda/221209200616_163.jpg,Nematoda,stressed,1,test
data/raw/Nematoda/221215171437_463.jpg,Nematoda,stressed,1,test
data/raw/Nematoda/220827111145_47100.jpg,Nematoda,stressed,1,test
data/raw/Nematoda/220826192159_67500.jpg,Nematoda,stressed,1,test
data/raw/Nematoda/220706161602_63900.jpg,Nematoda,stressed,1,test
data/raw/Nematoda/220826192159_72000.jpg,Nematoda,stressed,1,test
data/raw/Nematoda/220822140537_31800_2.jpg,Nematoda,stressed,1,test
data/raw/Nematoda/220822140537_31800.jpg,Nematoda,stressed,1,test
data/raw/Nematoda/220827192508_17700.jpg,Nematoda,stressed,1,test
data/raw/Nematoda/220827192508_27000.jpg,Nematoda,stressed,1,test
data/raw/Nematoda/220704212204_135300.jpg,Nematoda,stressed,1,test
data/raw/Nematoda/221209200616_88.jpg,Nematoda,stressed,1,test
data/raw/Nematoda/220823214033_100800.jpg,Nematoda,stressed,1,test
data/raw/Nematoda/220824211549_134400.jpg,Nematoda,stressed,1,test
data/raw/Nematoda/220826211851_139800.jpg,Nematoda,stressed,1,test
data/raw/Nematoda/220825160549_92700.jpg,Nematoda,stressed,1,test
data/raw/Nematoda/220715153913_139800.jpg,Nematoda,stressed,1,test
data/raw/Nematoda/220823214033_119400.jpg,Nematoda,stressed,1,test
data/raw/Nematoda/220827111145_47700.jpg,Nematoda,stressed,1,test
data/raw/Nematoda/220706212903_338100.jpg,Nematoda,stressed,1,test
data/raw/Nematoda/220822212820_76200.jpg,Nematoda,stressed,1,test
data/raw/Nematoda/220821192338_118800.jpg,Nematoda,stressed,1,test
data/raw/Nematoda/220706120715_168300.jpg,Nematoda,stressed,1,test
data/raw/Nematoda/220821212553_32700.jpg,Nematoda,stressed,1,test
data/raw/Nematoda/220825221032_89100.jpg,Nematoda,stressed,1,test
data/raw/Nematoda/220710155007_104700.jpg,Nematoda,stressed,1,test
data/raw/Nematoda/220826211851_154200.jpg,Nematoda,stressed,1,test
data/raw/Nematoda/220715103728_24600.jpg,Nematoda,stressed,1,test
data/raw/Nematoda/220706161602_90300.jpg,Nematoda,stressed,1,test
data/raw/Nematoda/220707145542_75600.jpg,Nematoda,stressed,1,test
data/raw/Nematoda/250808201112_8600.jpg,Nematoda,stressed,1,test
data/raw/Nematoda/220827111145_46800.jpg,Nematoda,stressed,1,test
data/raw/Nematoda/220827155746_71400.jpg,Nematoda,stressed,1,test
data/raw/Nematoda/220824211549_136500.jpg,Nematoda,stressed,1,test
data/raw/Nematoda/220823110824_39600_2.jpg,Nematoda,stressed,1,test
data/raw/Nematoda/220714223843_11100.jpg,Nematoda,stressed,1,test
data/raw/Nematoda/220827192508_12300.jpg,Nematoda,stressed,1,test
data/raw/Nematoda/220826192159_67500_3.jpg,Nematoda,stressed,1,test
data/raw/Nematoda/220825221032_82200.jpg,Nematoda,stressed,1,test
data/raw/Nematoda/220825160549_90000.jpg,Nematoda,stressed,1,test
data/raw/Nematoda/220704164337_2400.jpg,Nematoda,stressed,1,test
data/raw/Nematoda/220827192508_68100.jpg,Nematoda,stressed,1,test
data/raw/Nematoda/220708152029_99000.jpg,Nematoda,stressed,1,test
data/raw/Nematoda/220825135254_37200.jpg,Nematoda,stressed,1,test
data/raw/Nematoda/220825160549_94200_2.jpg,Nematoda,stressed,1,test
data/raw/Nematoda/220823165512_15900.jpg,Nematoda,stressed,1,test
data/raw/Nematoda/220823165512_94200.jpg,Nematoda,stressed,1,test
data/raw/Nematoda/220826211851_4200.jpg,Nematoda,stressed,1,test
data/raw/Nematoda/220823214033_50100.jpg,Nematoda,stressed,1,test
data/raw/Nematoda/220705205512_101400.jpg,Nematoda,stressed,1,test
data/raw/Nematoda/220815162809_35400.jpg,Nematoda,stressed,1,test
data/raw/Nematoda/220821212553_30900.jpg,Nematoda,stressed,1,test
data/raw/Nematoda/250717143235_5100.jpg,Nematoda,stressed,1,test
data/raw/Nematoda/220820193018_40200.jpg,Nematoda,stressed,1,test
data/raw/Nematoda/220715214149_26400.jpg,Nematoda,stressed,1,test
data/raw/Nematoda/220827111145_31800.jpg,Nematoda,stressed,1,test
data/raw/Nematoda/220710214438_231000.jpg,Nematoda,stressed,1,test
data/raw/Nematoda/220823214033_9000.jpg,Nematoda,stressed,1,test
data/raw/Nematoda/220827131622_6000.jpg,Nematoda,stressed,1,test
data/raw/Nematoda/220706100742_13500.jpg,Nematoda,stressed,1,test
data/raw/Nematoda/220823165512_112800.jpg,Nematoda,stressed,1,test
data/raw/Nematoda/220826105111_20700.jpg,Nematoda,stressed,1,test
data/raw/Nematoda/220825221032_11100.jpg,Nematoda,stressed,1,test
data/raw/Nematoda/220817195919_79500.jpg,Nematoda,stressed,1,test
data/raw/Nematoda/220823165512_97500.jpg,Nematoda,stressed,1,test
data/raw/Nematoda/220823165512_156000.jpg,Nematoda,stressed,1,test
data/raw/Nematoda/220825160549_86100_2.jpg,Nematoda,stressed,1,test
data/raw/Nematoda/220827155746_20400.jpg,Nematoda,stressed,1,test
data/raw/Nematoda/220706212903_449700.jpg,Nematoda,stressed,1,test
data/raw/Nematoda/221215171437_465.jpg,Nematoda,stressed,1,test
data/raw/Nematoda/220825160549_88200.jpg,Nematoda,stressed,1,test
data/raw/Nematoda/220826130431_300900.jpg,Nematoda,stressed,1,test
data/raw/Nematoda/220827111145_48900.jpg,Nematoda,stressed,1,test
data/raw/Nematoda/220824211549_7200.jpg,Nematoda,stressed,1,test
data/raw/Nematoda/220824211549_113400.jpg,Nematoda,stressed,1,test
data/raw/Nematoda/220822140537_0.jpg,Nematoda,stressed,1,test
data/raw/Nematoda/220815194957_8700.jpg,Nematoda,stressed,1,test
data/raw/Nematoda/220824211549_15900.jpg,Nematoda,stressed,1,test
data/raw/Nematoda/220707103914_76500.jpg,Nematoda,stressed,1,test
data/raw/Nematoda/220826211851_23400.jpg,Nematoda,stressed,1,test
data/raw/Nematoda/220823214033_101100_2.jpg,Nematoda,stressed,1,test
data/raw/Nematoda/220827192508_16200.jpg,Nematoda,stressed,1,test
data/raw/Nematoda/220823214033_8100_2.jpg,Nematoda,stressed,1,test
data/raw/Nematoda/220705205512_85800.jpg,Nematoda,stressed,1,test
data/raw/Nematoda/220706212903_256800.jpg,Nematoda,stressed,1,test
data/raw/Nematoda/221209200616_169.jpg,Nematoda,stressed,1,test
data/raw/Nematoda/220715153913_147600.jpg,Nematoda,stressed,1,test
data/raw/Nematoda/220827192508_68700.jpg,Nematoda,stressed,1,test
data/raw/Nematoda/220822212820_35400.jpg,Nematoda,stressed,1,test
data/raw/Nematoda/250719143853_6900.jpg,Nematoda,stressed,1,test
data/raw/Nematoda/220825160549_91200.jpg,Nematoda,stressed,1,test
data/raw/Nematoda/220825160549_94200.jpg,Nematoda,stressed,1,test
data/raw/Nematoda/220826211851_16800.jpg,Nematoda,stressed,1,test
data/raw/Nematoda/220827131622_13200.jpg,Nematoda,stressed,1,test
data/raw/Nematoda/220707221712_19800.jpg,Nematoda,stressed,1,test
data/raw/Nematoda/220823165512_107700.jpg,Nematoda,stressed,1,test
data/raw/Nematoda/220823214033_117600_2.jpg,Nematoda,stressed,1,test
data/raw/Nematoda/220826192159_33000.jpg,Nematoda,stressed,1,test
data/raw/Nematoda/220823134252_11700.jpg,Nematoda,stressed,1,test
data/raw/Nematoda/220714223843_11400.jpg,Nematoda,stressed,1,test
data/raw/Nematoda/220823214033_8100.jpg,Nematoda,stressed,1,test
data/raw/Nematoda/220823214033_82800.jpg,Nematoda,stressed,1,test
data/raw/Nematoda/220827192508_58500.jpg,Nematoda,stressed,1,test
data/raw/Nematoda/221214172456_230.jpg,Nematoda,stressed,1,test
data/raw/Nematoda/220823165512_160500.jpg,Nematoda,stressed,1,test
data/raw/Nematoda/220825221032_78000.jpg,Nematoda,stressed,1,test
data/raw/Nematoda/220825191956_13500.jpg,Nematoda,stressed,1,test
data/raw/Nematoda/220815194957_9000.jpg,Nematoda,stressed,1,test
data/raw/Nematoda/221213180049_3.jpg,Nematoda,stressed,1,test
data/raw/Nematoda/220825135254_36000.jpg,Nematoda,stressed,1,test
data/raw/Nematoda/220823165512_123600.jpg,Nematoda,stressed,1,test
data/raw/Nematoda/220825221032_63600.jpg,Nematoda,stressed,1,test
data/raw/Nematoda/220707221712_346800.jpg,Nematoda,stressed,1,test
data/raw/Nematoda/220625152853_6300.jpg,Nematoda,stressed,1,test
data/raw/Nematoda/220705133448_432300.jpg,Nematoda,stressed,1,test
data/raw/Nematoda/220710214438_72000.jpg,Nematoda,stressed,1,test
data/raw/Nematoda/220825135254_34800.jpg,Nematoda,stressed,1,test
data/raw/Nematoda/220824101451_57900.jpg,Nematoda,stressed,1,test
data/raw/Nematoda/220706100742_112500.jpg,Nematoda,stressed,1,test
data/raw/Nematoda/220821192338_92400_2.jpg,Nematoda,stressed,1,test
data/raw/Nematoda/220821192338_43500_2.jpg,Nematoda,stressed,1,test
data/raw/Nematoda/220714151918_261600_2.jpg,Nematoda,stressed,1,test
data/raw/Nematoda/220826211851_138300.jpg,Nematoda,stressed,1,test
data/raw/Nematoda/220823214033_19500.jpg,Nematoda,stressed,1,test
data/raw/Nematoda/220704212204_51900.jpg,Nematoda,stressed,1,test
data/raw/Nematoda/221218205314_2.jpg,Nematoda,stressed,1,test
data/raw/Nematoda/220826130431_284700_2.jpg,Nematoda,stressed,1,test
data/raw/Nematoda/220825191956_0.jpg,Nematoda,stressed,1,test
data/raw/Nematoda/220826192159_12000.jpg,Nematoda,stressed,1,test
data/raw/Nematoda/220708152029_180600.jpg,Nematoda,stressed,1,test
data/raw/Nematoda/220826192159_55800.jpg,Nematoda,stressed,1,test
data/raw/Nematoda/221215171437_300.jpg,Nematoda,stressed,1,test
data/raw/Nematoda/220823214033_67200_2.jpg,Nematoda,stressed,1,test
data/raw/Nematoda/220824101451_18000.jpg,Nematoda,stressed,1,test
data/raw/Nematoda/220826130431_310500.jpg,Nematoda,stressed,1,test
data/raw/Nematoda/220823165512_110100.jpg,Nematoda,stressed,1,test
data/raw/Nematoda/220823165512_86400.jpg,Nematoda,stressed,1,test
data/raw/Nematoda/220823214033_85200.jpg,Nematoda,stressed,1,test
data/raw/Nematoda/220715214149_15300.jpg,Nematoda,stressed,1,test
data/raw/Nematoda/220712162334_232500.jpg,Nematoda,stressed,1,test
data/raw/Nematoda/220827142139_7200_3.jpg,Nematoda,stressed,1,test
data/raw/Nematoda/220704164337_300.jpg,Nematoda,stressed,1,test
data/raw/Nematoda/220823165512_82800.jpg,Nematoda,stressed,1,test
data/raw/Nematoda/221215171437_299.jpg,Nematoda,stressed,1,test
data/raw/Nematoda/220823214033_9300.jpg,Nematoda,stressed,1,test
data/raw/Nematoda/220827111145_26400.jpg,Nematoda,stressed,1,test
data/raw/Nematoda/220707103914_259500.jpg,Nematoda,stressed,1,test
data/raw/Nematoda/220827111145_20400.jpg,Nematoda,stressed,1,test
data/raw/Nematoda/220823165512_20100.jpg,Nematoda,stressed,1,test
data/raw/Nematoda/220827131622_3300.jpg,Nematoda,stressed,1,test
data/raw/Nematoda/220823165512_104100.jpg,Nematoda,stressed,1,test
data/raw/Nematoda/220826192159_5100.jpg,Nematoda,stressed,1,test
data/raw/Nematoda/220826192159_64800.jpg,Nematoda,stressed,1,test
data/raw/Nematoda/220826130431_1800_3.jpg,Nematoda,stressed,1,test
data/raw/Nematoda/220826211851_300.jpg,Nematoda,stressed,1,test
data/raw/Nematoda/220712154002_30600.jpg,Nematoda,stressed,1,test
data/raw/Nematoda/220826211851_2100.jpg,Nematoda,stressed,1,test
data/raw/Nematoda/220708152029_139500.jpg,Nematoda,stressed,1,test
data/raw/Nematoda/220711151704_317100.jpg,Nematoda,stressed,1,test
data/raw/Nematoda/220826211851_6600.jpg,Nematoda,stressed,1,test
data/raw/Nematoda/220712154002_44100.jpg,Nematoda,stressed,1,test
data/raw/Nematoda/220705133448_526800.jpg,Nematoda,stressed,1,test
data/raw/Nematoda/220827142139_7200_2.jpg,Nematoda,stressed,1,test
data/raw/Nematoda/220826211851_143700.jpg,Nematoda,stressed,1,test
data/raw/Nematoda/250717173415_1700.jpg,Nematoda,stressed,1,test
data/raw/Nematoda/220825160549_90900.jpg,Nematoda,stressed,1,test
data/raw/Nematoda/220823214033_7800_2.jpg,Nematoda,stressed,1,test
data/raw/Nematoda/220708152029_92100.jpg,Nematoda,stressed,1,test
data/raw/Nematoda/220827155746_18600.jpg,Nematoda,stressed,1,test
data/raw/Nematoda/220823134252_12600.jpg,Nematoda,stressed,1,test
data/raw/Nematoda/220825110853_22200.jpg,Nematoda,stressed,1,test
data/raw/Nematoda/220710155007_56400.jpg,Nematoda,stressed,1,test
data/raw/Nematoda/220823214033_73800.jpg,Nematoda,stressed,1,test
data/raw/Nematoda/220823214033_83100.jpg,Nematoda,stressed,1,test
data/raw/Nematoda/220826211851_158100.jpg,Nematoda,stressed,1,test
data/raw/Nematoda/221213180049_196.jpg,Nematoda,stressed,1,test
data/raw/Nematoda/220823165512_135600.jpg,Nematoda,stressed,1,test
data/raw/Nematoda/220706212903_302400.jpg,Nematoda,stressed,1,test
data/raw/Nematoda/220707221712_30300.jpg,Nematoda,stressed,1,test
data/raw/Nematoda/221213180049_2.jpg,Nematoda,stressed,1,test
data/raw/Nematoda/220825221032_92400.jpg,Nematoda,stressed,1,test
data/raw/Nematoda/220826130431_290700_2.jpg,Nematoda,stressed,1,test
data/raw/Nematoda/220704212204_129900.jpg,Nematoda,stressed,1,test
data/raw/Nematoda/220821212553_31800.jpg,Nematoda,stressed,1,test
data/raw/Nematoda/220823165512_155700.jpg,Nematoda,stressed,1,test
data/raw/Nematoda/220827111145_28500.jpg,Nematoda,stressed,1,test
data/raw/Nematoda/220712154002_30900.jpg,Nematoda,stressed,1,test
data/raw/Nematoda/220825221032_40500_2.jpg,Nematoda,stressed,1,test
data/raw/Nematoda/221203134303_110.jpg,Nematoda,stressed,1,test
data/raw/Nematoda/220706100742_2700.jpg,Nematoda,stressed,1,test
data/raw/Nematoda/220707221712_219300.jpg,Nematoda,stressed,1,test
data/raw/Nematoda/220824211549_135300.jpg,Nematoda,stressed,1,test
data/raw/Nematoda/220716104346_76800.jpg,Nematoda,stressed,1,test
data/raw/Nematoda/220826211851_129600.jpg,Nematoda,stressed,1,test
data/raw/Nematoda/221203134303_109.jpg,Nematoda,stressed,1,test
data/raw/Nematoda/220822184727_6300.jpg,Nematoda,stressed,1,test
data/raw/Nematoda/220712211907_15900.jpg,Nematoda,stressed,1,test
data/raw/Nematoda/220821192338_43500.jpg,Nematoda,stressed,1,test
data/raw/Nematoda/220824211549_10200.jpg,Nematoda,stressed,1,test
data/raw/Nematoda/220824184740_24000.jpg,Nematoda,stressed,1,test
data/raw/Nematoda/220711151704_74700.jpg,Nematoda,stressed,1,test
data/raw/Nematoda/220821212553_35400.jpg,Nematoda,stressed,1,test
data/raw/Nematoda/220825221032_20100.jpg,Nematoda,stressed,1,test
data/raw/Nematoda/220823214033_91500.jpg,Nematoda,stressed,1,test
data/raw/Nematoda/220705205512_160800.jpg,Nematoda,stressed,1,test
data/raw/Nematoda/220821192338_119100.jpg,Nematoda,stressed,1,test
data/raw/Nematoda/220706161602_294000.jpg,Nematoda,stressed,1,test
data/raw/Nematoda/220824211549_117900.jpg,Nematoda,stressed,1,test
data/raw/Nematoda/220712211907_17100.jpg,Nematoda,stressed,1,test
data/raw/Nematoda/220823165512_158400_2.jpg,Nematoda,stressed,1,test
data/raw/Nematoda/220713151019_38400.jpg,Nematoda,stressed,1,test
data/raw/Nematoda/220823214033_23100.jpg,Nematoda,stressed,1,test
data/raw/Nematoda/220825135254_37500.jpg,Nematoda,stressed,1,test
data/raw/Nematoda/220824211549_130800_2.jpg,Nematoda,stressed,1,test
data/raw/Nematoda/220823165512_158700.jpg,Nematoda,stressed,1,test
data/raw/Nematoda/220710155007_109800.jpg,Nematoda,stressed,1,test
data/raw/Nematoda/220710155007_109200.jpg,Nematoda,stressed,1,test
data/raw/Nematoda/220824211549_9300.jpg,Nematoda,stressed,1,test
data/raw/Nematoda/220825221032_82200_2.jpg,Nematoda,stressed,1,test
data/raw/Nematoda/220711151704_327300.jpg,Nematoda,stressed,1,test
data/raw/Nematoda/221216103701_107.jpg,Nematoda,stressed,1,test
data/raw/Nematoda/220824211549_15600.jpg,Nematoda,stressed,1,test
data/raw/Nematoda/220823214033_7200.jpg,Nematoda,stressed,1,test
data/raw/Nematoda/220708152029_85800.jpg,Nematoda,stressed,1,test
data/raw/Nematoda/220823165512_150900.jpg,Nematoda,stressed,1,test
data/raw/Nematoda/220821192338_125100.jpg,Nematoda,stressed,1,test
data/raw/Nematoda/220823214033_88800.jpg,Nematoda,stressed,1,test
data/raw/Nematoda/220707221712_363900.jpg,Nematoda,stressed,1,test
data/raw/Nematoda/220827131622_15600.jpg,Nematoda,stressed,1,test
data/raw/Nematoda/220827111145_5400.jpg,Nematoda,stressed,1,test
data/raw/Nematoda/220826211851_138000.jpg,Nematoda,stressed,1,test
data/raw/Nematoda/220826211851_9900.jpg,Nematoda,stressed,1,test
data/raw/Nematoda/220827192508_52800.jpg,Nematoda,stressed,1,test
data/raw/Nematoda/220824101451_7200.jpg,Nematoda,stressed,1,test
data/raw/Nematoda/220824211549_130800.jpg,Nematoda,stressed,1,test
data/raw/Nematoda/220826211851_158700.jpg,Nematoda,stressed,1,test
data/raw/Nematoda/220702195412_63300.jpg,Nematoda,stressed,1,test
data/raw/Nematoda/220825110853_20700.jpg,Nematoda,stressed,1,test
data/raw/Nematoda/220825221032_62400.jpg,Nematoda,stressed,1,test
data/raw/Nematoda/220705205512_161100.jpg,Nematoda,stressed,1,test
data/raw/Nematoda/220704212204_51600.jpg,Nematoda,stressed,1,test
data/raw/Nematoda/220822212820_188700.jpg,Nematoda,stressed,1,test
data/raw/Nematoda/220825160549_92400.jpg,Nematoda,stressed,1,test
data/raw/Nematoda/220823214033_137100.jpg,Nematoda,stressed,1,test
data/raw/Nematoda/220822212820_184800.jpg,Nematoda,stressed,1,test
data/raw/Nematoda/220825110853_48900.jpg,Nematoda,stressed,1,test
data/raw/Nematoda/220825110853_16800_2.jpg,Nematoda,stressed,1,test
data/raw/Nematoda/220823134252_9600.jpg,Nematoda,stressed,1,test
data/raw/Nematoda/220826192159_57000.jpg,Nematoda,stressed,1,test
data/raw/Nematoda/220825160549_91500.jpg,Nematoda,stressed,1,test
data/raw/Nematoda/220715153913_108900.jpg,Nematoda,stressed,1,test
data/raw/Nematoda/220826105111_4200.jpg,Nematoda,stressed,1,test
data/raw/Nematoda/220710214438_270300.jpg,Nematoda,stressed,1,test
data/raw/Nematoda/220823165512_107400.jpg,Nematoda,stressed,1,test
data/raw/Nematoda/220706100742_119700.jpg,Nematoda,stressed,1,test
data/raw/Nematoda/220714151918_264600.jpg,Nematoda,stressed,1,test
data/raw/Nematoda/220824211549_132000.jpg,Nematoda,stressed,1,test
data/raw/Nematoda/220824140750_21300.jpg,Nematoda,stressed,1,test
data/raw/Nematoda/220824211549_109200.jpg,Nematoda,stressed,1,test
data/raw/Nematoda/220710155007_88500.jpg,Nematoda,stressed,1,test
data/raw/Nematoda/220826130431_285600.jpg,Nematoda,stressed,1,test
data/raw/Nematoda/220710214438_34200.jpg,Nematoda,stressed,1,test
data/raw/Nematoda/220707221712_124500.jpg,Nematoda,stressed,1,test
data/raw/Nematoda/220823214033_72600.jpg,Nematoda,stressed,1,test
data/raw/Nematoda/220826105111_27000.jpg,Nematoda,stressed,1,test
data/raw/Nematoda/220711132531_42300.jpg,Nematoda,stressed,1,test
data/raw/Nematoda/220825110853_900.jpg,Nematoda,stressed,1,test
data/raw/Nematoda/220827131622_3600.jpg,Nematoda,stressed,1,test
data/raw/Nematoda/220827155746_70800.jpg,Nematoda,stressed,1,test
data/raw/Nematoda/220820132438_295800.jpg,Nematoda,stressed,1,test
data/raw/Nematoda/220711151704_215700.jpg,Nematoda,stressed,1,test
data/raw/Nematoda/220827131622_10500.jpg,Nematoda,stressed,1,test
data/raw/Nematoda/220823214033_8400.jpg,Nematoda,stressed,1,test
data/raw/Nematoda/220825160549_86400.jpg,Nematoda,stressed,1,test
data/raw/Nematoda/220826211851_111900.jpg,Nematoda,stressed,1,test
data/raw/Nematoda/220822184727_12600.jpg,Nematoda,stressed,1,test
data/raw/Nematoda/221219185410_108.jpg,Nematoda,stressed,1,test
data/raw/Nematoda/220825160549_129900.jpg,Nematoda,stressed,1,test
data/raw/Nematoda/220826105111_22500.jpg,Nematoda,stressed,1,test
data/raw/Nematoda/220827131622_14100.jpg,Nematoda,stressed,1,test
data/raw/Nematoda/220824101451_17400.jpg,Nematoda,stressed,1,test
data/raw/Nematoda/220823214033_101100.jpg,Nematoda,stressed,1,test
data/raw/Nematoda/220823214033_46500.jpg,Nematoda,stressed,1,test
data/raw/Nematoda/220827131622_7200.jpg,Nematoda,stressed,1,test
data/raw/Nematoda/220825221032_69900.jpg,Nematoda,stressed,1,test
data/raw/Nematoda/220715153913_157200.jpg,Nematoda,stressed,1,test
data/raw/Nematoda/220706100742_98400.jpg,Nematoda,stressed,1,test
data/raw/Nematoda/220706161602_475800.jpg,Nematoda,stressed,1,test
data/raw/Nematoda/220819132809_198000.jpg,Nematoda,stressed,1,test
data/raw/Nematoda/220712154002_64800.jpg,Nematoda,stressed,1,test
data/raw/Nematoda/220712211907_190200.jpg,Nematoda,stressed,1,test
data/raw/Nematoda/220824101451_60600.jpg,Nematoda,stressed,1,test
data/raw/Nematoda/220825160549_82200.jpg,Nematoda,stressed,1,test
data/raw/Nematoda/220706161602_349800.jpg,Nematoda,stressed,1,test
data/raw/Nematoda/220826211851_162300.jpg,Nematoda,stressed,1,test
data/raw/Nematoda/220710214438_190500.jpg,Nematoda,stressed,1,test
data/raw/Nematoda/221217211622_362.jpg,Nematoda,stressed,1,test
data/raw/Nematoda/220823214033_136200.jpg,Nematoda,stressed,1,test
data/raw/Nematoda/220824101451_18600.jpg,Nematoda,stressed,1,test
data/raw/Nematoda/221218205314_282.jpg,Nematoda,stressed,1,test
data/raw/Nematoda/220826211851_900.jpg,Nematoda,stressed,1,test
data/raw/Nematoda/220827155746_77100.jpg,Nematoda,stressed,1,test
data/raw/Nematoda/220825221032_40500.jpg,Nematoda,stressed,1,test
data/raw/Nematoda/220827131622_11700.jpg,Nematoda,stressed,1,test
data/raw/Nematoda/220707103914_255000.jpg,Nematoda,stressed,1,test
data/raw/Nematoda/220826211851_159000.jpg,Nematoda,stressed,1,test
data/raw/Nematoda/220823165512_100500.jpg,Nematoda,stressed,1,test
data/raw/Nematoda/220708152029_180300.jpg,Nematoda,stressed,1,test
data/raw/Nematoda/220706161602_16500.jpg,Nematoda,stressed,1,test
data/raw/Nematoda/220823165512_111000.jpg,Nematoda,stressed,1,test
data/raw/Nematoda/220710155007_147900.jpg,Nematoda,stressed,1,test
data/raw/Nematoda/220822212820_162000.jpg,Nematoda,stressed,1,test
data/raw/Nematoda/220711151704_170400.jpg,Nematoda,stressed,1,test
data/raw/Nematoda/220714223843_21000.jpg,Nematoda,stressed,1,test
data/raw/Nematoda/220707103914_10500.jpg,Nematoda,stressed,1,test
data/raw/Nematoda/220710155007_171000.jpg,Nematoda,stressed,1,test
data/raw/Nematoda/220825135254_0.jpg,Nematoda,stressed,1,test
data/raw/Nematoda/220815194957_9300.jpg,Nematoda,stressed,1,test
data/raw/Nematoda/220704164337_171000.jpg,Nematoda,stressed,1,test
data/raw/Nematoda/220714214255_67800.jpg,Nematoda,stressed,1,test
data/raw/Nematoda/220825221032_20400.jpg,Nematoda,stressed,1,test
data/raw/Nematoda/220826192159_8100.jpg,Nematoda,stressed,1,test
data/raw/Nematoda/221209200616_209.jpg,Nematoda,stressed,1,test
data/raw/Nematoda/220707103914_262200.jpg,Nematoda,stressed,1,test
data/raw/Nematoda/220824211549_135000.jpg,Nematoda,stressed,1,test
data/raw/Nematoda/220826211851_158400.jpg,Nematoda,stressed,1,test
data/raw/Nematoda/220825110853_16800.jpg,Nematoda,stressed,1,test
data/raw/Nematoda/220825221032_21300.jpg,Nematoda,stressed,1,test
data/raw/Nematoda/220823214033_9000_2.jpg,Nematoda,stressed,1,test
data/raw/Nematoda/220711210818_20400.jpg,Nematoda,stressed,1,test
data/raw/Nematoda/220706212903_55500.jpg,Nematoda,stressed,1,test
data/raw/Nematoda/220824184740_24300.jpg,Nematoda,stressed,1,test
data/raw/Nematoda/220823165512_111300.jpg,Nematoda,stressed,1,test
data/raw/Nematoda/220827111145_5100.jpg,Nematoda,stressed,1,test
data/raw/Nematoda/220714223843_20700.jpg,Nematoda,stressed,1,test
data/raw/Nematoda/220708152029_99300.jpg,Nematoda,stressed,1,test
data/raw/Nematoda/220821192338_116400.jpg,Nematoda,stressed,1,test
data/raw/Nematoda/220822212820_7200.jpg,Nematoda,stressed,1,test
data/raw/Nematoda/220825221032_60300.jpg,Nematoda,stressed,1,test
data/raw/Nematoda/220823165512_111900.jpg,Nematoda,stressed,1,test
data/raw/Nematoda/220825110853_15600.jpg,Nematoda,stressed,1,test
data/raw/Nematoda/220826211851_19200.jpg,Nematoda,stressed,1,test
data/raw/Nematoda/220710155007_170700.jpg,Nematoda,stressed,1,test
data/raw/Nematoda/220713151019_233100.jpg,Nematoda,stressed,1,test
data/raw/Nematoda/220827131622_4800.jpg,Nematoda,stressed,1,test
data/raw/Nematoda/220713091344_10200.jpg,Nematoda,stressed,1,test
data/raw/Nematoda/220819192357_253200.jpg,Nematoda,stressed,1,test
data/raw/Nematoda/220822212820_12300.jpg,Nematoda,stressed,1,test
data/raw/Nematoda/220826192159_56700.jpg,Nematoda,stressed,1,test
data/raw/Nematoda/220815204959_41400.jpg,Nematoda,stressed,1,test
data/raw/Nematoda/220824101451_79500.jpg,Nematoda,stressed,1,test
data/raw/Nematoda/220827111145_24600_2.jpg,Nematoda,stressed,1,test
data/raw/Nematoda/220711151704_71100.jpg,Nematoda,stressed,1,test
data/raw/Nematoda/220711151704_138600.jpg,Nematoda,stressed,1,test
data/raw/Nematoda/220823214033_6000.jpg,Nematoda,stressed,1,test
data/raw/Nematoda/220825221032_63900_2.jpg,Nematoda,stressed,1,test
data/raw/Nematoda/220815144140_81900.jpg,Nematoda,stressed,1,test
data/raw/Nematoda/250717173415_4600.jpg,Nematoda,stressed,1,test
data/raw/Nematoda/221215171437_645.jpg,Nematoda,stressed,1,test
data/raw/Nematoda/220825221032_70200_2.jpg,Nematoda,stressed,1,test
data/raw/Nematoda/220825221032_69900_3.jpg,Nematoda,stressed,1,test
data/raw/Nematoda/220827111145_5400_2.jpg,Nematoda,stressed,1,test
data/raw/Nematoda/220825221032_39600.jpg,Nematoda,stressed,1,test
data/raw/Nematoda/220815230100_9900.jpg,Nematoda,stressed,1,test
data/raw/Nematoda/220826192159_55800_2.jpg,Nematoda,stressed,1,test
data/raw/Nematoda/220821152638_142800.jpg,Nematoda,stressed,1,test
data/raw/Nematoda/220706161602_87600.jpg,Nematoda,stressed,1,test
data/raw/Nematoda/220822212820_203400.jpg,Nematoda,stressed,1,test
data/raw/Nematoda/220826211851_7500.jpg,Nematoda,stressed,1,test
data/raw/Nematoda/220629133851_221400.jpg,Nematoda,stressed,1,test
data/raw/Nematoda/220707145542_102900.jpg,Nematoda,stressed,1,test
data/raw/Nematoda/220826211851_116700.jpg,Nematoda,stressed,1,test
data/raw/Nematoda/220714151918_48000.jpg,Nematoda,stressed,1,test
data/raw/Nematoda/220824154018_46500.jpg,Nematoda,stressed,1,test
data/raw/Nematoda/220826130431_306900.jpg,Nematoda,stressed,1,test
data/raw/Nematoda/220824154018_5400.jpg,Nematoda,stressed,1,test
data/raw/Nematoda/220826130431_302700.jpg,Nematoda,stressed,1,test
data/raw/Nematoda/220827192508_16500.jpg,Nematoda,stressed,1,test
data/raw/Nematoda/220827131622_13800.jpg,Nematoda,stressed,1,test
data/raw/Nematoda/220706161602_350100.jpg,Nematoda,stressed,1,test
data/raw/Nematoda/220824211549_11400.jpg,Nematoda,stressed,1,test
data/raw/Nematoda/220823165512_147000.jpg,Nematoda,stressed,1,test
data/raw/Nematoda/220715153913_339300.jpg,Nematoda,stressed,1,test
data/raw/Nematoda/220821192338_92400_3.jpg,Nematoda,stressed,1,test
data/raw/Nematoda/220824211549_120900.jpg,Nematoda,stressed,1,test
data/raw/Nematoda/220710155007_151800.jpg,Nematoda,stressed,1,test
data/raw/Nematoda/220816110204_24900.jpg,Nematoda,stressed,1,test
data/raw/Nematoda/220823214033_4800.jpg,Nematoda,stressed,1,test
data/raw/Nematoda/220822212820_81000.jpg,Nematoda,stressed,1,test
data/raw/Nematoda/220824211549_119700.jpg,Nematoda,stressed,1,test
data/raw/Nematoda/220823165512_85200.jpg,Nematoda,stressed,1,test
data/raw/Nematoda/220826130431_280800.jpg,Nematoda,stressed,1,test
data/raw/Nematoda/220826211851_2400.jpg,Nematoda,stressed,1,test
data/raw/Nematoda/220826211851_144600.jpg,Nematoda,stressed,1,test
data/raw/Nematoda/221218105116_2.jpg,Nematoda,stressed,1,test
data/raw/Nematoda/220714214255_68100.jpg,Nematoda,stressed,1,test
data/raw/Nematoda/220821192338_54300.jpg,Nematoda,stressed,1,test
data/raw/Nematoda/220705205512_99000.jpg,Nematoda,stressed,1,test
data/raw/Nematoda/220827192508_18000.jpg,Nematoda,stressed,1,test
data/raw/Nematoda/220825160549_4500.jpg,Nematoda,stressed,1,test
data/raw/Nematoda/220822140537_102000.jpg,Nematoda,stressed,1,test
data/raw/Nematoda/220712104445_5100.jpg,Nematoda,stressed,1,test
data/raw/Nematoda/220825221032_85200.jpg,Nematoda,stressed,1,test
data/raw/Nematoda/220826211851_139500.jpg,Nematoda,stressed,1,test
data/raw/Nematoda/220712154002_64500.jpg,Nematoda,stressed,1,test
data/raw/Nematoda/220825110853_2100.jpg,Nematoda,stressed,1,test
data/raw/Nematoda/220715153913_157500.jpg,Nematoda,stressed,1,test
data/raw/Nematoda/220710214438_239700.jpg,Nematoda,stressed,1,test
data/raw/Nematoda/220713151019_355800.jpg,Nematoda,stressed,1,test
data/raw/Nematoda/220704212204_51300.jpg,Nematoda,stressed,1,test
data/raw/Nematoda/220823165512_123300.jpg,Nematoda,stressed,1,test
data/raw/Nematoda/220826130431_297300.jpg,Nematoda,stressed,1,test
data/raw/Nematoda/220825160549_2100.jpg,Nematoda,stressed,1,test
data/raw/Nematoda/220823214033_29700.jpg,Nematoda,stressed,1,test
data/raw/Nematoda/220715153913_339000.jpg,Nematoda,stressed,1,test
data/raw/Nematoda/220823214033_14100.jpg,Nematoda,stressed,1,test
data/raw/Nematoda/220708152029_92400.jpg,Nematoda,stressed,1,test
data/raw/Nematoda/220824184740_26700.jpg,Nematoda,stressed,1,test
data/raw/Nematoda/220822160429_44400.jpg,Nematoda,stressed,1,test
data/raw/Nematoda/221203134303_112.jpg,Nematoda,stressed,1,test
data/raw/Nematoda/220826192159_67500_2.jpg,Nematoda,stressed,1,test
data/raw/Nematoda/220826192159_55500.jpg,Nematoda,stressed,1,test
data/raw/Nematoda/221128131012_88.jpg,Nematoda,stressed,1,test
data/raw/Nematoda/220715153913_158700.jpg,Nematoda,stressed,1,test
data/raw/Nematoda/220824101451_300.jpg,Nematoda,stressed,1,test
data/raw/Nematoda/220822212820_94500.jpg,Nematoda,stressed,1,test
data/raw/Nematoda/220826192159_56100_4.jpg,Nematoda,stressed,1,test
data/raw/Nematoda/220825221032_61800.jpg,Nematoda,stressed,1,test
data/raw/Nematoda/220822160429_102900.jpg,Nematoda,stressed,1,test
data/raw/Nematoda/220706212903_40500.jpg,Nematoda,stressed,1,test
data/raw/Nematoda/220826192159_56100.jpg,Nematoda,stressed,1,test
data/raw/Nematoda/220712211907_11700.jpg,Nematoda,stressed,1,test
data/raw/Nematoda/220824101451_5100_2.jpg,Nematoda,stressed,1,test
data/raw/Nematoda/221218205314_281.jpg,Nematoda,stressed,1,test
data/raw/Nematoda/220822212820_0.jpg,Nematoda,stressed,1,test
data/raw/Nematoda/220826130431_294000.jpg,Nematoda,stressed,1,test
data/raw/Nematoda/220822160429_123000.jpg,Nematoda,stressed,1,test
data/raw/Nematoda/220823110824_39300.jpg,Nematoda,stressed,1,test
data/raw/Nematoda/220711151704_325500.jpg,Nematoda,stressed,1,test
data/raw/Nematoda/220825221032_83100.jpg,Nematoda,stressed,1,test
data/raw/Nematoda/220823214033_108900.jpg,Nematoda,stressed,1,test
data/raw/Nematoda/220824211549_3600.jpg,Nematoda,stressed,1,test
data/raw/Nematoda/220823214033_5400.jpg,Nematoda,stressed,1,test
data/raw/Nematoda/220824101451_5100.jpg,Nematoda,stressed,1,test
data/raw/Nematoda/220825135254_34800_2.jpg,Nematoda,stressed,1,test
data/raw/Nematoda/250815111212_2800.jpg,Nematoda,stressed,1,test
data/raw/Nematoda/220826130431_280500.jpg,Nematoda,stressed,1,test
data/raw/Nematoda/220825160549_83100.jpg,Nematoda,stressed,1,test
data/raw/Nematoda/220819132809_154200.jpg,Nematoda,stressed,1,test
data/raw/Nematoda/220825221032_63000.jpg,Nematoda,stressed,1,test
data/raw/Nematoda/220819132809_247500.jpg,Nematoda,stressed,1,test
data/raw/Nematoda/221209200616_162.jpg,Nematoda,stressed,1,test
data/raw/Nematoda/220824211549_8100.jpg,Nematoda,stressed,1,test
data/raw/Nematoda/220826130431_1800.jpg,Nematoda,stressed,1,test
data/raw/Nematoda/220823165512_151800.jpg,Nematoda,stressed,1,test
data/raw/Nematoda/220707145542_75300.jpg,Nematoda,stressed,1,test
data/raw/Nematoda/220827142139_6900.jpg,Nematoda,stressed,1,test
data/raw/Nematoda/220825221032_84600.jpg,Nematoda,stressed,1,test
data/raw/Nematoda/220823214033_115200.jpg,Nematoda,stressed,1,test
data/raw/Nematoda/220711151704_95400.jpg,Nematoda,stressed,1,test
data/raw/Nematoda/220705205512_100500.jpg,Nematoda,stressed,1,test
data/raw/Nematoda/220826211851_159600.jpg,Nematoda,stressed,1,test
data/raw/Nematoda/220707145542_178200.jpg,Nematoda,stressed,1,test
data/raw/Nematoda/221203134303_111.jpg,Nematoda,stressed,1,test
data/raw/Nematoda/220825110853_2700.jpg,Nematoda,stressed,1,test
data/raw/Nematoda/220827131622_14700.jpg,Nematoda,stressed,1,test
data/raw/Nematoda/220825110853_13200.jpg,Nematoda,stressed,1,test
data/raw/Nematoda/220704212204_135000.jpg,Nematoda,stressed,1,test
data/raw/Nematoda/220711151704_75300.jpg,Nematoda,stressed,1,test
data/raw/Nematoda/220827131622_11400_2.jpg,Nematoda,stressed,1,test
data/raw/Nematoda/220827192508_56700.jpg,Nematoda,stressed,1,test
data/raw/Nematoda/221219185410_68.jpg,Nematoda,stressed,1,test
data/raw/Nematoda/220822184727_2700.jpg,Nematoda,stressed,1,test
data/raw/Nematoda/220827142139_7200.jpg,Nematoda,stressed,1,test
data/raw/Nematoda/221206133839_125.jpg,Nematoda,stressed,1,test
data/raw/Nematoda/220716104346_76500.jpg,Nematoda,stressed,1,test
data/raw/Nematoda/220824211549_11400_2.jpg,Nematoda,stressed,1,test
data/raw/Nematoda/221213180049_195.jpg,Nematoda,stressed,1,test
data/raw/Nematoda/220824211549_130500.jpg,Nematoda,stressed,1,test
data/raw/Nematoda/220712211907_55800.jpg,Nematoda,stressed,1,test
data/raw/Nematoda/220826130431_310500_2.jpg,Nematoda,stressed,1,test
data/raw/Nematoda/220707145542_246300.jpg,Nematoda,stressed,1,test
data/raw/Nematoda/220712211907_74700.jpg,Nematoda,stressed,1,test
data/raw/Nematoda/221215171437_301.jpg,Nematoda,stressed,1,test
data/raw/Nematoda/220825221032_21600.jpg,Nematoda,stressed,1,test
data/raw/Nematoda/220706120715_168000.jpg,Nematoda,stressed,1,test
data/raw/Nematoda/220824211549_135900.jpg,Nematoda,stressed,1,test
data/raw/Nematoda/220710214438_270600.jpg,Nematoda,stressed,1,test
data/raw/Nematoda/220707221712_30600.jpg,Nematoda,stressed,1,test
data/raw/Nematoda/220825160549_84900.jpg,Nematoda,stressed,1,test
data/raw/Nematoda/221209200616_80.jpg,Nematoda,stressed,1,test
data/raw/Nematoda/220826130431_291600.jpg,Nematoda,stressed,1,test
data/raw/Nematoda/220824211549_134700.jpg,Nematoda,stressed,1,test
data/raw/Nematoda/220827131622_21000_2.jpg,Nematoda,stressed,1,test
data/raw/Nematoda/220826192159_56100_3.jpg,Nematoda,stressed,1,test
data/raw/Nematoda/220705111212_174300.jpg,Nematoda,stressed,1,test
data/raw/Nematoda/220826105111_18300.jpg,Nematoda,stressed,1,test
data/raw/Nematoda/220823214033_83400.jpg,Nematoda,stressed,1,test
data/raw/Nematoda/220825160549_174000.jpg,Nematoda,stressed,1,test
data/raw/Nematoda/220823165512_97800.jpg,Nematoda,stressed,1,test
data/raw/Nematoda/220824140750_20700.jpg,Nematoda,stressed,1,test
data/raw/Nematoda/220822212820_184500_2.jpg,Nematoda,stressed,1,test
data/raw/Nematoda/220707145542_74700.jpg,Nematoda,stressed,1,test
data/raw/Nematoda/220704212204_51600_2.jpg,Nematoda,stressed,1,test
data/raw/Nematoda/220629133851_27600.jpg,Nematoda,stressed,1,test
data/raw/Nematoda/220822184727_12300.jpg,Nematoda,stressed,1,test
data/raw/Nematoda/220824211549_4800.jpg,Nematoda,stressed,1,test
data/raw/Nematoda/220827111145_48300.jpg,Nematoda,stressed,1,test
data/raw/Nematoda/220825160549_3300.jpg,Nematoda,stressed,1,test
data/raw/Nematoda/220823214033_67200.jpg,Nematoda,stressed,1,test
data/raw/Nematoda/220823165512_93900.jpg,Nematoda,stressed,1,test
data/raw/Nematoda/220823214033_100500.jpg,Nematoda,stressed,1,test
data/raw/Nematoda/220707103914_123300.jpg,Nematoda,stressed,1,test
data/raw/Nematoda/220823214033_106500.jpg,Nematoda,stressed,1,test
