path,taxon,group,label,split,anomaly_score
data/raw/Hypotrichida/221218180442_313.jpg,Hypotrichida,healthy,0,test,0.4527926
data/raw/Hypotrichida/221212132320_140.jpg,Hypotrichida,healthy,0,test,0.43660864
data/raw/Hypotrichida/221215125712_370.jpg,Hypotrichida,healthy,0,test,0.43465096
data/raw/Hypotrichida/221214130524_381.jpg,Hypotrichida,healthy,0,test,0.44961384
data/raw/Hypotrichida/221217131528_473.jpg,Hypotrichida,healthy,0,test,0.35326228
data/raw/Hypotrichida/221215125712_327.jpg,Hypotrichida,healthy,0,test,0.38516602
data/raw/Hypotrichida/221218101122_246.jpg,Hypotrichida,healthy,0,test,0.78277457
data/raw/Hypotrichida/221219123632_134.jpg,Hypotrichida,healthy,0,test,0.4436333
data/raw/Hypotrichida/221218180442_99.jpg,Hypotrichida,healthy,0,test,0.3865097
data/raw/Hypotrichida/221218171920_53.jpg,Hypotrichida,healthy,0,test,0.40140298
data/raw/Hypotrichida/221217131528_488.jpg,Hypotrichida,healthy,0,test,0.3659576
data/raw/Hypotrichida/221217131528_236.jpg,Hypotrichida,healthy,0,test,0.3360177
data/raw/Hypotrichida/221218171920_81_2.jpg,Hypotrichida,healthy,0,test,0.5738516
data/raw/Hypotrichida/221218180442_101.jpg,Hypotrichida,healthy,0,test,0.5470342
data/raw/Hypotrichida/221218180442_382.jpg,Hypotrichida,healthy,0,test,0.47306415
data/raw/Hypotrichida/221214130524_127.jpg,Hypotrichida,healthy,0,test,0.48905626
data/raw/Hypotrichida/221218171920_78.jpg,Hypotrichida,healthy,0,test,0.44385543
data/raw/Hypotrichida/221218180442_339.jpg,Hypotrichida,healthy,0,test,0.50273836
data/raw/Hypotrichida/221216134643_128.jpg,Hypotrichida,healthy,0,test,0.310771
data/raw/Hypotrichida/221218171920_55.jpg,Hypotrichida,healthy,0,test,0.65848744
data/raw/Hypotrichida/221215125712_808.jpg,Hypotrichida,healthy,0,test,0.6005224
data/raw/Hypotrichida/221215125712_749.jpg,Hypotrichida,healthy,0,test,0.5523478
data/raw/Hypotrichida/221217131528_130.jpg,Hypotrichida,healthy,0,test,0.36278278
data/raw/Hypotrichida/221218171920_158.jpg,Hypotrichida,healthy,0,test,0.39422792
data/raw/Hypotrichida/221215125712_809.jpg,Hypotrichida,healthy,0,test,0.39711648
data/raw/Hypotrichida/221218171920_147.jpg,Hypotrichida,healthy,0,test,0.5045871
data/raw/Hypotrichida/221215125712_194.jpg,Hypotrichida,healthy,0,test,0.35269222
data/raw/Hypotrichida/221217131528_414.jpg,Hypotrichida,healthy,0,test,0.40084025
data/raw/Hypotrichida/221218171920_159.jpg,Hypotrichida,healthy,0,test,0.37383184
data/raw/Hypotrichida/221217131528_419.jpg,Hypotrichida,healthy,0,test,0.3410072
data/raw/Hypotrichida/221218171920_130.jpg,Hypotrichida,healthy,0,test,0.43579355
data/raw/Hypotrichida/221214130524_57.jpg,Hypotrichida,healthy,0,test,0.6373875
data/raw/Hypotrichida/221219123632_43.jpg,Hypotrichida,healthy,0,test,0.4479236
data/raw/Hypotrichida/221217131528_91_2.jpg,Hypotrichida,healthy,0,test,0.33629856
data/raw/Hypotrichida/221214104141_229.jpg,Hypotrichida,healthy,0,test,0.7564908
data/raw/Hypotrichida/221217131528_312.jpg,Hypotrichida,healthy,0,test,0.31894055
data/raw/Hypotrichida/221216134643_73.jpg,Hypotrichida,healthy,0,test,0.31456777
data/raw/Hypotrichida/221215125712_619.jpg,Hypotrichida,healthy,0,test,0.41654512
data/raw/Hypotrichida/221215125712_749_2.jpg,Hypotrichida,healthy,0,test,0.5156755
data/raw/Hypotrichida/221218171920_44.jpg,Hypotrichida,healthy,0,test,0.5372512
data/raw/Hypotrichida/221218180442_100.jpg,Hypotrichida,healthy,0,test,0.56094253
data/raw/Hypotrichida/221213130833_109.jpg,Hypotrichida,healthy,0,test,0.59363794
data/raw/Hypotrichida/221213130833_218.jpg,Hypotrichida,healthy,0,test,0.35201183
data/raw/Hypotrichida/221217131528_115.jpg,Hypotrichida,healthy,0,test,0.373887
data/raw/Hypotrichida/221218171920_75.jpg,Hypotrichida,healthy,0,test,0.62418646
data/raw/Hypotrichida/221215125712_596.jpg,Hypotrichida,healthy,0,test,0.4337232
data/raw/Hypotrichida/221217131528_311.jpg,Hypotrichida,healthy,0,test,0.33391032
data/raw/Hypotrichida/221217211622_550.jpg,Hypotrichida,healthy,0,test,0.4874216
data/raw/Hypotrichida/221216134643_365_2.jpg,Hypotrichida,healthy,0,test,0.31062517
data/raw/Hypotrichida/221219123632_302.jpg,Hypotrichida,healthy,0,test,0.42537075
data/raw/Hypotrichida/221214130524_285.jpg,Hypotrichida,healthy,0,test,0.531771
data/raw/Hypotrichida/221219123632_155.jpg,Hypotrichida,healthy,0,test,0.80792344
data/raw/Hypotrichida/221216134643_364_2.jpg,Hypotrichida,healthy,0,test,0.31387866
data/raw/Hypotrichida/221218180442_16.jpg,Hypotrichida,healthy,0,test,0.525462
data/raw/Hypotrichida/221213130833_108_2.jpg,Hypotrichida,healthy,0,test,0.6069354
data/raw/Hypotrichida/221216134643_365.jpg,Hypotrichida,healthy,0,test,0.32667565
data/raw/Hypotrichida/221219123632_140.jpg,Hypotrichida,healthy,0,test,0.7584656
data/raw/Hypotrichida/221219123632_197.jpg,Hypotrichida,healthy,0,test,0.50957465
data/raw/Hypotrichida/221217131528_121.jpg,Hypotrichida,healthy,0,test,0.34912178
data/raw/Hypotrichida/221212132320_192.jpg,Hypotrichida,healthy,0,test,0.7992627
data/raw/Hypotrichida/221215125712_251.jpg,Hypotrichida,healthy,0,test,0.37683642
data/raw/Hypotrichida/221219123632_25_2.jpg,Hypotrichida,healthy,0,test,0.51349616
data/raw/Hypotrichida/221219123632_4.jpg,Hypotrichida,healthy,0,test,0.43586412
data/raw/Hypotrichida/221218205314_154.jpg,Hypotrichida,healthy,0,test,0.584348
data/raw/Hypotrichida/221219123632_198.jpg,Hypotrichida,healthy,0,test,0.45694935
data/raw/Hypotrichida/221219123632_216.jpg,Hypotrichida,healthy,0,test,0.5111505
data/raw/Hypotrichida/221218180442_50.jpg,Hypotrichida,healthy,0,test,0.70172656
data/raw/Hypotrichida/221218171920_76.jpg,Hypotrichida,healthy,0,test,0.5577588
data/raw/Hypotrichida/221217131528_69.jpg,Hypotrichida,healthy,0,test,0.34870324
data/raw/Hypotrichida/221217131528_336.jpg,Hypotrichida,healthy,0,test,0.31898782
data/raw/Hypotrichida/221218171920_119.jpg,Hypotrichida,healthy,0,test,0.5473205
data/raw/Hypotrichida/221215125712_190.jpg,Hypotrichida,healthy,0,test,0.365839
data/raw/Hypotrichida/221219123632_59.jpg,Hypotrichida,healthy,0,test,0.5102408
data/raw/Hypotrichida/221218171920_39.jpg,Hypotrichida,healthy,0,test,0.5629502
data/raw/Hypotrichida/221219162533_24.jpg,Hypotrichida,healthy,0,test,0.39068663
data/raw/Hypotrichida/221215125712_671.jpg,Hypotrichida,healthy,0,test,0.49745724
data/raw/Hypotrichida/221216134643_280.jpg,Hypotrichida,healthy,0,test,0.34177962
data/raw/Hypotrichida/221217131528_82.jpg,Hypotrichida,healthy,0,test,0.33788568
data/raw/Hypotrichida/221215125712_755.jpg,Hypotrichida,healthy,0,test,0.6151512
data/raw/Hypotrichida/221217131528_4.jpg,Hypotrichida,healthy,0,test,0.31204343
data/raw/Hypotrichida/221215125712_521.jpg,Hypotrichida,healthy,0,test,0.39815468
data/raw/Hypotrichida/221215125712_316.jpg,Hypotrichida,healthy,0,test,0.6156063
data/raw/Hypotrichida/221216134643_505.jpg,Hypotrichida,healthy,0,test,0.31968963
data/raw/Hypotrichida/221217131528_332_2.jpg,Hypotrichida,healthy,0,test,0.3467691
data/raw/Hypotrichida/221219123632_301.jpg,Hypotrichida,healthy,0,test,0.3778161
data/raw/Hypotrichida/221216134643_62.jpg,Hypotrichida,healthy,0,test,0.34267187
data/raw/Hypotrichida/221215125712_273.jpg,Hypotrichida,healthy,0,test,0.38239467
data/raw/Hypotrichida/221217131528_125.jpg,Hypotrichida,healthy,0,test,0.30942684
data/raw/Hypotrichida/221219123632_135.jpg,Hypotrichida,healthy,0,test,0.68238115
data/raw/Hypotrichida/221216103701_86.jpg,Hypotrichida,healthy,0,test,0.32476008
data/raw/Hypotrichida/221215125712_665.jpg,Hypotrichida,healthy,0,test,0.48329905
data/raw/Hypotrichida/221219123632_18.jpg,Hypotrichida,healthy,0,test,0.7833084
data/raw/Hypotrichida/221217131528_489.jpg,Hypotrichida,healthy,0,test,0.3641485
data/raw/Hypotrichida/221219123632_26_2.jpg,Hypotrichida,healthy,0,test,0.76540786
data/raw/Hypotrichida/221217131528_335.jpg,Hypotrichida,healthy,0,test,0.35668904
data/raw/Hypotrichida/221218180442_293.jpg,Hypotrichida,healthy,0,test,0.39538044
data/raw/Hypotrichida/221218101122_148.jpg,Hypotrichida,healthy,0,test,0.41250202
data/raw/Hypotrichida/221219123632_195.jpg,Hypotrichida,healthy,0,test,0.6759865
data/raw/Hypotrichida/221219123632_168.jpg,Hypotrichida,healthy,0,test,0.76724476
data/raw/Hypotrichida/221215125712_65.jpg,Hypotrichida,healthy,0,test,0.3961231
data/raw/Hypotrichida/221216134643_364.jpg,Hypotrichida,healthy,0,test,0.3339658
data/raw/Hypotrichida/221214130524_71.jpg,Hypotrichida,healthy,0,test,0.5743238
data/raw/Hypotrichida/221219123632_97.jpg,Hypotrichida,healthy,0,test,0.43652493
data/raw/Hypotrichida/221215125712_426.jpg,Hypotrichida,healthy,0,test,0.39768162
data/raw/Hypotrichida/221214130524_90.jpg,Hypotrichida,healthy,0,test,0.4359113
data/raw/Hypotrichida/221217131528_338.jpg,Hypotrichida,healthy,0,test,0.31840992
data/raw/Hypotrichida/221214130524_79.jpg,Hypotrichida,healthy,0,test,0.34793526
data/raw/Hypotrichida/221218180442_311.jpg,Hypotrichida,healthy,0,test,0.4642588
data/raw/Hypotrichida/221219123632_275.jpg,Hypotrichida,healthy,0,test,0.5735295
data/raw/Hypotrichida/221215125712_798.jpg,Hypotrichida,healthy,0,test,0.40594617
data/raw/Hypotrichida/221216134643_314.jpg,Hypotrichida,healthy,0,test,0.33481926
data/raw/Hypotrichida/221217131528_128_2.jpg,Hypotrichida,healthy,0,test,0.34853724
data/raw/Hypotrichida/221213130833_38_2.jpg,Hypotrichida,healthy,0,test,0.54477406
data/raw/Hypotrichida/221215125712_746.jpg,Hypotrichida,healthy,0,test,0.50853676
data/raw/Hypotrichida/221215125712_105.jpg,Hypotrichida,healthy,0,test,0.3857093
data/raw/Hypotrichida/221218171920_2.jpg,Hypotrichida,healthy,0,test,0.33378658
data/raw/Hypotrichida/221212132320_579.jpg,Hypotrichida,healthy,0,test,0.4478427
data/raw/Hypotrichida/221215125712_71.jpg,Hypotrichida,healthy,0,test,0.37282726
data/raw/Hypotrichida/221217131528_415.jpg,Hypotrichida,healthy,0,test,0.35028625
data/raw/Hypotrichida/221216134643_14.jpg,Hypotrichida,healthy,0,test,0.31503943
data/raw/Hypotrichida/221214130524_698.jpg,Hypotrichida,healthy,0,test,0.37682122
data/raw/Hypotrichida/221217131528_128.jpg,Hypotrichida,healthy,0,test,0.34319606
data/raw/Hypotrichida/221218180442_98.jpg,Hypotrichida,healthy,0,test,0.4208367
data/raw/Hypotrichida/221219123632_276.jpg,Hypotrichida,healthy,0,test,0.58596027
data/raw/Hypotrichida/221211132350_103.jpg,Hypotrichida,healthy,0,test,0.15255176
data/raw/Hypotrichida/221214130524_33.jpg,Hypotrichida,healthy,0,test,0.5898936
data/raw/Hypotrichida/221216134643_273_2.jpg,Hypotrichida,healthy,0,test,0.31328028
data/raw/Hypotrichida/221215125712_188.jpg,Hypotrichida,healthy,0,test,0.34677732
data/raw/Hypotrichida/221217131528_420.jpg,Hypotrichida,healthy,0,test,0.3311627
data/raw/Hypotrichida/221217131528_395.jpg,Hypotrichida,healthy,0,test,0.32658824
data/raw/Hypotrichida/221219123632_297.jpg,Hypotrichida,healthy,0,test,0.55166817
data/raw/Hypotrichida/221219123632_25_3.jpg,Hypotrichida,healthy,0,test,0.7410732
data/raw/Hypotrichida/221219123632_346_2.jpg,Hypotrichida,healthy,0,test,0.72215396
data/raw/Hypotrichida/221217131528_363.jpg,Hypotrichida,healthy,0,test,0.31709987
data/raw/Hypotrichida/221216134643_85.jpg,Hypotrichida,healthy,0,test,0.32601523
data/raw/Hypotrichida/221219123632_61.jpg,Hypotrichida,healthy,0,test,0.37716463
data/raw/Hypotrichida/221217131528_446.jpg,Hypotrichida,healthy,0,test,0.3677043
data/raw/Hypotrichida/221214130524_605.jpg,Hypotrichida,healthy,0,test,0.505927
data/raw/Hypotrichida/221217131528_331_2.jpg,Hypotrichida,healthy,0,test,0.3509421
data/raw/Hypotrichida/221213130833_113.jpg,Hypotrichida,healthy,0,test,0.7336184
data/raw/Hypotrichida/221218180442_5.jpg,Hypotrichida,healthy,0,test,0.68488866
data/raw/Hypotrichida/221219123632_298.jpg,Hypotrichida,healthy,0,test,0.52869666
data/raw/Hypotrichida/221215125712_838.jpg,Hypotrichida,healthy,0,test,0.53457254
data/raw/Hypotrichida/221217131528_361_2.jpg,Hypotrichida,healthy,0,test,0.320099
data/raw/Hypotrichida/221219123632_118.jpg,Hypotrichida,healthy,0,test,0.8626097
data/raw/Hypotrichida/221219123632_348_2.jpg,Hypotrichida,healthy,0,test,0.5872086
data/raw/Hypotrichida/221217131528_397.jpg,Hypotrichida,healthy,0,test,0.34153974
data/raw/Hypotrichida/221216134643_468.jpg,Hypotrichida,healthy,0,test,0.3173013
data/raw/Hypotrichida/221214130524_252.jpg,Hypotrichida,healthy,0,test,0.5085343
data/raw/Hypotrichida/221217131528_361.jpg,Hypotrichida,healthy,0,test,0.3269239
data/raw/Hypotrichida/221217131528_43.jpg,Hypotrichida,healthy,0,test,0.36285442
data/raw/Hypotrichida/221217131528_70.jpg,Hypotrichida,healthy,0,test,0.36090508
data/raw/Hypotrichida/221216134643_35.jpg,Hypotrichida,healthy,0,test,0.35295337
data/raw/Hypotrichida/221214130524_382.jpg,Hypotrichida,healthy,0,test,0.4274288
data/raw/Hypotrichida/221219123632_336.jpg,Hypotrichida,healthy,0,test,0.431159
data/raw/Hypotrichida/221215125712_520.jpg,Hypotrichida,healthy,0,test,0.42829615
data/raw/Hypotrichida/221214130524_32.jpg,Hypotrichida,healthy,0,test,0.5632737
data/raw/Hypotrichida/221218171920_150.jpg,Hypotrichida,healthy,0,test,0.52952117
data/raw/Hypotrichida/221219123632_5.jpg,Hypotrichida,healthy,0,test,0.42287216
data/raw/Hypotrichida/221217131528_333.jpg,Hypotrichida,healthy,0,test,0.32997158
data/raw/Hypotrichida/221217131528_404.jpg,Hypotrichida,healthy,0,test,0.33604607
data/raw/Hypotrichida/221215125712_670.jpg,Hypotrichida,healthy,0,test,0.53315884
data/raw/Hypotrichida/221218180442_92.jpg,Hypotrichida,healthy,0,test,0.61109954
data/raw/Hypotrichida/221219123632_26.jpg,Hypotrichida,healthy,0,test,0.33505702
data/raw/Hypotrichida/221219123632_347_3.jpg,Hypotrichida,healthy,0,test,0.56694764
data/raw/Hypotrichida/221216103701_111.jpg,Hypotrichida,healthy,0,test,0.31893215
data/raw/Hypotrichida/221219162533_25.jpg,Hypotrichida,healthy,0,test,0.43193188
data/raw/Digononta/220715135748_60900_2.jpg,Digononta,healthy,0,test,0.6009919
data/raw/Digononta/220704164337_45000_2.jpg,Digononta,healthy,0,test,0.7408875
data/raw/Digononta/220706161602_285300_2.jpg,Digononta,healthy,0,test,0.23931311
data/raw/Digononta/220625152853_6900.jpg,Digononta,healthy,0,test,0.34793338
data/raw/Digononta/220710214438_36000.jpg,Digononta,healthy,0,test,0.51113254
data/raw/Digononta/220708152029_46500_2.jpg,Digononta,healthy,0,test,0.4651314
data/raw/Digononta/220701144940_255300.jpg,Digononta,healthy,0,test,0.59662217
data/raw/Digononta/220707221712_28500.jpg,Digononta,healthy,0,test,0.15914449
data/raw/Digononta/250818200100_5800.jpg,Digononta,healthy,0,test,0.28718555
data/raw/Digononta/220701193719_22800.jpg,Digononta,healthy,0,test,0.17024603
data/raw/Digononta/220711151704_105300.jpg,Digononta,healthy,0,test,0.8080109
data/raw/Digononta/220706161602_28500.jpg,Digononta,healthy,0,test,0.23386735
data/raw/Digononta/250818160058_3700.jpg,Digononta,healthy,0,test,0.29783356
data/raw/Digononta/220714223843_25500.jpg,Digononta,healthy,0,test,0.45154718
data/raw/Digononta/220711151704_334500.jpg,Digononta,healthy,0,test,0.88555235
data/raw/Digononta/220710214438_21300.jpg,Digononta,healthy,0,test,0.33210197
data/raw/Digononta/220711132531_42600_2.jpg,Digononta,healthy,0,test,0.7035104
data/raw/Digononta/220704164337_46200.jpg,Digononta,healthy,0,test,0.5498905
data/raw/Digononta/220707103914_41400.jpg,Digononta,healthy,0,test,0.50569016
data/raw/Digononta/220705205512_258000.jpg,Digononta,healthy,0,test,0.57522196
data/raw/Digononta/220701142004_1500.jpg,Digononta,healthy,0,test,0.31708932
data/raw/Digononta/220711151704_65700.jpg,Digononta,healthy,0,test,0.55964255
data/raw/Digononta/220712154002_67500.jpg,Digononta,healthy,0,test,0.31723046
data/raw/Digononta/220702195412_184500.jpg,Digononta,healthy,0,test,0.30556557
data/raw/Digononta/220712104445_52800.jpg,Digononta,healthy,0,test,0.5662233
data/raw/Digononta/220707103914_84900.jpg,Digononta,healthy,0,test,0.20625824
data/raw/Digononta/220715214149_35400.jpg,Digononta,healthy,0,test,0.723327
data/raw/Digononta/220706212903_96900.jpg,Digononta,healthy,0,test,0.78581053
data/raw/Digononta/220714214255_47400.jpg,Digononta,healthy,0,test,0.70775956
data/raw/Digononta/220713075400_3000_5.jpg,Digononta,healthy,0,test,0.69316506
data/raw/Digononta/220713091344_238800_2.jpg,Digononta,healthy,0,test,0.5041067
data/raw/Digononta/220716104346_57900.jpg,Digononta,healthy,0,test,0.5594553
data/raw/Digononta/220705133448_495300.jpg,Digononta,healthy,0,test,0.1754792
data/raw/Digononta/220707145542_345000_2.jpg,Digononta,healthy,0,test,0.3349467
data/raw/Digononta/220715214149_81300.jpg,Digononta,healthy,0,test,0.7535007
data/raw/Digononta/250719150530_5500.jpg,Digononta,healthy,0,test,0.3012618
data/raw/Digononta/220625152853_24900_5.jpg,Digononta,healthy,0,test,0.41174302
data/raw/Digononta/220713075400_15900_2.jpg,Digononta,healthy,0,test,0.2413515
data/raw/Digononta/220715135748_71100_2.jpg,Digononta,healthy,0,test,0.41252136
data/raw/Digononta/220710123359_18300.jpg,Digononta,healthy,0,test,0.2851759
data/raw/Digononta/220705205512_454800.jpg,Digononta,healthy,0,test,0.2841344
data/raw/Digononta/220714151918_362700.jpg,Digononta,healthy,0,test,0.80952406
data/raw/Digononta/220625151150_14700_2.jpg,Digononta,healthy,0,test,0.34689522
data/raw/Digononta/220711132531_40500.jpg,Digononta,healthy,0,test,0.56483823
data/raw/Digononta/220713091344_63900_2.jpg,Digononta,healthy,0,test,0.31397358
data/raw/Digononta/220704194006_14400.jpg,Digononta,healthy,0,test,0.33049625
data/raw/Digononta/220714151918_87600.jpg,Digononta,healthy,0,test,0.7678165
data/raw/Digononta/220702195412_21000.jpg,Digononta,healthy,0,test,0.36232707
data/raw/Digononta/220815230100_3900.jpg,Digononta,healthy,0,test,0.7023214
data/raw/Digononta/220713075400_3300_4.jpg,Digononta,healthy,0,test,0.37460244
data/raw/Digononta/220715153913_147900.jpg,Digononta,healthy,0,test,0.65752476
data/raw/Digononta/220713075400_45000.jpg,Digononta,healthy,0,test,0.831246
data/raw/Digononta/220708152029_11400.jpg,Digononta,healthy,0,test,0.45754975
data/raw/Digononta/220715153913_346200_2.jpg,Digononta,healthy,0,test,0.81734943
data/raw/Digononta/220705133448_499200.jpg,Digononta,healthy,0,test,0.21557437
data/raw/Digononta/220710155007_186600.jpg,Digononta,healthy,0,test,0.66891664
data/raw/Digononta/220713151019_105000.jpg,Digononta,healthy,0,test,0.6670572
data/raw/Digononta/220711132531_50700.jpg,Digononta,healthy,0,test,0.51476043
data/raw/Digononta/220715214149_18300.jpg,Digononta,healthy,0,test,0.29713267
data/raw/Digononta/220716104346_45600.jpg,Digononta,healthy,0,test,0.296553
data/raw/Digononta/220702195412_192000.jpg,Digononta,healthy,0,test,0.43362632
data/raw/Digononta/220706161602_12000.jpg,Digononta,healthy,0,test,0.4653337
data/raw/Digononta/250718184126_19800.jpg,Digononta,healthy,0,test,0.3451297
data/raw/Digononta/220625151150_9300.jpg,Digononta,healthy,0,test,0.32353193
data/raw/Digononta/220707145542_8100.jpg,Digononta,healthy,0,test,0.45830625
data/raw/Digononta/220710155007_4200.jpg,Digononta,healthy,0,test,0.47946385
data/raw/Digononta/220715153913_156300.jpg,Digononta,healthy,0,test,0.500041
data/raw/Digononta/220704164337_11400_2.jpg,Digononta,healthy,0,test,0.5230574
data/raw/Digononta/220711132531_35400.jpg,Digononta,healthy,0,test,0.4815587
data/raw/Digononta/220701144940_255600.jpg,Digononta,healthy,0,test,0.78980154
data/raw/Digononta/220701193719_81300.jpg,Digononta,healthy,0,test,0.5871854
data/raw/Digononta/220716104346_13200.jpg,Digononta,healthy,0,test,0.57936394
data/raw/Digononta/220710214438_95100_2.jpg,Digononta,healthy,0,test,0.3626727
data/raw/Digononta/220710123359_8700.jpg,Digononta,healthy,0,test,0.27645496
data/raw/Digononta/220711151704_210300.jpg,Digononta,healthy,0,test,0.32216313
data/raw/Digononta/220702195412_43200.jpg,Digononta,healthy,0,test,0.3709003
data/raw/Digononta/220710155007_112200_2.jpg,Digononta,healthy,0,test,0.6305856
data/raw/Digononta/220710214438_58800.jpg,Digononta,healthy,0,test,0.79157174
data/raw/Digononta/220715214149_83400.jpg,Digononta,healthy,0,test,0.30801222
data/raw/Digononta/220706212903_88500_2.jpg,Digononta,healthy,0,test,0.7429873
data/raw/Digononta/220701144940_133800.jpg,Digononta,healthy,0,test,0.6528569
data/raw/Digononta/220715153913_148200.jpg,Digononta,healthy,0,test,0.50670666
data/raw/Digononta/220710155007_295800.jpg,Digononta,healthy,0,test,0.34658563
data/raw/Digononta/220701193719_308400_2.jpg,Digononta,healthy,0,test,0.80302465
data/raw/Digononta/220715103728_2700.jpg,Digononta,healthy,0,test,0.57555974
data/raw/Digononta/220714194123_66600.jpg,Digononta,healthy,0,test,0.732964
data/raw/Digononta/220704212204_57600.jpg,Digononta,healthy,0,test,0.591432
data/raw/Digononta/220712104445_42600.jpg,Digononta,healthy,0,test,0.37348154
data/raw/Digononta/220714151918_149100_2.jpg,Digononta,healthy,0,test,0.5678692
data/raw/Digononta/220714151918_148800_2.jpg,Digononta,healthy,0,test,0.5197532
data/raw/Digononta/220710214438_59100.jpg,Digononta,healthy,0,test,0.66063803
data/raw/Digononta/220626154616_72000_3.jpg,Digononta,healthy,0,test,0.39664972
data/raw/Digononta/220713091344_291600.jpg,Digononta,healthy,0,test,0.34137633
data/raw/Digononta/220704212204_130200.jpg,Digononta,healthy,0,test,0.32705805
data/raw/Digononta/220625151150_7500_5.jpg,Digononta,healthy,0,test,0.3477723
data/raw/Digononta/220716104346_72300_2.jpg,Digononta,healthy,0,test,0.537683
data/raw/Digononta/220711132531_66300_3.jpg,Digononta,healthy,0,test,0.5308071
data/raw/Digononta/220711151704_350400.jpg,Digononta,healthy,0,test,0.608816
data/raw/Digononta/220701193719_180000.jpg,Digononta,healthy,0,test,0.4134543
data/raw/Digononta/220707145542_118800.jpg,Digononta,healthy,0,test,0.6131139
data/raw/Digononta/220715103728_16500.jpg,Digononta,healthy,0,test,0.2971423
data/raw/Digononta/220625152853_18000_3.jpg,Digononta,healthy,0,test,0.37322274
data/raw/Digononta/220714194123_66000_2.jpg,Digononta,healthy,0,test,0.9160333
data/raw/Digononta/220710214438_94800.jpg,Digononta,healthy,0,test,0.6062027
data/raw/Digononta/220705133448_407700_2.jpg,Digononta,healthy,0,test,0.36728343
data/raw/Digononta/220706161602_168000.jpg,Digononta,healthy,0,test,0.26549304
data/raw/Digononta/221219123632_308.jpg,Digononta,healthy,0,test,0.5784355
data/raw/Digononta/220711151704_46500.jpg,Digononta,healthy,0,test,0.36333278
data/raw/Digononta/220713075400_44100.jpg,Digononta,healthy,0,test,0.30774736
data/raw/Digononta/220714151918_19500.jpg,Digononta,healthy,0,test,0.56428415
data/raw/Digononta/220711151704_103500.jpg,Digononta,healthy,0,test,0.43720126
data/raw/Digononta/220625152853_31800.jpg,Digononta,healthy,0,test,0.4846171
data/raw/Digononta/220712162334_241500_2.jpg,Digononta,healthy,0,test,0.80214375
data/raw/Digononta/220711151704_327000.jpg,Digononta,healthy,0,test,0.6001874
data/raw/Digononta/220711210818_30900.jpg,Digononta,healthy,0,test,0.7703242
data/raw/Digononta/220701193719_86100_2.jpg,Digononta,healthy,0,test,0.42764908
data/raw/Digononta/220705111212_46200_2.jpg,Digononta,healthy,0,test,0.42157733
data/raw/Digononta/220625151150_14700.jpg,Digononta,healthy,0,test,0.35435277
data/raw/Digononta/250818192836_6800.jpg,Digononta,healthy,0,test,0.41484773
data/raw/Digononta/220711151704_77100.jpg,Digononta,healthy,0,test,0.48619244
data/raw/Digononta/220710155007_90600.jpg,Digononta,healthy,0,test,0.29673
data/raw/Digononta/220715153913_96300_2.jpg,Digononta,healthy,0,test,0.6226503
data/raw/Digononta/220705111212_84300.jpg,Digononta,healthy,0,test,0.48285386
data/raw/Digononta/220707145542_204600.jpg,Digononta,healthy,0,test,0.43146923
data/raw/Digononta/220702161601_23100.jpg,Digononta,healthy,0,test,0.30830255
data/raw/Digononta/220701193719_86400_2.jpg,Digononta,healthy,0,test,0.3258757
data/raw/Digononta/220704212204_131400_2.jpg,Digononta,healthy,0,test,0.2915583
data/raw/Digononta/220702195412_65400.jpg,Digononta,healthy,0,test,0.3981328
data/raw/Digononta/220711151704_389700.jpg,Digononta,healthy,0,test,0.81220955
data/raw/Digononta/220626190551_14400_2.jpg,Digononta,healthy,0,test,0.34033903
data/raw/Digononta/220714151918_87600_2.jpg,Digononta,healthy,0,test,0.5499588
data/raw/Digononta/220714151918_7500.jpg,Digononta,healthy,0,test,0.4466514
data/raw/Digononta/220713091344_252300.jpg,Digononta,healthy,0,test,0.67664504
data/raw/Digononta/250807142725_17500.jpg,Digononta,healthy,0,test,0.46860376
data/raw/Digononta/220710155007_8100.jpg,Digononta,healthy,0,test,0.4483092
data/raw/Digononta/220702195412_79500.jpg,Digononta,healthy,0,test,0.28479776
data/raw/Digononta/220705111212_2100.jpg,Digononta,healthy,0,test,0.31506366
data/raw/Digononta/220713075400_33600.jpg,Digononta,healthy,0,test,0.5507035
data/raw/Digononta/220715153913_136800.jpg,Digononta,healthy,0,test,0.33930522
data/raw/Digononta/220704212204_39600.jpg,Digononta,healthy,0,test,0.5608084
data/raw/Digononta/220705205512_273600_2.jpg,Digononta,healthy,0,test,0.7213932
data/raw/Digononta/220702195412_159900.jpg,Digononta,healthy,0,test,0.29219952
data/raw/Digononta/220710214438_13500.jpg,Digononta,healthy,0,test,0.28777397
data/raw/Digononta/220625152853_19200.jpg,Digononta,healthy,0,test,0.32528475
data/raw/Digononta/220625152853_23700_2.jpg,Digononta,healthy,0,test,0.62995154
data/raw/Digononta/250818192836_21600.jpg,Digononta,healthy,0,test,0.60885346
data/raw/Digononta/220710123359_20100.jpg,Digononta,healthy,0,test,0.26880404
data/raw/Digononta/220625193430_297600.jpg,Digononta,healthy,0,test,0.39872313
data/raw/Digononta/220706161602_24600.jpg,Digononta,healthy,0,test,0.72099024
data/raw/Digononta/220701144940_381900.jpg,Digononta,healthy,0,test,0.23199527
data/raw/Digononta/220706212903_102000.jpg,Digononta,healthy,0,test,0.7924942
data/raw/Digononta/220706161602_12900.jpg,Digononta,healthy,0,test,0.34130615
data/raw/Digononta/250718132208_24500.jpg,Digononta,healthy,0,test,0.37693888
data/raw/Digononta/221219103325_123.jpg,Digononta,healthy,0,test,0.99564284
data/raw/Digononta/220711151704_210600.jpg,Digononta,healthy,0,test,0.37998447
data/raw/Digononta/220704164337_44700_3.jpg,Digononta,healthy,0,test,0.4959873
data/raw/Digononta/220715153913_81900.jpg,Digononta,healthy,0,test,0.5011476
data/raw/Digononta/220715153913_359100.jpg,Digononta,healthy,0,test,0.72670597
data/raw/Digononta/220704164337_41400_2.jpg,Digononta,healthy,0,test,0.3980464
data/raw/Digononta/220625152853_15000_3.jpg,Digononta,healthy,0,test,0.4592317
data/raw/Digononta/220716104346_63600.jpg,Digononta,healthy,0,test,0.5711336
data/raw/Digononta/220714151918_382800.jpg,Digononta,healthy,0,test,0.6216549
data/raw/Digononta/220715135748_71100.jpg,Digononta,healthy,0,test,0.46809164
data/raw/Digononta/220710155007_204300.jpg,Digononta,healthy,0,test,0.22628583
data/raw/Digononta/220714194123_167400_2.jpg,Digononta,healthy,0,test,0.38359737
data/raw/Digononta/220714151918_358500.jpg,Digononta,healthy,0,test,0.40095636
data/raw/Digononta/220706161602_83400.jpg,Digononta,healthy,0,test,0.4842694
data/raw/Digononta/220705133448_438000.jpg,Digononta,healthy,0,test,0.49406257
data/raw/Digononta/220927150708_95.jpg,Digononta,healthy,0,test,1.006092
data/raw/Digononta/220705205512_86100_2.jpg,Digononta,healthy,0,test,0.34903452
data/raw/Digononta/220714151918_269700.jpg,Digononta,healthy,0,test,0.55364126
data/raw/Digononta/220704212204_56700_2.jpg,Digononta,healthy,0,test,0.44039533
data/raw/Digononta/220702195412_73800.jpg,Digononta,healthy,0,test,0.2955562
data/raw/Digononta/220715103728_13200_2.jpg,Digononta,healthy,0,test,0.1625951
data/raw/Digononta/220629133851_27600_2.jpg,Digononta,healthy,0,test,0.12517154
data/raw/Digononta/220705111212_64200_2.jpg,Digononta,healthy,0,test,0.38483253
data/raw/Digononta/220708152029_131100.jpg,Digononta,healthy,0,test,0.6683981
data/raw/Digononta/220715153913_2100.jpg,Digononta,healthy,0,test,0.34602195
data/raw/Digononta/220711132531_35100.jpg,Digononta,healthy,0,test,0.51321846
data/raw/Digononta/220711210818_114300.jpg,Digononta,healthy,0,test,0.47083405
data/raw/Digononta/220625152853_23700_11.jpg,Digononta,healthy,0,test,0.3882094
data/raw/Digononta/220705111212_11100_2.jpg,Digononta,healthy,0,test,0.32806978
data/raw/Digononta/220706212903_118500_2.jpg,Digononta,healthy,0,test,0.31869826
data/raw/Digononta/220713075400_20100.jpg,Digononta,healthy,0,test,1.0104047
data/raw/Digononta/220706212903_175500.jpg,Digononta,healthy,0,test,0.3004543
data/raw/Digononta/220629133851_70200.jpg,Digononta,healthy,0,test,0.15122655
data/raw/Digononta/220704212204_33900.jpg,Digononta,healthy,0,test,0.469808
data/raw/Digononta/220625152853_33000.jpg,Digononta,healthy,0,test,0.34075263
data/raw/Digononta/220708152029_10200.jpg,Digononta,healthy,0,test,0.68231934
data/raw/Digononta/220708152029_185700.jpg,Digononta,healthy,0,test,0.28375107
data/raw/Digononta/220708152029_46800.jpg,Digononta,healthy,0,test,0.7120459
data/raw/Digononta/220702195412_174900_2.jpg,Digononta,healthy,0,test,0.404581
data/raw/Digononta/220706161602_281700.jpg,Digononta,healthy,0,test,0.35735217
data/raw/Digononta/220920090529_259.jpg,Digononta,healthy,0,test,0.19790545
data/raw/Digononta/220625151150_14100_2.jpg,Digononta,healthy,0,test,0.4981347
data/raw/Digononta/220704212204_78900.jpg,Digononta,healthy,0,test,0.52279484
data/raw/Digononta/220715103728_4500_3.jpg,Digononta,healthy,0,test,0.55263937
data/raw/Digononta/220625152853_57300_3.jpg,Digononta,healthy,0,test,0.39720443
data/raw/Digononta/220701193719_183300.jpg,Digononta,healthy,0,test,0.6191599
data/raw/Digononta/220716104346_103200.jpg,Digononta,healthy,0,test,0.4702719
data/raw/Digononta/220711132531_43800.jpg,Digononta,healthy,0,test,0.50572187
data/raw/Digononta/220701144940_142500.jpg,Digononta,healthy,0,test,0.15209235
data/raw/Digononta/250718142531_18000.jpg,Digononta,healthy,0,test,0.31070057
data/raw/Digononta/220704164337_12300.jpg,Digononta,healthy,0,test,0.25565895
data/raw/Digononta/220714194123_65400.jpg,Digononta,healthy,0,test,0.8439776
data/raw/Digononta/220701193719_12900.jpg,Digononta,healthy,0,test,0.47538862
data/raw/Digononta/220712104445_130200.jpg,Digononta,healthy,0,test,0.45835802
data/raw/Digononta/220704212204_129000.jpg,Digononta,healthy,0,test,0.24526839
data/raw/Digononta/220714120033_9600.jpg,Digononta,healthy,0,test,0.48455647
data/raw/Digononta/220715153913_10500_2.jpg,Digononta,healthy,0,test,0.38886735
data/raw/Digononta/220714151918_171300.jpg,Digononta,healthy,0,test,0.3283215
data/raw/Digononta/220702195412_10500.jpg,Digononta,healthy,0,test,0.33859164
data/raw/Digononta/250719181210_12100.jpg,Digononta,healthy,0,test,0.5661935
data/raw/Digononta/220702195412_158400_2.jpg,Digononta,healthy,0,test,0.42127186
data/raw/Digononta/220710214438_223800.jpg,Digononta,healthy,0,test,0.32687575
data/raw/Digononta/220706161602_285000.jpg,Digononta,healthy,0,test,0.28463405
data/raw/Digononta/220715153913_66600.jpg,Digononta,healthy,0,test,0.25213215
data/raw/Digononta/220625162327_5100.jpg,Digononta,healthy,0,test,0.38308316
data/raw/Digononta/220708152029_54300.jpg,Digononta,healthy,0,test,0.22261824
data/raw/Digononta/220713075400_32400_3.jpg,Digononta,healthy,0,test,0.7867096
data/raw/Digononta/220715153913_226500.jpg,Digononta,healthy,0,test,0.52277684
data/raw/Digononta/220712154002_33000.jpg,Digononta,healthy,0,test,0.37327608
data/raw/Digononta/220710104356_600.jpg,Digononta,healthy,0,test,0.49709406
data/raw/Digononta/220711132531_48300_2.jpg,Digononta,healthy,0,test,0.50800216
data/raw/Digononta/220710155007_154500.jpg,Digononta,healthy,0,test,0.29824552
data/raw/Digononta/220705111212_181500.jpg,Digononta,healthy,0,test,0.5549219
data/raw/Digononta/220716104346_46200_2.jpg,Digononta,healthy,0,test,0.51536113
data/raw/Digononta/220706212903_84000.jpg,Digononta,healthy,0,test,0.7218982
data/raw/Digononta/220714223843_39600.jpg,Digononta,healthy,0,test,0.4354215
data/raw/Digononta/220711210818_131400.jpg,Digononta,healthy,0,test,0.31570506
data/raw/Digononta/220614142009_300_2.jpg,Digononta,healthy,0,test,0.3669241
data/raw/Digononta/220713151019_103800_3.jpg,Digononta,healthy,0,test,0.5677357
data/raw/Digononta/220625152853_61500.jpg,Digononta,healthy,0,test,0.300443
data/raw/Digononta/220714194123_167700.jpg,Digononta,healthy,0,test,0.4234702
data/raw/Digononta/220701193719_207000.jpg,Digononta,healthy,0,test,0.44382858
data/raw/Digononta/220714151918_219000.jpg,Digononta,healthy,0,test,0.47851813
data/raw/Digononta/220715153913_260400.jpg,Digononta,healthy,0,test,0.7369208
data/raw/Digononta/220713091344_243300.jpg,Digononta,healthy,0,test,0.6282592
data/raw/Digononta/220625151150_7500_2.jpg,Digononta,healthy,0,test,0.3026115
data/raw/Digononta/220712104445_40800.jpg,Digononta,healthy,0,test,0.48486942
data/raw/Monogononta/250818200100_5600_2.jpg,Monogononta,healthy,0,test,0.35713792
data/raw/Monogononta/220714151918_63600_1.jpg,Monogononta,healthy,0,test,0.5603428
data/raw/Monogononta/220707145542_245700.jpg,Monogononta,healthy,0,test,0.36112317
data/raw/Monogononta/220712154002_29400_1.jpg,Monogononta,healthy,0,test,0.87306994
data/raw/Monogononta/220714151918_193800.jpg,Monogononta,healthy,0,test,0.33952403
data/raw/Monogononta/220710214438_105000.jpg,Monogononta,healthy,0,test,0.30215713
data/raw/Monogononta/220705205512_420300.jpg,Monogononta,healthy,0,test,0.32952455
data/raw/Monogononta/250718191917_1400.jpg,Monogononta,healthy,0,test,0.30962038
data/raw/Monogononta/220704164337_600_1.jpg,Monogononta,healthy,0,test,0.50320244
data/raw/Monogononta/220707221712_142800.jpg,Monogononta,healthy,0,test,0.3947566
data/raw/Monogononta/250819164502_21200.jpg,Monogononta,healthy,0,test,0.30093893
data/raw/Monogononta/250717195045_12700.jpg,Monogononta,healthy,0,test,0.29844692
data/raw/Monogononta/220715214149_9900.jpg,Monogononta,healthy,0,test,0.39010403
data/raw/Monogononta/220705133448_529500.jpg,Monogononta,healthy,0,test,0.55058336
data/raw/Monogononta/220705205512_87600.jpg,Monogononta,healthy,0,test,0.32904106
data/raw/Monogononta/220714151918_235800.jpg,Monogononta,healthy,0,test,0.84973097
data/raw/Monogononta/220708152029_71700.jpg,Monogononta,healthy,0,test,0.40300393
data/raw/Monogononta/220714151918_234900.jpg,Monogononta,healthy,0,test,0.82725215
data/raw/Monogononta/220710155007_55200.jpg,Monogononta,healthy,0,test,0.30061772
data/raw/Monogononta/220714151918_145200.jpg,Monogononta,healthy,0,test,0.49251726
data/raw/Monogononta/250719181210_10600.jpg,Monogononta,healthy,0,test,0.27752486
data/raw/Monogononta/220713091344_192000.jpg,Monogononta,healthy,0,test,0.3268123
data/raw/Monogononta/250719140643_10500.jpg,Monogononta,healthy,0,test,0.31941825
data/raw/Monogononta/220714151918_360600.jpg,Monogononta,healthy,0,test,0.5218759
data/raw/Monogononta/250819182407_5100.jpg,Monogononta,healthy,0,test,0.2879098
data/raw/Monogononta/220705133448_413400.jpg,Monogononta,healthy,0,test,0.5889591
data/raw/Monogononta/220712104445_93000.jpg,Monogononta,healthy,0,test,0.46160647
data/raw/Monogononta/220714223843_60000.jpg,Monogononta,healthy,0,test,0.58154315
data/raw/Monogononta/220710155007_93000.jpg,Monogononta,healthy,0,test,0.27778098
data/raw/Monogononta/220707145542_168900.jpg,Monogononta,healthy,0,test,0.6537034
data/raw/Monogononta/220706161602_98700.jpg,Monogononta,healthy,0,test,0.47850567
data/raw/Monogononta/220706161602_265200.jpg,Monogononta,healthy,0,test,0.25477943
data/raw/Monogononta/220708152029_97500.jpg,Monogononta,healthy,0,test,0.47428185
data/raw/Monogononta/220922191618_326.jpg,Monogononta,healthy,0,test,0.2604398
data/raw/Monogononta/220705205512_97800.jpg,Monogononta,healthy,0,test,0.7800054
data/raw/Monogononta/220707145542_53100.jpg,Monogononta,healthy,0,test,0.55199695
data/raw/Monogononta/250719150530_5200.jpg,Monogononta,healthy,0,test,0.35441434
data/raw/Monogononta/220710155007_115200.jpg,Monogononta,healthy,0,test,0.48654354
data/raw/Monogononta/250819195743_18900.jpg,Monogononta,healthy,0,test,0.38121727
data/raw/Monogononta/220711210818_10200.jpg,Monogononta,healthy,0,test,0.8117549
data/raw/Monogononta/220922132105_747.jpg,Monogononta,healthy,0,test,0.27876285
data/raw/Monogononta/220715214149_23400.jpg,Monogononta,healthy,0,test,0.3796907
data/raw/Monogononta/220710214438_72300_2.jpg,Monogononta,healthy,0,test,0.35699338
data/raw/Monogononta/220714151918_71700.jpg,Monogononta,healthy,0,test,0.35235897
data/raw/Monogononta/220707145542_372300.jpg,Monogononta,healthy,0,test,0.5579651
data/raw/Monogononta/220702195412_74100.jpg,Monogononta,healthy,0,test,0.30333468
data/raw/Monogononta/220712162334_10800.jpg,Monogononta,healthy,0,test,0.3865103
data/raw/Monogononta/250819203609_4600.jpg,Monogononta,healthy,0,test,0.2928721
data/raw/Monogononta/220921133027_13.jpg,Monogononta,healthy,0,test,0.21354644
data/raw/Monogononta/220714151918_15000.jpg,Monogononta,healthy,0,test,0.31024963
data/raw/Monogononta/220711151704_316800.jpg,Monogononta,healthy,0,test,0.8227716
data/raw/Monogononta/220715153913_137700_2.jpg,Monogononta,healthy,0,test,0.3263133
data/raw/Monogononta/220705133448_253500.jpg,Monogononta,healthy,0,test,0.44005683
data/raw/Monogononta/220927183749_312.jpg,Monogononta,healthy,0,test,0.83092195
data/raw/Monogononta/250819211006_13800.jpg,Monogononta,healthy,0,test,0.48898935
data/raw/Monogononta/220707103914_111300_2.jpg,Monogononta,healthy,0,test,0.5119014
data/raw/Monogononta/250819204323_15600.jpg,Monogononta,healthy,0,test,0.28765836
data/raw/Monogononta/220713151019_77700.jpg,Monogononta,healthy,0,test,0.48469263
data/raw/Monogononta/220920143151_92.jpg,Monogononta,healthy,0,test,0.1757955
data/raw/Monogononta/220706161602_235200.jpg,Monogononta,healthy,0,test,0.3084475
data/raw/Monogononta/220714151918_229800.jpg,Monogononta,healthy,0,test,0.5596601
data/raw/Monogononta/220705111212_169500.jpg,Monogononta,healthy,0,test,0.36121032
data/raw/Monogononta/220919213921_32.jpg,Monogononta,healthy,0,test,0.7673956
data/raw/Monogononta/220707145542_58200.jpg,Monogononta,healthy,0,test,0.6168361
data/raw/Monogononta/220713151019_219900.jpg,Monogononta,healthy,0,test,0.87990856
data/raw/Monogononta/220710214438_25500.jpg,Monogononta,healthy,0,test,0.30816388
data/raw/Monogononta/220713151019_87000.jpg,Monogononta,healthy,0,test,0.4160162
data/raw/Monogononta/220705133448_529800.jpg,Monogononta,healthy,0,test,0.4805221
data/raw/Monogononta/220706161602_292800.jpg,Monogononta,healthy,0,test,0.31817284
data/raw/Monogononta/220712104445_95100_2.jpg,Monogononta,healthy,0,test,0.4754577
data/raw/Monogononta/220710214438_133800.jpg,Monogononta,healthy,0,test,0.3016616
data/raw/Monogononta/220921151620_318.jpg,Monogononta,healthy,0,test,0.6753671
data/raw/Monogononta/220715214149_72300.jpg,Monogononta,healthy,0,test,0.6226137
data/raw/Monogononta/220707145542_109800.jpg,Monogononta,healthy,0,test,0.2739062
data/raw/Monogononta/220704164337_38700.jpg,Monogononta,healthy,0,test,0.49372745
data/raw/Monogononta/220714151918_233100_2.jpg,Monogononta,healthy,0,test,0.4538136
data/raw/Monogononta/220714151918_20400_3.jpg,Monogononta,healthy,0,test,0.25849962
data/raw/Monogononta/220715214149_70200.jpg,Monogononta,healthy,0,test,0.3952615
data/raw/Monogononta/220705111212_1800.jpg,Monogononta,healthy,0,test,0.6441257
data/raw/Monogononta/220920090529_161.jpg,Monogononta,healthy,0,test,0.30840826
data/raw/Monogononta/220712154002_11400.jpg,Monogononta,healthy,0,test,0.5436112
data/raw/Monogononta/220714151918_70200.jpg,Monogononta,healthy,0,test,0.58943933
data/raw/Monogononta/220714151918_72000.jpg,Monogononta,healthy,0,test,0.48244882
data/raw/Monogononta/220701193719_113100.jpg,Monogononta,healthy,0,test,0.16292834
data/raw/Monogononta/220705133448_545700.jpg,Monogononta,healthy,0,test,0.30390498
data/raw/Monogononta/220714223843_36900.jpg,Monogononta,healthy,0,test,0.42563283
data/raw/Monogononta/220710155007_102000.jpg,Monogononta,healthy,0,test,0.8211134
data/raw/Monogononta/220715153913_169500.jpg,Monogononta,healthy,0,test,0.39656463
data/raw/Monogononta/220919143242_10.jpg,Monogononta,healthy,0,test,0.33929926
data/raw/Monogononta/220714151918_376200.jpg,Monogononta,healthy,0,test,0.37666145
data/raw/Monogononta/220922191618_608.jpg,Monogononta,healthy,0,test,0.28797585
data/raw/Monogononta/220714151918_158400.jpg,Monogononta,healthy,0,test,0.7095231
data/raw/Monogononta/220714120033_8700.jpg,Monogononta,healthy,0,test,0.7462118
data/raw/Monogononta/220927150708_179.jpg,Monogononta,healthy,0,test,0.7536738
data/raw/Monogononta/220714151918_109200.jpg,Monogononta,healthy,0,test,0.86161774
data/raw/Monogononta/250719150530_2200.jpg,Monogononta,healthy,0,test,0.3261304
data/raw/Monogononta/220715153913_195000.jpg,Monogononta,healthy,0,test,0.595867
data/raw/Monogononta/250719163223_10100.jpg,Monogononta,healthy,0,test,0.43318844
data/raw/Monogononta/220707103914_129000.jpg,Monogononta,healthy,0,test,0.7382159
data/raw/Monogononta/220920090529_19.jpg,Monogononta,healthy,0,test,0.8003089
data/raw/Monogononta/220714151918_215100.jpg,Monogononta,healthy,0,test,0.5892671
data/raw/Monogononta/220708152029_111600.jpg,Monogononta,healthy,0,test,0.58905864
data/raw/Monogononta/220710214438_107100_2.jpg,Monogononta,healthy,0,test,0.5572911
data/raw/Monogononta/220712104445_29100.jpg,Monogononta,healthy,0,test,0.40939027
data/raw/Monogononta/220712211907_25800.jpg,Monogononta,healthy,0,test,0.74026424
data/raw/Monogononta/220711132531_38400.jpg,Monogononta,healthy,0,test,0.48003447
data/raw/Monogononta/220715153913_195600.jpg,Monogononta,healthy,0,test,0.71617645
data/raw/Monogononta/220714151918_208500.jpg,Monogononta,healthy,0,test,0.4839626
data/raw/Monogononta/220714151918_31800.jpg,Monogononta,healthy,0,test,0.53874373
data/raw/Monogononta/220923102431_123.jpg,Monogononta,healthy,0,test,0.1390076
data/raw/Monogononta/220922093805_31.jpg,Monogononta,healthy,0,test,0.3973876
data/raw/Monogononta/220714151918_184800.jpg,Monogononta,healthy,0,test,0.42648005
data/raw/Monogononta/220707103914_122700.jpg,Monogononta,healthy,0,test,0.5202758
data/raw/Monogononta/220712104445_98400.jpg,Monogononta,healthy,0,test,0.57726985
data/raw/Monogononta/220707145542_90000.jpg,Monogononta,healthy,0,test,0.61849886
data/raw/Monogononta/250819182407_16400.jpg,Monogononta,healthy,0,test,0.22790237
data/raw/Monogononta/220714151918_109500.jpg,Monogononta,healthy,0,test,0.61323166
data/raw/Monogononta/250807145440_4800.jpg,Monogononta,healthy,0,test,0.35335845
data/raw/Monogononta/220710155007_112200.jpg,Monogononta,healthy,0,test,0.52597797
data/raw/Monogononta/220715103728_12600_2_1.jpg,Monogononta,healthy,0,test,0.49423048
data/raw/Monogononta/220710214438_7200.jpg,Monogononta,healthy,0,test,0.31907135
data/raw/Monogononta/220704164337_14400.jpg,Monogononta,healthy,0,test,0.4805732
data/raw/Monogononta/220704164337_42600.jpg,Monogononta,healthy,0,test,0.38818637
data/raw/Monogononta/220711151704_88200.jpg,Monogononta,healthy,0,test,0.58016133
data/raw/Monogononta/220713091344_266700.jpg,Monogononta,healthy,0,test,0.75371975
data/raw/Monogononta/220713151019_46800_2.jpg,Monogononta,healthy,0,test,0.63965255
data/raw/Monogononta/220715103728_27600.jpg,Monogononta,healthy,0,test,0.57671744
data/raw/Monogononta/220714151918_235800_2.jpg,Monogononta,healthy,0,test,1.0105985
data/raw/Monogononta/220707145542_149400.jpg,Monogononta,healthy,0,test,0.84048957
data/raw/Monogononta/220702195412_9300.jpg,Monogononta,healthy,0,test,0.31990287
data/raw/Monogononta/220704164337_300_2.jpg,Monogononta,healthy,0,test,0.3869924
data/raw/Monogononta/220705111212_35100.jpg,Monogononta,healthy,0,test,0.32899287
data/raw/Monogononta/220710155007_900.jpg,Monogononta,healthy,0,test,0.28233552
data/raw/Monogononta/220923151606_617.jpg,Monogononta,healthy,0,test,0.17220898
data/raw/Monogononta/220715153913_142800.jpg,Monogononta,healthy,0,test,0.32605946
data/raw/Monogononta/220714194123_47700.jpg,Monogononta,healthy,0,test,0.32330304
data/raw/Monogononta/220922102326_149.jpg,Monogononta,healthy,0,test,0.35554352
data/raw/Monogononta/220715103728_12900_2.jpg,Monogononta,healthy,0,test,0.4056627
data/raw/Monogononta/220710104356_26700.jpg,Monogononta,healthy,0,test,0.25475696
data/raw/Monogononta/220704164337_48600.jpg,Monogononta,healthy,0,test,0.50057864
data/raw/Monogononta/220714151918_262800.jpg,Monogononta,healthy,0,test,0.52615315
data/raw/Monogononta/220710155007_105600.jpg,Monogononta,healthy,0,test,0.34443286
data/raw/Monogononta/220923102431_154.jpg,Monogononta,healthy,0,test,0.1840788
data/raw/Monogononta/250719163223_13800.jpg,Monogononta,healthy,0,test,0.7056597
data/raw/Monogononta/220714151918_378000.jpg,Monogononta,healthy,0,test,0.6217084
data/raw/Monogononta/220714151918_168900.jpg,Monogononta,healthy,0,test,0.30037433
data/raw/Monogononta/220710155007_20100.jpg,Monogononta,healthy,0,test,0.29882672
data/raw/Monogononta/220922093805_30_2.jpg,Monogononta,healthy,0,test,0.24350944
data/raw/Monogononta/220711210818_61500.jpg,Monogononta,healthy,0,test,0.719709
data/raw/Monogononta/220710155007_96300.jpg,Monogononta,healthy,0,test,0.38166264
data/raw/Monogononta/220714214255_41100.jpg,Monogononta,healthy,0,test,0.6358808
data/raw/Monogononta/220704164337_171900.jpg,Monogononta,healthy,0,test,0.2882568
data/raw/Monogononta/250719195847_9100.jpg,Monogononta,healthy,0,test,0.3787889
data/raw/Monogononta/220704164337_24300.jpg,Monogononta,healthy,0,test,0.5825471
data/raw/Monogononta/220710214438_27900.jpg,Monogononta,healthy,0,test,0.4484464
data/raw/Monogononta/220710214438_27600.jpg,Monogononta,healthy,0,test,0.7901899
data/raw/Monogononta/220714223843_40200.jpg,Monogononta,healthy,0,test,0.5527374
data/raw/Monogononta/220920090529_260.jpg,Monogononta,healthy,0,test,0.17254853
data/raw/Monogononta/220711151704_363000.jpg,Monogononta,healthy,0,test,0.58385056
data/raw/Monogononta/220710155007_98400.jpg,Monogononta,healthy,0,test,0.39551684
data/raw/Monogononta/220704212204_130200.jpg,Monogononta,healthy,0,test,0.46170238
data/raw/Monogononta/220706161602_344100.jpg,Monogononta,healthy,0,test,0.12028678
data/raw/Monogononta/250719140643_12100.jpg,Monogononta,healthy,0,test,0.37774038
data/raw/Monogononta/220707145542_98400.jpg,Monogononta,healthy,0,test,0.5468674
data/raw/Monogononta/220714151918_229500_1.jpg,Monogononta,healthy,0,test,0.5373446
data/raw/Monogononta/220714194123_50700.jpg,Monogononta,healthy,0,test,0.35125312
data/raw/Monogononta/220716104346_94500.jpg,Monogononta,healthy,0,test,0.35998252
data/raw/Monogononta/220710155007_57900.jpg,Monogononta,healthy,0,test,0.24744372
data/raw/Monogononta/220712162334_3000.jpg,Monogononta,healthy,0,test,0.21155035
data/raw/Monogononta/220714151918_284400_2.jpg,Monogononta,healthy,0,test,0.80974597
data/raw/Monogononta/220715153913_152100.jpg,Monogononta,healthy,0,test,0.78918684
data/raw/Monogononta/220710155007_157800.jpg,Monogononta,healthy,0,test,0.37432498
data/raw/Monogononta/250815141807_18400.jpg,Monogononta,healthy,0,test,0.33164436
data/raw/Monogononta/220707145542_78000.jpg,Monogononta,healthy,0,test,0.46877974
data/raw/Monogononta/220701193719_233100.jpg,Monogononta,healthy,0,test,0.3234096
data/raw/Monogononta/220716104346_112800.jpg,Monogononta,healthy,0,test,0.40813816
data/raw/Monogononta/220921151620_487.jpg,Monogononta,healthy,0,test,0.32490796
data/raw/Monogononta/220924190628_27.jpg,Monogononta,healthy,0,test,0.8434345
data/raw/Monogononta/220713091344_246300.jpg,Monogononta,healthy,0,test,0.536808
data/raw/Monogononta/250717184843_16800.jpg,Monogononta,healthy,0,test,0.4999616
data/raw/Monogononta/220715153913_342600.jpg,Monogononta,healthy,0,test,0.48552665
data/raw/Monogononta/250818182128_8500.jpg,Monogononta,healthy,0,test,0.3644587
data/raw/Monogononta/220714151918_177900.jpg,Monogononta,healthy,0,test,0.33688575
data/raw/Monogononta/220715103728_12900.jpg,Monogononta,healthy,0,test,0.62027943
data/raw/Monogononta/220715153913_315900_1.jpg,Monogononta,healthy,0,test,0.50079316
data/raw/Monogononta/220705133448_472800.jpg,Monogononta,healthy,0,test,0.59711677
data/raw/Monogononta/220921133027_65.jpg,Monogononta,healthy,0,test,0.34249526
data/raw/Monogononta/220704164337_230100.jpg,Monogononta,healthy,0,test,0.20871153
data/raw/Monogononta/220710214438_204300.jpg,Monogononta,healthy,0,test,0.39278942
data/raw/Monogononta/220714213052_15300.jpg,Monogononta,healthy,0,test,0.82429004
data/raw/Monogononta/220715103728_12900_1.jpg,Monogononta,healthy,0,test,0.635094
data/raw/Monogononta/220713151019_186300.jpg,Monogononta,healthy,0,test,0.5296066
data/raw/Monogononta/220713151019_200100.jpg,Monogononta,healthy,0,test,0.30308285
data/raw/Monogononta/220715214149_43800.jpg,Monogononta,healthy,0,test,0.5715643
data/raw/Monogononta/220714151918_264000_1.jpg,Monogononta,healthy,0,test,0.41547313
data/raw/Monogononta/220705133448_500100.jpg,Monogononta,healthy,0,test,0.34405747
data/raw/Monogononta/250818182128_3300.jpg,Monogononta,healthy,0,test,0.38910195
data/raw/Monogononta/220711210818_104400.jpg,Monogononta,healthy,0,test,0.7747482
data/raw/Monogononta/220922132105_128.jpg,Monogononta,healthy,0,test,0.33121416
data/raw/Monogononta/220710214438_30600.jpg,Monogononta,healthy,0,test,0.6220389
data/raw/Monogononta/220706161602_196500.jpg,Monogononta,healthy,0,test,0.18658607
data/raw/Monogononta/220706100742_12300.jpg,Monogononta,healthy,0,test,0.1771472
data/raw/Monogononta/220705133448_407700_2.jpg,Monogononta,healthy,0,test,0.3443702
data/raw/Monogononta/220710155007_3000.jpg,Monogononta,healthy,0,test,0.35003433
data/raw/Monogononta/220706161602_234900.jpg,Monogononta,healthy,0,test,0.2591136
data/raw/Monogononta/220712211907_49500.jpg,Monogononta,healthy,0,test,0.70825374
data/raw/Monogononta/220702195412_135900.jpg,Monogononta,healthy,0,test,0.40592033
data/raw/Monogononta/220925102517_96.jpg,Monogononta,healthy,0,test,0.28377774
data/raw/Monogononta/220715214149_15000.jpg,Monogononta,healthy,0,test,0.3483294
data/raw/Monogononta/250718155419_13400.jpg,Monogononta,healthy,0,test,0.47396404
data/raw/Monogononta/220710214438_120600_2.jpg,Monogononta,healthy,0,test,0.60327834
data/raw/Monogononta/250719195847_2000.jpg,Monogononta,healthy,0,test,0.2979742
data/raw/Monogononta/220714223843_1800.jpg,Monogononta,healthy,0,test,0.54025656
data/raw/Monogononta/220711132531_19500.jpg,Monogononta,healthy,0,test,0.6409119
data/raw/Monogononta/220714151918_73200.jpg,Monogononta,healthy,0,test,0.3383014
data/raw/Monogononta/220712104445_92700.jpg,Monogononta,healthy,0,test,0.59608644
data/raw/Monogononta/220922093805_174.jpg,Monogononta,healthy,0,test,0.31575793
data/raw/Monogononta/220715153913_208200.jpg,Monogononta,healthy,0,test,0.4547971
data/raw/Monogononta/220919213921_14.jpg,Monogononta,healthy,0,test,0.67914706
data/raw/Monogononta/220710214438_45900.jpg,Monogononta,healthy,0,test,0.32420662
data/raw/Monogononta/220710155007_102600.jpg,Monogononta,healthy,0,test,0.19099912
data/raw/Monogononta/220712104445_93300_2.jpg,Monogononta,healthy,0,test,0.42673504
data/raw/Monogononta/220710155007_295800.jpg,Monogononta,healthy,0,test,0.33889726
data/raw/Monogononta/220714151918_236100.jpg,Monogononta,healthy,0,test,0.61088765
data/raw/Monogononta/220710155007_145800.jpg,Monogononta,healthy,0,test,0.59179616
data/raw/Monogononta/220714151918_73500.jpg,Monogononta,healthy,0,test,0.36394057
data/raw/Monogononta/220715153913_315900.jpg,Monogononta,healthy,0,test,0.37541366
data/raw/Monogononta/220710155007_167700.jpg,Monogononta,healthy,0,test,0.37422785
data/raw/Monogononta/220714151918_284400.jpg,Monogononta,healthy,0,test,0.57137775
data/raw/Monogononta/250719153319_11500.jpg,Monogononta,healthy,0,test,0.27626753
data/raw/Monogononta/220715153913_342300.jpg,Monogononta,healthy,0,test,0.49921522
data/raw/Monogononta/220712154002_29400.jpg,Monogononta,healthy,0,test,0.33290577
data/raw/Monogononta/220710155007_96600.jpg,Monogononta,healthy,0,test,0.43263096
data/raw/Monogononta/220706212903_83700.jpg,Monogononta,healthy,0,test,0.6165721
data/raw/Monogononta/220707103914_262800.jpg,Monogononta,healthy,0,test,0.56106967
data/raw/Monogononta/220713151019_44400.jpg,Monogononta,healthy,0,test,0.76868886
data/raw/Monogononta/250819204323_16300.jpg,Monogononta,healthy,0,test,0.34394068
data/raw/Monogononta/220712162334_8400.jpg,Monogononta,healthy,0,test,0.3662041
data/raw/Monogononta/220711210818_103200.jpg,Monogononta,healthy,0,test,0.28857628
data/raw/Monogononta/220923191844_191.jpg,Monogononta,healthy,0,test,0.6830259
data/raw/Arcellinida/220712104445_21300.jpg,Arcellinida,stressed,1,test,0.6024152
data/raw/Arcellinida/220927123420_11.jpg,Arcellinida,stressed,1,test,0.38191742
data/raw/Arcellinida/220713151019_219300.jpg,Arcellinida,stressed,1,test,0.8187412
data/raw/Arcellinida/250719183759_500.jpg,Arcellinida,stressed,1,test,0.268134
data/raw/Arcellinida/220708152029_144300.jpg,Arcellinida,stressed,1,test,0.5564217
data/raw/Arcellinida/220928215317_41.jpg,Arcellinida,stressed,1,test,0.31405026
data/raw/Arcellinida/220815204959_243300.jpg,Arcellinida,stressed,1,test,0.5619729
data/raw/Arcellinida/220823110824_18600.jpg,Arcellinida,stressed,1,test,0.29003537
data/raw/Arcellinida/220924190628_1_3.jpg,Arcellinida,stressed,1,test,0.34944668
data/raw/Arcellinida/220711151704_178200.jpg,Arcellinida,stressed,1,test,0.6645348
data/raw/Arcellinida/220713210859_300.jpg,Arcellinida,stressed,1,test,0.32704875
data/raw/Arcellinida/220920090529_42.jpg,Arcellinida,stressed,1,test,0.6698567
data/raw/Arcellinida/250822144447_7700_4.jpg,Arcellinida,stressed,1,test,0.4843499
data/raw/Arcellinida/220827192508_55200.jpg,Arcellinida,stressed,1,test,0.29916582
data/raw/Arcellinida/220822160429_122400.jpg,Arcellinida,stressed,1,test,0.27960187
data/raw/Arcellinida/221203122546_261.jpg,Arcellinida,stressed,1,test,0.70487165
data/raw/Arcellinida/220711151704_58800.jpg,Arcellinida,stressed,1,test,0.311595
data/raw/Arcellinida/220927103320_13.jpg,Arcellinida,stressed,1,test,0.7501362
data/raw/Arcellinida/250822151857_18200_2.jpg,Arcellinida,stressed,1,test,0.458905
data/raw/Arcellinida/220927150708_389.jpg,Arcellinida,stressed,1,test,0.3989654
data/raw/Arcellinida/220926132633_21_3.jpg,Arcellinida,stressed,1,test,0.54607815
data/raw/Arcellinida/220924140904_517.jpg,Arcellinida,stressed,1,test,0.6401793
data/raw/Arcellinida/220822212820_35100.jpg,Arcellinida,stressed,1,test,0.29786757
data/raw/Arcellinida/250820192622_3300_2.jpg,Arcellinida,stressed,1,test,0.6758975
data/raw/Arcellinida/220712104445_70800.jpg,Arcellinida,stressed,1,test,0.57702494
data/raw/Arcellinida/250819144452_9500.jpg,Arcellinida,stressed,1,test,0.28759372
data/raw/Arcellinida/220924190628_73.jpg,Arcellinida,stressed,1,test,0.89168197
data/raw/Arcellinida/250822144447_14400.jpg,Arcellinida,stressed,1,test,0.4718298
data/raw/Arcellinida/220928110514_195.jpg,Arcellinida,stressed,1,test,0.79826695
data/raw/Arcellinida/221129202130_185.jpg,Arcellinida,stressed,1,test,0.63587475
data/raw/Arcellinida/250719160003_200.jpg,Arcellinida,stressed,1,test,0.34289008
data/raw/Arcellinida/220817111017_12600_2.jpg,Arcellinida,stressed,1,test,0.30275604
data/raw/Arcellinida/220926185508_74.jpg,Arcellinida,stressed,1,test,0.9276736
data/raw/Arcellinida/250819204323_12100.jpg,Arcellinida,stressed,1,test,0.3730598
data/raw/Arcellinida/220704164337_26700.jpg,Arcellinida,stressed,1,test,0.5697192
data/raw/Arcellinida/220822212820_77100.jpg,Arcellinida,stressed,1,test,0.27495372
data/raw/Arcellinida/250806190337_9400.jpg,Arcellinida,stressed,1,test,0.31524217
data/raw/Arcellinida/220715153913_142800.jpg,Arcellinida,stressed,1,test,0.65092874
data/raw/Arcellinida/250820192622_2300.jpg,Arcellinida,stressed,1,test,0.34138122
data/raw/Arcellinida/221218205314_493.jpg,Arcellinida,stressed,1,test,0.3672628
data/raw/Arcellinida/220924140904_392.jpg,Arcellinida,stressed,1,test,0.42565805
data/raw/Arcellinida/250820192622_2400_2.jpg,Arcellinida,stressed,1,test,0.42905337
data/raw/Arcellinida/220924140904_263.jpg,Arcellinida,stressed,1,test,0.29323718
data/raw/Arcellinida/220815230100_17100.jpg,Arcellinida,stressed,1,test,0.70528394
data/raw/Arcellinida/250822165008_3500.jpg,Arcellinida,stressed,1,test,0.47503293
data/raw/Arcellinida/250719133654_5300.jpg,Arcellinida,stressed,1,test,0.5980415
data/raw/Arcellinida/220706161602_166200.jpg,Arcellinida,stressed,1,test,0.33975148
data/raw/Arcellinida/220710155007_91500_2.jpg,Arcellinida,stressed,1,test,0.49207243
data/raw/Arcellinida/220927150708_260.jpg,Arcellinida,stressed,1,test,0.49665764
data/raw/Arcellinida/220825221032_36600.jpg,Arcellinida,stressed,1,test,0.73197025
data/raw/Arcellinida/250815184307_6300.jpg,Arcellinida,stressed,1,test,0.45744136
data/raw/Arcellinida/250717155619_18100_2.jpg,Arcellinida,stressed,1,test,0.6058385
data/raw/Arcellinida/220927150708_331.jpg,Arcellinida,stressed,1,test,0.2636954
data/raw/Arcellinida/220921151620_358.jpg,Arcellinida,stressed,1,test,0.5570326
data/raw/Arcellinida/250717163557_4400.jpg,Arcellinida,stressed,1,test,0.542471
data/raw/Arcellinida/220921151620_456.jpg,Arcellinida,stressed,1,test,0.7601615
data/raw/Arcellinida/220824211549_4800.jpg,Arcellinida,stressed,1,test,0.3514835
data/raw/Arcellinida/220927183749_149.jpg,Arcellinida,stressed,1,test,0.7319383
data/raw/Arcellinida/220819132809_238800.jpg,Arcellinida,stressed,1,test,0.30591473
data/raw/Arcellinida/220923151606_127.jpg,Arcellinida,stressed,1,test,0.41601047
data/raw/Arcellinida/220715153913_84900.jpg,Arcellinida,stressed,1,test,0.5180282
data/raw/Arcellinida/250818185500_14700.jpg,Arcellinida,stressed,1,test,0.35520557
data/raw/Arcellinida/220825160549_113400.jpg,Arcellinida,stressed,1,test,0.2946303
data/raw/Arcellinida/220920112849_7_2.jpg,Arcellinida,stressed,1,test,0.690977
data/raw/Arcellinida/220711151704_72900.jpg,Arcellinida,stressed,1,test,0.4415079
data/raw/Arcellinida/250718151647_21800.jpg,Arcellinida,stressed,1,test,0.64045525
data/raw/Arcellinida/220928215317_28.jpg,Arcellinida,stressed,1,test,0.7817688
data/raw/Arcellinida/221211132350_275.jpg,Arcellinida,stressed,1,test,0.71569824
data/raw/Arcellinida/250719195847_12900.jpg,Arcellinida,stressed,1,test,0.45378774
data/raw/Arcellinida/220922191618_177.jpg,Arcellinida,stressed,1,test,0.31935945
data/raw/Arcellinida/220816110204_30300_2.jpg,Arcellinida,stressed,1,test,0.6241227
data/raw/Arcellinida/220822212820_36600.jpg,Arcellinida,stressed,1,test,0.30043387
data/raw/Arcellinida/220928153740_31.jpg,Arcellinida,stressed,1,test,0.58591574
data/raw/Arcellinida/220824211549_135300.jpg,Arcellinida,stressed,1,test,0.30760595
data/raw/Arcellinida/250819182407_19300.jpg,Arcellinida,stressed,1,test,0.37494054
data/raw/Arcellinida/250819132240_24000.jpg,Arcellinida,stressed,1,test,0.3294956
data/raw/Arcellinida/250819144452_13500.jpg,Arcellinida,stressed,1,test,0.31109762
data/raw/Arcellinida/250822154936_2000_2.jpg,Arcellinida,stressed,1,test,0.5090041
data/raw/Arcellinida/250718151647_6900.jpg,Arcellinida,stressed,1,test,0.2999164
data/raw/Arcellinida/221211111727_135_2.jpg,Arcellinida,stressed,1,test,0.7974697
data/raw/Arcellinida/220701144940_245400.jpg,Arcellinida,stressed,1,test,0.6026104
data/raw/Arcellinida/250719163223_8500.jpg,Arcellinida,stressed,1,test,0.7774494
data/raw/Arcellinida/220812220906_13800.jpg,Arcellinida,stressed,1,test,0.33909014
data/raw/Arcellinida/220924190628_221.jpg,Arcellinida,stressed,1,test,0.30895415
data/raw/Arcellinida/250717155619_18100.jpg,Arcellinida,stressed,1,test,0.5173984
data/raw/Arcellinida/220819132809_237900.jpg,Arcellinida,stressed,1,test,0.36330292
data/raw/Arcellinida/220926214629_110.jpg,Arcellinida,stressed,1,test,0.69809765
data/raw/Arcellinida/220812220906_24300.jpg,Arcellinida,stressed,1,test,0.30368876
data/raw/Arcellinida/250815152852_4300.jpg,Arcellinida,stressed,1,test,0.5109664
data/raw/Arcellinida/220927150708_134.jpg,Arcellinida,stressed,1,test,0.6690973
data/raw/Arcellinida/220925102517_63.jpg,Arcellinida,stressed,1,test,0.34247056
data/raw/Arcellinida/220929104728_64.jpg,Arcellinida,stressed,1,test,0.29314673
data/raw/Arcellinida/220922191618_671.jpg,Arcellinida,stressed,1,test,0.22521943
data/raw/Arcellinida/250719140643_9700.jpg,Arcellinida,stressed,1,test,0.81138843
data/raw/Arcellinida/220922093805_90_3.jpg,Arcellinida,stressed,1,test,0.7979778
data/raw/Arcellinida/220922191618_114.jpg,Arcellinida,stressed,1,test,0.7296239
data/raw/Arcellinida/220822212820_87300.jpg,Arcellinida,stressed,1,test,0.31960478
data/raw/Arcellinida/250719150530_2600_2.jpg,Arcellinida,stressed,1,test,0.4526175
data/raw/Arcellinida/250819211006_15600.jpg,Arcellinida,stressed,1,test,0.6161908
data/raw/Arcellinida/220815230100_18300.jpg,Arcellinida,stressed,1,test,0.652975
data/raw/Arcellinida/250822144447_16900.jpg,Arcellinida,stressed,1,test,0.45195803
data/raw/Arcellinida/220716104346_41100.jpg,Arcellinida,stressed,1,test,0.27797487
data/raw/Arcellinida/250822144447_7700_3.jpg,Arcellinida,stressed,1,test,0.54224926
data/raw/Arcellinida/220822212820_130500.jpg,Arcellinida,stressed,1,test,0.30445737
data/raw/Arcellinida/220919143242_171.jpg,Arcellinida,stressed,1,test,0.41375044
data/raw/Arcellinida/220920141408_13.jpg,Arcellinida,stressed,1,test,0.30223545
data/raw/Arcellinida/220924140904_567.jpg,Arcellinida,stressed,1,test,0.81476295
data/raw/Arcellinida/220704212204_133200.jpg,Arcellinida,stressed,1,test,0.7427687
data/raw/Arcellinida/220815141852_2400.jpg,Arcellinida,stressed,1,test,0.83747876
data/raw/Arcellinida/220924140904_499_2.jpg,Arcellinida,stressed,1,test,0.5266347
data/raw/Arcellinida/220924140904_308.jpg,Arcellinida,stressed,1,test,0.6135477
data/raw/Arcellinida/250822165008_12200_2.jpg,Arcellinida,stressed,1,test,0.3244088
data/raw/Arcellinida/220715153913_137100.jpg,Arcellinida,stressed,1,test,0.3224908
data/raw/Arcellinida/250819195743_9500.jpg,Arcellinida,stressed,1,test,0.32472023
data/raw/Arcellinida/220710155007_100500.jpg,Arcellinida,stressed,1,test,0.30833328
data/raw/Arcellinida/250717173415_10100_2.jpg,Arcellinida,stressed,1,test,0.70826334
data/raw/Arcellinida/220922191618_181.jpg,Arcellinida,stressed,1,test,0.7419135
data/raw/Arcellinida/250815182602_4900.jpg,Arcellinida,stressed,1,test,0.6697063
data/raw/Arcellinida/221203134303_64.jpg,Arcellinida,stressed,1,test,0.29699746
data/raw/Arcellinida/220823165512_25800.jpg,Arcellinida,stressed,1,test,0.2655644
data/raw/Arcellinida/220824101451_7200.jpg,Arcellinida,stressed,1,test,0.30102372
data/raw/Arcellinida/220824211549_6300.jpg,Arcellinida,stressed,1,test,0.3125496
data/raw/Arcellinida/220712162334_232800.jpg,Arcellinida,stressed,1,test,0.7758483
data/raw/Arcellinida/220827204413_9900.jpg,Arcellinida,stressed,1,test,0.31939286
data/raw/Arcellinida/220707145542_68400_2.jpg,Arcellinida,stressed,1,test,0.40358564
data/raw/Arcellinida/220922132105_151.jpg,Arcellinida,stressed,1,test,0.29134682
data/raw/Arcellinida/220922132105_171.jpg,Arcellinida,stressed,1,test,0.3150856
data/raw/Arcellinida/220925151714_147.jpg,Arcellinida,stressed,1,test,0.2651329
data/raw/Arcellinida/220714151918_208200.jpg,Arcellinida,stressed,1,test,0.8390756
data/raw/Arcellinida/220924095715_30.jpg,Arcellinida,stressed,1,test,0.27670193
data/raw/Arcellinida/221215171437_73.jpg,Arcellinida,stressed,1,test,0.28169447
data/raw/Arcellinida/220927150708_109.jpg,Arcellinida,stressed,1,test,0.6352663
data/raw/Arcellinida/250820192622_6600.jpg,Arcellinida,stressed,1,test,0.6908243
data/raw/Arcellinida/250815152852_1100.jpg,Arcellinida,stressed,1,test,0.4643262
data/raw/Arcellinida/220711210818_96600.jpg,Arcellinida,stressed,1,test,0.33584204
data/raw/Arcellinida/250719140643_10500.jpg,Arcellinida,stressed,1,test,0.36538514
data/raw/Arcellinida/220815141852_20100.jpg,Arcellinida,stressed,1,test,0.48388574
data/raw/Arcellinida/220929083616_58.jpg,Arcellinida,stressed,1,test,0.329524
data/raw/Arcellinida/220705133448_160800.jpg,Arcellinida,stressed,1,test,0.66453874
data/raw/Arcellinida/220927183749_34.jpg,Arcellinida,stressed,1,test,0.6591012
data/raw/Arcellinida/250822121341_8500.jpg,Arcellinida,stressed,1,test,0.6116311
data/raw/Arcellinida/250818182128_19300_2.jpg,Arcellinida,stressed,1,test,0.5121414
data/raw/Arcellinida/220927212046_212.jpg,Arcellinida,stressed,1,test,0.30112466
data/raw/Arcellinida/250818174224_17500.jpg,Arcellinida,stressed,1,test,0.35636553
data/raw/Arcellinida/220925193708_45_2.jpg,Arcellinida,stressed,1,test,0.57849395
data/raw/Arcellinida/221124153245_52.jpg,Arcellinida,stressed,1,test,0.71188825
data/raw/Arcellinida/220919192752_44.jpg,Arcellinida,stressed,1,test,0.7490425
data/raw/Arcellinida/220925102517_80.jpg,Arcellinida,stressed,1,test,0.7433377
data/raw/Arcellinida/220924140904_361.jpg,Arcellinida,stressed,1,test,0.68683565
data/raw/Arcellinida/250819195743_1400.jpg,Arcellinida,stressed,1,test,0.27419785
data/raw/Arcellinida/220922132105_816.jpg,Arcellinida,stressed,1,test,0.47746816
data/raw/Arcellinida/220823165512_95400_2.jpg,Arcellinida,stressed,1,test,0.82901126
data/raw/Arcellinida/250818192836_13900.jpg,Arcellinida,stressed,1,test,0.3624384
data/raw/Arcellinida/220922132105_27.jpg,Arcellinida,stressed,1,test,0.70670056
data/raw/Arcellinida/221217101450_142.jpg,Arcellinida,stressed,1,test,0.29233533
data/raw/Arcellinida/250822154936_16700.jpg,Arcellinida,stressed,1,test,0.42726535
data/raw/Arcellinida/220710214438_75000.jpg,Arcellinida,stressed,1,test,0.8227232
data/raw/Arcellinida/220823165512_126000.jpg,Arcellinida,stressed,1,test,0.48609176
data/raw/Arcellinida/250820145905_13400.jpg,Arcellinida,stressed,1,test,0.53706586
data/raw/Arcellinida/220822212820_62400_4.jpg,Arcellinida,stressed,1,test,0.30021435
data/raw/Arcellinida/250822201829_5700.jpg,Arcellinida,stressed,1,test,0.33490524
data/raw/Arcellinida/220823134252_16500_2.jpg,Arcellinida,stressed,1,test,0.26248354
data/raw/Arcellinida/250717184843_15800.jpg,Arcellinida,stressed,1,test,0.59008974
data/raw/Arcellinida/220928153740_103.jpg,Arcellinida,stressed,1,test,0.77998006
data/raw/Arcellinida/220713091344_219000.jpg,Arcellinida,stressed,1,test,0.8326109
data/raw/Arcellinida/250719163223_8400.jpg,Arcellinida,stressed,1,test,0.71822786
data/raw/Arcellinida/220927183749_105.jpg,Arcellinida,stressed,1,test,0.33953914
data/raw/Arcellinida/220920090529_56_3.jpg,Arcellinida,stressed,1,test,0.7882644
data/raw/Arcellinida/250818200100_8700.jpg,Arcellinida,stressed,1,test,0.65825665
data/raw/Arcellinida/220929083616_103.jpg,Arcellinida,stressed,1,test,0.364684
data/raw/Arcellinida/220820132438_301200.jpg,Arcellinida,stressed,1,test,0.35899365
data/raw/Arcellinida/221205133158_375.jpg,Arcellinida,stressed,1,test,0.29214463
data/raw/Arcellinida/220926214629_80.jpg,Arcellinida,stressed,1,test,0.3339551
data/raw/Arcellinida/250819111524_17300.jpg,Arcellinida,stressed,1,test,0.45285222
data/raw/Arcellinida/221219123632_104.jpg,Arcellinida,stressed,1,test,0.2980512
data/raw/Arcellinida/220922132105_312.jpg,Arcellinida,stressed,1,test,0.79636216
data/raw/Arcellinida/220926185508_112.jpg,Arcellinida,stressed,1,test,0.32005894
data/raw/Arcellinida/220921151620_276.jpg,Arcellinida,stressed,1,test,0.29449087
data/raw/Arcellinida/220812220906_17400.jpg,Arcellinida,stressed,1,test,0.3674361
data/raw/Arcellinida/220823214033_96300.jpg,Arcellinida,stressed,1,test,0.31060597
data/raw/Arcellinida/220923151606_110.jpg,Arcellinida,stressed,1,test,0.646439
data/raw/Arcellinida/220928110514_129.jpg,Arcellinida,stressed,1,test,0.8667414
data/raw/Arcellinida/220927183749_198.jpg,Arcellinida,stressed,1,test,0.66849947
data/raw/Arcellinida/220822212820_35400_2.jpg,Arcellinida,stressed,1,test,0.30532652
data/raw/Arcellinida/220927212046_189.jpg,Arcellinida,stressed,1,test,0.79754376
data/raw/Arcellinida/250820201731_2700.jpg,Arcellinida,stressed,1,test,0.4951639
data/raw/Arcellinida/250806193330_15100.jpg,Arcellinida,stressed,1,test,0.41280028
data/raw/Arcellinida/220922093805_63.jpg,Arcellinida,stressed,1,test,0.6709566
data/raw/Arcellinida/250718155419_16700.jpg,Arcellinida,stressed,1,test,0.44110718
data/raw/Arcellinida/220925193708_149_2.jpg,Arcellinida,stressed,1,test,0.32726902
data/raw/Arcellinida/221211111727_110.jpg,Arcellinida,stressed,1,test,0.7647627
data/raw/Arcellinida/220928215317_122.jpg,Arcellinida,stressed,1,test,0.34060583
data/raw/Arcellinida/220925193708_114.jpg,Arcellinida,stressed,1,test,0.34930474
data/raw/Arcellinida/220919143242_88.jpg,Arcellinida,stressed,1,test,0.6975678
data/raw/Arcellinida/220705205512_318900.jpg,Arcellinida,stressed,1,test,0.60189193
data/raw/Arcellinida/250822215625_10500_2.jpg,Arcellinida,stressed,1,test,0.37103656
data/raw/Arcellinida/250717184843_1300.jpg,Arcellinida,stressed,1,test,0.33260018
data/raw/Arcellinida/220705205512_246000.jpg,Arcellinida,stressed,1,test,0.6077954
data/raw/Arcellinida/250818192836_11900.jpg,Arcellinida,stressed,1,test,0.45931035
data/raw/Arcellinida/220928110514_329.jpg,Arcellinida,stressed,1,test,0.53363067
data/raw/Arcellinida/220711151704_45300.jpg,Arcellinida,stressed,1,test,0.2895088
data/raw/Arcellinida/220815230100_8700.jpg,Arcellinida,stressed,1,test,0.6664126
data/raw/Arcellinida/220919213921_24.jpg,Arcellinida,stressed,1,test,0.70133984
data/raw/Arcellinida/220926214629_111.jpg,Arcellinida,stressed,1,test,0.66572183
data/raw/Arcellinida/220925193708_188.jpg,Arcellinida,stressed,1,test,0.297326
data/raw/Arcellinida/220713151019_220200.jpg,Arcellinida,stressed,1,test,0.585248
data/raw/Arcellinida/220819192357_234300.jpg,Arcellinida,stressed,1,test,0.44738716
data/raw/Arcellinida/220925151714_245.jpg,Arcellinida,stressed,1,test,0.7309079
data/raw/Arcellinida/220924140904_150.jpg,Arcellinida,stressed,1,test,0.86767536
data/raw/Arcellinida/250822165008_4700_2.jpg,Arcellinida,stressed,1,test,0.45115972
data/raw/Arcellinida/220924140904_297.jpg,Arcellinida,stressed,1,test,0.39946538
data/raw/Arcellinida/250822161857_3900_2.jpg,Arcellinida,stressed,1,test,0.3425948
data/raw/Arcellinida/220714151918_262800.jpg,Arcellinida,stressed,1,test,0.6562939
data/raw/Arcellinida/221203134303_39.jpg,Arcellinida,stressed,1,test,0.4400915
data/raw/Arcellinida/250818203321_15100_2.jpg,Arcellinida,stressed,1,test,0.3577939
data/raw/Arcellinida/220919213921_35.jpg,Arcellinida,stressed,1,test,0.6099362
data/raw/Arcellinida/250719163223_7400.jpg,Arcellinida,stressed,1,test,0.29503462
data/raw/Arcellinida/220927150708_91.jpg,Arcellinida,stressed,1,test,0.7747685
data/raw/Arcellinida/250822212521_13100.jpg,Arcellinida,stressed,1,test,0.36693907
data/raw/Arcellinida/220823214033_120300.jpg,Arcellinida,stressed,1,test,0.31654036
data/raw/Arcellinida/220714151918_13500.jpg,Arcellinida,stressed,1,test,0.62022865
data/raw/Arcellinida/220822140537_300.jpg,Arcellinida,stressed,1,test,0.2974687
data/raw/Arcellinida/220823214033_18000.jpg,Arcellinida,stressed,1,test,0.72289324
data/raw/Arcellinida/220705133448_559200.jpg,Arcellinida,stressed,1,test,0.51296425
data/raw/Arcellinida/220820193018_88200.jpg,Arcellinida,stressed,1,test,0.2716648
data/raw/Arcellinida/220819104919_81900.jpg,Arcellinida,stressed,1,test,0.31882578
data/raw/Arcellinida/250820192622_3300_3.jpg,Arcellinida,stressed,1,test,0.42033318
data/raw/Arcellinida/250822151857_1500.jpg,Arcellinida,stressed,1,test,0.57200223
data/raw/Arcellinida/250717181032_17100.jpg,Arcellinida,stressed,1,test,0.29937217
data/raw/Arcellinida/220826192159_31200.jpg,Arcellinida,stressed,1,test,0.30419806
data/raw/Arcellinida/220819192357_232500.jpg,Arcellinida,stressed,1,test,0.62545884
data/raw/Arcellinida/220825160549_171900.jpg,Arcellinida,stressed,1,test,0.55309844
data/raw/Arcellinida/250807135930_14100.jpg,Arcellinida,stressed,1,test,0.4037519
data/raw/Arcellinida/221215094851_213.jpg,Arcellinida,stressed,1,test,0.50585634
data/raw/Arcellinida/220928110514_50.jpg,Arcellinida,stressed,1,test,0.649223
data/raw/Arcellinida/220923151606_2_2.jpg,Arcellinida,stressed,1,test,0.81509924
data/raw/Arcellinida/220927150708_71.jpg,Arcellinida,stressed,1,test,0.87770396
data/raw/Arcellinida/221211111727_21.jpg,Arcellinida,stressed,1,test,0.6411136
data/raw/Arcellinida/220920090529_163.jpg,Arcellinida,stressed,1,test,0.73239446
data/raw/Arcellinida/220823134252_12600.jpg,Arcellinida,stressed,1,test,0.31895494
data/raw/Arcellinida/221210171926_34.jpg,Arcellinida,stressed,1,test,0.43505368
data/raw/Arcellinida/220919192752_155.jpg,Arcellinida,stressed,1,test,0.62870103
data/raw/Arcellinida/250818192836_11300.jpg,Arcellinida,stressed,1,test,0.6673849
data/raw/Arcellinida/220922102326_142.jpg,Arcellinida,stressed,1,test,0.8173171
data/raw/Arcellinida/220922191618_46.jpg,Arcellinida,stressed,1,test,0.70091355
data/raw/Arcellinida/250822121341_8600_3.jpg,Arcellinida,stressed,1,test,0.3503349
data/raw/Arcellinida/220823214033_14400.jpg,Arcellinida,stressed,1,test,0.42391276
data/raw/Arcellinida/220825221032_77400.jpg,Arcellinida,stressed,1,test,0.6367648
data/raw/Arcellinida/220815204959_71100_2.jpg,Arcellinida,stressed,1,test,0.36269733
data/raw/Arcellinida/220707145542_67800.jpg,Arcellinida,stressed,1,test,0.54930174
data/raw/Arcellinida/250818211401_2800.jpg,Arcellinida,stressed,1,test,0.7514757
data/raw/Arcellinida/250719153319_1800.jpg,Arcellinida,stressed,1,test,0.48918885
data/raw/Arcellinida/250819124516_7000.jpg,Arcellinida,stressed,1,test,0.76019543
data/raw/Arcellinida/221211095053_123.jpg,Arcellinida,stressed,1,test,0.30885497
data/raw/Arcellinida/220816110204_10200.jpg,Arcellinida,stressed,1,test,0.57585317
data/raw/Arcellinida/220923102431_311.jpg,Arcellinida,stressed,1,test,0.48981777
data/raw/Arcellinida/250815161735_3700.jpg,Arcellinida,stressed,1,test,0.42880255
data/raw/Arcellinida/220924140904_599.jpg,Arcellinida,stressed,1,test,0.48792762
data/raw/Arcellinida/250818174224_14200.jpg,Arcellinida,stressed,1,test,0.37842396
data/raw/Arcellinida/220927183749_147.jpg,Arcellinida,stressed,1,test,0.27984458
data/raw/Arcellinida/220928153740_113.jpg,Arcellinida,stressed,1,test,0.29231516
data/raw/Arcellinida/220821192338_12600.jpg,Arcellinida,stressed,1,test,0.2890728
data/raw/Arcellinida/220711151704_247200.jpg,Arcellinida,stressed,1,test,0.63728374
data/raw/Arcellinida/220928110514_276.jpg,Arcellinida,stressed,1,test,0.7633983
data/raw/Arcellinida/220920090529_255.jpg,Arcellinida,stressed,1,test,0.44469288
data/raw/Arcellinida/250717202858_6500.jpg,Arcellinida,stressed,1,test,0.6090492
data/raw/Arcellinida/220926185508_178.jpg,Arcellinida,stressed,1,test,0.92031455
data/raw/Arcellinida/220925102517_72.jpg,Arcellinida,stressed,1,test,0.8058033
data/raw/Arcellinida/250822165008_6600.jpg,Arcellinida,stressed,1,test,0.4253643
data/raw/Arcellinida/220707145542_100200.jpg,Arcellinida,stressed,1,test,0.7194077
data/raw/Arcellinida/220812220906_24000.jpg,Arcellinida,stressed,1,test,0.32749298
data/raw/Arcellinida/250807135930_6600.jpg,Arcellinida,stressed,1,test,0.5278535
data/raw/Arcellinida/220927183749_296.jpg,Arcellinida,stressed,1,test,0.32024366
data/raw/Arcellinida/220922132105_68_2.jpg,Arcellinida,stressed,1,test,0.3032321
data/raw/Arcellinida/250822165008_14800.jpg,Arcellinida,stressed,1,test,0.49064466
data/raw/Arcellinida/220922093805_187.jpg,Arcellinida,stressed,1,test,0.8029397
data/raw/Arcellinida/220711151704_342000.jpg,Arcellinida,stressed,1,test,0.7073521
data/raw/Arcellinida/220921151620_396.jpg,Arcellinida,stressed,1,test,0.78456014
data/raw/Arcellinida/250822212521_2000.jpg,Arcellinida,stressed,1,test,0.3394682
data/raw/Arcellinida/250822121341_15800.jpg,Arcellinida,stressed,1,test,0.3344413
data/raw/Arcellinida/250818192836_16800.jpg,Arcellinida,stressed,1,test,0.46191496
data/raw/Arcellinida/220812220906_16500.jpg,Arcellinida,stressed,1,test,0.35982287
data/raw/Arcellinida/250820201731_2800_3.jpg,Arcellinida,stressed,1,test,0.48343962
data/raw/Arcellinida/250717143235_8700.jpg,Arcellinida,stressed,1,test,0.49927875
data/raw/Arcellinida/220924140904_262.jpg,Arcellinida,stressed,1,test,0.33186677
data/raw/Arcellinida/250818203321_16100.jpg,Arcellinida,stressed,1,test,0.3421167
data/raw/Arcellinida/220710155007_26700_2.jpg,Arcellinida,stressed,1,test,0.41867575
data/raw/Arcellinida/250819211006_19700.jpg,Arcellinida,stressed,1,test,0.50755024
data/raw/Arcellinida/220823165512_146700_2.jpg,Arcellinida,stressed,1,test,0.41409618
data/raw/Arcellinida/250717163557_19100.jpg,Arcellinida,stressed,1,test,0.77136445
data/raw/Arcellinida/250818203321_15000.jpg,Arcellinida,stressed,1,test,0.4837305
data/raw/Arcellinida/250819211006_13200_2.jpg,Arcellinida,stressed,1,test,0.46715298
data/raw/Arcellinida/220710155007_96300.jpg,Arcellinida,stressed,1,test,0.90601075
data/raw/Arcellinida/220713151019_389100.jpg,Arcellinida,stressed,1,test,0.857481
data/raw/Arcellinida/220825221032_79800.jpg,Arcellinida,stressed,1,test,0.5172618
data/raw/Arcellinida/250819214729_17900.jpg,Arcellinida,stressed,1,test,0.49847168
data/raw/Arcellinida/220922093805_101.jpg,Arcellinida,stressed,1,test,0.6178074
data/raw/Arcellinida/220922093805_90.jpg,Arcellinida,stressed,1,test,0.7765599
data/raw/Arcellinida/220701193719_310200.jpg,Arcellinida,stressed,1,test,0.3710144
data/raw/Arcellinida/250818182128_7600.jpg,Arcellinida,stressed,1,test,0.43309474
data/raw/Arcellinida/220823165512_157800.jpg,Arcellinida,stressed,1,test,0.29337373
data/raw/Arcellinida/220715103728_24900.jpg,Arcellinida,stressed,1,test,0.2934763
data/raw/Arcellinida/220710214438_129000.jpg,Arcellinida,stressed,1,test,0.34477842
data/raw/Arcellinida/220825221032_52800.jpg,Arcellinida,stressed,1,test,0.4599529
data/raw/Arcellinida/221219123632_105.jpg,Arcellinida,stressed,1,test,0.27160752
data/raw/Arcellinida/220705205512_202500.jpg,Arcellinida,stressed,1,test,0.54360944
data/raw/Arcellinida/250818160058_1600.jpg,Arcellinida,stressed,1,test,0.3296242
data/raw/Arcellinida/220920090529_57.jpg,Arcellinida,stressed,1,test,0.7092414
data/raw/Arcellinida/220924140904_300_2.jpg,Arcellinida,stressed,1,test,0.4018878
data/raw/Arcellinida/220826192159_12300.jpg,Arcellinida,stressed,1,test,0.61627495
data/raw/Arcellinida/220919213921_147_2.jpg,Arcellinida,stressed,1,test,0.60212445
data/raw/Arcellinida/220922132105_779.jpg,Arcellinida,stressed,1,test,0.74809676
data/raw/Arcellinida/250808201112_3200.jpg,Arcellinida,stressed,1,test,0.44507673
data/raw/Arcellinida/220715153913_142200.jpg,Arcellinida,stressed,1,test,0.72510326
data/raw/Arcellinida/220816152126_21900_2.jpg,Arcellinida,stressed,1,test,0.68931395
data/raw/Arcellinida/220710155007_15600.jpg,Arcellinida,stressed,1,test,0.50357115
data/raw/Arcellinida/220922132105_59.jpg,Arcellinida,stressed,1,test,0.3350702
data/raw/Arcellinida/250815144914_6200_2.jpg,Arcellinida,stressed,1,test,0.3010057
data/raw/Arcellinida/250806200043_11800.jpg,Arcellinida,stressed,1,test,0.30209637
data/raw/Arcellinida/220922132105_67_2.jpg,Arcellinida,stressed,1,test,0.2855364
data/raw/Arcellinida/220822212820_20100.jpg,Arcellinida,stressed,1,test,0.2849212
data/raw/Arcellinida/250822161857_3900.jpg,Arcellinida,stressed,1,test,0.39767143
data/raw/Arcellinida/220711210818_84000.jpg,Arcellinida,stressed,1,test,0.8144998
data/raw/Arcellinida/250815152852_200.jpg,Arcellinida,stressed,1,test,0.5344532
data/raw/Arcellinida/250818174224_3600.jpg,Arcellinida,stressed,1,test,0.27850357
data/raw/Arcellinida/220926185508_2.jpg,Arcellinida,stressed,1,test,0.6710955
data/raw/Arcellinida/220927183749_6_3.jpg,Arcellinida,stressed,1,test,0.3473264
data/raw/Arcellinida/250717151549_10100.jpg,Arcellinida,stressed,1,test,0.29123837
data/raw/Arcellinida/220928110514_115.jpg,Arcellinida,stressed,1,test,0.4059287
data/raw/Arcellinida/220919170459_136.jpg,Arcellinida,stressed,1,test,0.31363928
data/raw/Arcellinida/220823165512_135000.jpg,Arcellinida,stressed,1,test,0.29356384
data/raw/Arcellinida/221204173418_235.jpg,Arcellinida,stressed,1,test,0.48923138
data/raw/Arcellinida/220815230100_28200.jpg,Arcellinida,stressed,1,test,0.6893698
data/raw/Arcellinida/220819192357_193500.jpg,Arcellinida,stressed,1,test,0.71850115
data/raw/Arcellinida/220927183749_288_3.jpg,Arcellinida,stressed,1,test,0.73616976
data/raw/Arcellinida/221211111727_249.jpg,Arcellinida,stressed,1,test,0.72044337
data/raw/Arcellinida/220711151704_47700.jpg,Arcellinida,stressed,1,test,0.31426123
data/raw/Arcellinida/250719183759_2900.jpg,Arcellinida,stressed,1,test,0.6206322
data/raw/Arcellinida/220714151918_233700.jpg,Arcellinida,stressed,1,test,0.7635
data/raw/Arcellinida/250822161857_5600.jpg,Arcellinida,stressed,1,test,0.5414854
data/raw/Arcellinida/220922102326_8.jpg,Arcellinida,stressed,1,test,0.34165055
data/raw/Arcellinida/250818182128_14000.jpg,Arcellinida,stressed,1,test,0.4154863
data/raw/Arcellinida/250818160058_10600.jpg,Arcellinida,stressed,1,test,0.46232617
data/raw/Arcellinida/220928110514_128.jpg,Arcellinida,stressed,1,test,0.30607486
data/raw/Arcellinida/250822121341_1100.jpg,Arcellinida,stressed,1,test,0.39127237
data/raw/Arcellinida/220707145542_177000.jpg,Arcellinida,stressed,1,test,0.50254375
data/raw/Arcellinida/220707103914_124200.jpg,Arcellinida,stressed,1,test,0.6239157
data/raw/Arcellinida/221211111727_168.jpg,Arcellinida,stressed,1,test,0.2977501
data/raw/Arcellinida/220928194226_78.jpg,Arcellinida,stressed,1,test,0.42717284
data/raw/Arcellinida/250808185630_12500.jpg,Arcellinida,stressed,1,test,0.36616275
data/raw/Arcellinida/250822165008_6600_2.jpg,Arcellinida,stressed,1,test,0.48675862
data/raw/Arcellinida/220826105111_15900.jpg,Arcellinida,stressed,1,test,0.30718693
data/raw/Arcellinida/220922102326_104.jpg,Arcellinida,stressed,1,test,0.37242785
data/raw/Arcellinida/250815111212_5700.jpg,Arcellinida,stressed,1,test,0.40945446
data/raw/Arcellinida/220926185508_21_2.jpg,Arcellinida,stressed,1,test,0.6927747
data/raw/Arcellinida/220713151019_180000.jpg,Arcellinida,stressed,1,test,0.91795355
data/raw/Arcellinida/220923151606_100.jpg,Arcellinida,stressed,1,test,0.67613906
data/raw/Arcellinida/250822121341_2300.jpg,Arcellinida,stressed,1,test,0.34521106
data/raw/Arcellinida/220922132105_829.jpg,Arcellinida,stressed,1,test,0.6557022
data/raw/Arcellinida/250717184843_800.jpg,Arcellinida,stressed,1,test,0.8071758
data/raw/Arcellinida/250822144447_8200.jpg,Arcellinida,stressed,1,test,0.34821233
data/raw/Arcellinida/220823134252_4200.jpg,Arcellinida,stressed,1,test,0.38384062
data/raw/Arcellinida/220923102431_302.jpg,Arcellinida,stressed,1,test,0.30212677
data/raw/Arcellinida/250717141432_0.jpg,Arcellinida,stressed,1,test,0.7784912
data/raw/Arcellinida/220823110824_900.jpg,Arcellinida,stressed,1,test,0.3689998
data/raw/Arcellinida/220824101451_60000.jpg,Arcellinida,stressed,1,test,0.5983355
data/raw/Arcellinida/220822212820_162600.jpg,Arcellinida,stressed,1,test,0.29034963
data/raw/Arcellinida/220922102326_21.jpg,Arcellinida,stressed,1,test,0.72593284
data/raw/Arcellinida/221203122546_109.jpg,Arcellinida,stressed,1,test,0.33889005
data/raw/Arcellinida/220704164337_37500.jpg,Arcellinida,stressed,1,test,0.45208094
data/raw/Arcellinida/220708152029_104100.jpg,Arcellinida,stressed,1,test,0.60920614
data/raw/Arcellinida/220926214629_7_2.jpg,Arcellinida,stressed,1,test,0.30114448
data/raw/Arcellinida/220822212820_18000.jpg,Arcellinida,stressed,1,test,0.2785134
data/raw/Arcellinida/220920090529_289.jpg,Arcellinida,stressed,1,test,0.7688188
data/raw/Arcellinida/250719190317_2300.jpg,Arcellinida,stressed,1,test,0.68112415
data/raw/Arcellinida/220825160549_192600.jpg,Arcellinida,stressed,1,test,0.34617212
data/raw/Arcellinida/220926185508_78.jpg,Arcellinida,stressed,1,test,0.76639426
data/raw/Arcellinida/220819104919_86400.jpg,Arcellinida,stressed,1,test,0.2867897
data/raw/Arcellinida/250820192622_5100.jpg,Arcellinida,stressed,1,test,0.41803163
data/raw/Arcellinida/220822212820_8400_2.jpg,Arcellinida,stressed,1,test,0.2988381
data/raw/Arcellinida/250717163557_5000.jpg,Arcellinida,stressed,1,test,0.55901957
data/raw/Arcellinida/220825160549_93600.jpg,Arcellinida,stressed,1,test,0.7474652
data/raw/Arcellinida/220923151606_455.jpg,Arcellinida,stressed,1,test,0.7791996
data/raw/Arcellinida/220821212553_900_2.jpg,Arcellinida,stressed,1,test,0.26922768
data/raw/Arcellinida/220714151918_96600_2.jpg,Arcellinida,stressed,1,test,0.7690152
data/raw/Arcellinida/220822212820_170400.jpg,Arcellinida,stressed,1,test,0.2985204
data/raw/Arcellinida/221203122546_95_3.jpg,Arcellinida,stressed,1,test,0.4034929
data/raw/Arcellinida/220825160549_45300.jpg,Arcellinida,stressed,1,test,0.49205524
data/raw/Arcellinida/220929104728_13.jpg,Arcellinida,stressed,1,test,0.3440254
data/raw/Arcellinida/220924140904_542.jpg,Arcellinida,stressed,1,test,0.5044886
data/raw/Arcellinida/250822121341_9000.jpg,Arcellinida,stressed,1,test,0.38090977
data/raw/Arcellinida/221207152512_40.jpg,Arcellinida,stressed,1,test,0.7990237
data/raw/Arcellinida/220714151918_165000.jpg,Arcellinida,stressed,1,test,0.60299194
data/raw/Arcellinida/220823214033_93300.jpg,Arcellinida,stressed,1,test,0.32489863
data/raw/Arcellinida/220711132531_11400.jpg,Arcellinida,stressed,1,test,0.30310607
data/raw/Arcellinida/220923151606_322_3.jpg,Arcellinida,stressed,1,test,0.6443465
data/raw/Arcellinida/250719163223_5400_3.jpg,Arcellinida,stressed,1,test,0.68285507
data/raw/Arcellinida/220920112849_15.jpg,Arcellinida,stressed,1,test,0.87294334
data/raw/Arcellinida/250822165008_6300_4.jpg,Arcellinida,stressed,1,test,0.54183763
data/raw/Arcellinida/220929104728_11_2.jpg,Arcellinida,stressed,1,test,0.2984689
data/raw/Arcellinida/221211163745_262.jpg,Arcellinida,stressed,1,test,0.32921964
data/raw/Arcellinida/250815184307_18500.jpg,Arcellinida,stressed,1,test,0.38330546
data/raw/Arcellinida/250818160058_3800_2.jpg,Arcellinida,stressed,1,test,0.28830558
data/raw/Arcellinida/250719163223_3000_2.jpg,Arcellinida,stressed,1,test,0.7725063
data/raw/Arcellinida/220825160549_191100.jpg,Arcellinida,stressed,1,test,0.3077497
data/raw/Arcellinida/220922102326_108.jpg,Arcellinida,stressed,1,test,0.737583
data/raw/Arcellinida/250819204323_13800.jpg,Arcellinida,stressed,1,test,0.28395432
data/raw/Arcellinida/220819132809_236400.jpg,Arcellinida,stressed,1,test,0.4581931
data/raw/Arcellinida/250815184307_17800.jpg,Arcellinida,stressed,1,test,0.60519814
data/raw/Arcellinida/250818203321_16700.jpg,Arcellinida,stressed,1,test,0.32152718
data/raw/Arcellinida/250818160058_11100.jpg,Arcellinida,stressed,1,test,0.37744772
data/raw/Arcellinida/221215125712_693.jpg,Arcellinida,stressed,1,test,0.26077738
data/raw/Arcellinida/220923191844_59.jpg,Arcellinida,stressed,1,test,0.29994342
data/raw/Arcellinida/220926185508_165.jpg,Arcellinida,stressed,1,test,0.6324734
data/raw/Arcellinida/220824211549_22200.jpg,Arcellinida,stressed,1,test,0.36440733
data/raw/Arcellinida/220920090529_363.jpg,Arcellinida,stressed,1,test,0.62845665
data/raw/Arcellinida/220818211606_166500.jpg,Arcellinida,stressed,1,test,0.42000136
data/raw/Arcellinida/250719181210_1900.jpg,Arcellinida,stressed,1,test,0.3823314
data/raw/Arcellinida/221214172456_428.jpg,Arcellinida,stressed,1,test,0.4230607
data/raw/Arcellinida/220928153740_5.jpg,Arcellinida,stressed,1,test,0.2952612
data/raw/Arcellinida/220924140904_432.jpg,Arcellinida,stressed,1,test,0.30325076
data/raw/Arcellinida/220822212820_900.jpg,Arcellinida,stressed,1,test,0.2724872
data/raw/Arcellinida/250818203321_3900.jpg,Arcellinida,stressed,1,test,0.31458426
data/raw/Arcellinida/220927150708_420.jpg,Arcellinida,stressed,1,test,0.3031505
data/raw/Arcellinida/220926185508_21.jpg,Arcellinida,stressed,1,test,0.8081717
data/raw/Arcellinida/220705111212_167100.jpg,Arcellinida,stressed,1,test,0.57574636
data/raw/Arcellinida/250717143235_9200.jpg,Arcellinida,stressed,1,test,0.6588764
data/raw/Arcellinida/221215094851_338.jpg,Arcellinida,stressed,1,test,0.5740648
data/raw/Arcellinida/220928194226_59.jpg,Arcellinida,stressed,1,test,0.55823916
data/raw/Arcellinida/220924140904_240.jpg,Arcellinida,stressed,1,test,0.6034662
data/raw/Arcellinida/250822121341_16000.jpg,Arcellinida,stressed,1,test,0.4716213
data/raw/Arcellinida/220823214033_108900.jpg,Arcellinida,stressed,1,test,0.3067926
data/raw/Arcellinida/220824154018_1200.jpg,Arcellinida,stressed,1,test,0.30355212
data/raw/Arcellinida/250719163223_6200.jpg,Arcellinida,stressed,1,test,0.6130497
data/raw/Arcellinida/250819164502_25600.jpg,Arcellinida,stressed,1,test,0.3882955
data/raw/Arcellinida/250822121341_0.jpg,Arcellinida,stressed,1,test,0.34347245
data/raw/Arcellinida/220928110514_366.jpg,Arcellinida,stressed,1,test,0.36521316
data/raw/Arcellinida/220923151606_340.jpg,Arcellinida,stressed,1,test,0.26180845
data/raw/Arcellinida/220919192752_65.jpg,Arcellinida,stressed,1,test,0.7565496
data/raw/Arcellinida/250819124516_4100.jpg,Arcellinida,stressed,1,test,0.37465778
data/raw/Arcellinida/220816224427_71400.jpg,Arcellinida,stressed,1,test,0.72759074
data/raw/Arcellinida/250818192836_4000.jpg,Arcellinida,stressed,1,test,0.5435066
data/raw/Arcellinida/220822212820_199800.jpg,Arcellinida,stressed,1,test,0.29360893
data/raw/Arcellinida/250815184307_3600.jpg,Arcellinida,stressed,1,test,0.41386148
data/raw/Arcellinida/250719160003_7800_2.jpg,Arcellinida,stressed,1,test,0.691358
data/raw/Arcellinida/220715153913_339300_2.jpg,Arcellinida,stressed,1,test,0.51884586
data/raw/Arcellinida/220819132809_236100.jpg,Arcellinida,stressed,1,test,0.5453585
data/raw/Arcellinida/250822121341_8800.jpg,Arcellinida,stressed,1,test,0.40653586
data/raw/Arcellinida/220922093805_89_2.jpg,Arcellinida,stressed,1,test,0.7703269
data/raw/Arcellinida/220716104346_55800.jpg,Arcellinida,stressed,1,test,0.5409632
data/raw/Arcellinida/221211111727_305.jpg,Arcellinida,stressed,1,test,0.8425041
data/raw/Arcellinida/250717184843_17500.jpg,Arcellinida,stressed,1,test,0.6449042
data/raw/Arcellinida/250822165008_1700.jpg,Arcellinida,stressed,1,test,0.3673694
data/raw/Arcellinida/250822121341_1200_2.jpg,Arcellinida,stressed,1,test,0.4738779
data/raw/Arcellinida/221211205516_26.jpg,Arcellinida,stressed,1,test,0.6279412
data/raw/Arcellinida/220705133448_293700.jpg,Arcellinida,stressed,1,test,0.705068
data/raw/Arcellinida/220922132105_671.jpg,Arcellinida,stressed,1,test,0.7340353
data/raw/Arcellinida/220927150708_297.jpg,Arcellinida,stressed,1,test,0.31469262
data/raw/Arcellinida/220715153913_145800.jpg,Arcellinida,stressed,1,test,0.6685558
data/raw/Arcellinida/221215171437_399.jpg,Arcellinida,stressed,1,test,0.33495063
data/raw/Arcellinida/220929083616_160.jpg,Arcellinida,stressed,1,test,0.32307306
data/raw/Arcellinida/250822154936_15500.jpg,Arcellinida,stressed,1,test,0.3915632
data/raw/Arcellinida/220928153740_36.jpg,Arcellinida,stressed,1,test,0.84162015
data/raw/Arcellinida/250822161857_6900.jpg,Arcellinida,stressed,1,test,0.45896685
data/raw/Arcellinida/220922132105_273.jpg,Arcellinida,stressed,1,test,0.31087452
data/raw/Arcellinida/250819214729_16100_2.jpg,Arcellinida,stressed,1,test,0.43413147
data/raw/Arcellinida/250819182407_3300.jpg,Arcellinida,stressed,1,test,0.3372981
data/raw/Arcellinida/220925125715_26.jpg,Arcellinida,stressed,1,test,0.39035925
data/raw/Arcellinida/250819211006_13700.jpg,Arcellinida,stressed,1,test,0.30702874
data/raw/Arcellinida/220819192357_97500.jpg,Arcellinida,stressed,1,test,0.6488277
data/raw/Arcellinida/220823110824_40800.jpg,Arcellinida,stressed,1,test,0.29791918
data/raw/Arcellinida/250820143224_16200.jpg,Arcellinida,stressed,1,test,0.32474136
data/raw/Arcellinida/220921151620_253.jpg,Arcellinida,stressed,1,test,0.79196876
data/raw/Arcellinida/220923131710_39.jpg,Arcellinida,stressed,1,test,0.3021901
data/raw/Arcellinida/250719143853_2000.jpg,Arcellinida,stressed,1,test,0.5690661
data/raw/Arcellinida/220921151620_200_2.jpg,Arcellinida,stressed,1,test,0.7072152
data/raw/Arcellinida/250818174224_3300.jpg,Arcellinida,stressed,1,test,0.38719624
data/raw/Arcellinida/220920090529_40.jpg,Arcellinida,stressed,1,test,0.5287504
data/raw/Arcellinida/221211111727_111.jpg,Arcellinida,stressed,1,test,0.68248093
data/raw/Arcellinida/220923151606_101_2.jpg,Arcellinida,stressed,1,test,0.7311565
data/raw/Arcellinida/250819151211_14000.jpg,Arcellinida,stressed,1,test,0.29473567
data/raw/Arcellinida/220823165512_126900.jpg,Arcellinida,stressed,1,test,0.29056016
data/raw/Arcellinida/220714151918_286200.jpg,Arcellinida,stressed,1,test,0.692578
data/raw/Arcellinida/250717151549_12500.jpg,Arcellinida,stressed,1,test,0.7231672
data/raw/Arcellinida/250718200053_20500.jpg,Arcellinida,stressed,1,test,0.64881736
data/raw/Arcellinida/220927183749_121_2.jpg,Arcellinida,stressed,1,test,0.3001796
data/raw/Arcellinida/250822203429_27100.jpg,Arcellinida,stressed,1,test,0.38147736
data/raw/Arcellinida/220816152126_3900.jpg,Arcellinida,stressed,1,test,0.6682708
data/raw/Arcellinida/220926214629_38.jpg,Arcellinida,stressed,1,test,0.41440466
data/raw/Arcellinida/220711151704_69900.jpg,Arcellinida,stressed,1,test,0.31086686
data/raw/Arcellinida/220923102431_109.jpg,Arcellinida,stressed,1,test,0.24547002
data/raw/Arcellinida/250718191917_25000.jpg,Arcellinida,stressed,1,test,0.5233678
data/raw/Arcellinida/250822165008_8800.jpg,Arcellinida,stressed,1,test,0.48525786
data/raw/Arcellinida/250818160058_3800.jpg,Arcellinida,stressed,1,test,0.42509517
data/raw/Arcellinida/220823165512_103800.jpg,Arcellinida,stressed,1,test,0.6183636
data/raw/Arcellinida/250719143853_3500.jpg,Arcellinida,stressed,1,test,0.30077174
data/raw/Arcellinida/220926185508_241.jpg,Arcellinida,stressed,1,test,0.35946986
data/raw/Arcellinida/250806145357_6100_2.jpg,Arcellinida,stressed,1,test,0.4976101
data/raw/Arcellinida/220928110514_300.jpg,Arcellinida,stressed,1,test,0.6235195
data/raw/Arcellinida/250719143853_2900.jpg,Arcellinida,stressed,1,test,0.67834425
data/raw/Arcellinida/220818211606_162600.jpg,Arcellinida,stressed,1,test,0.42139393
data/raw/Arcellinida/220815230100_10800_2.jpg,Arcellinida,stressed,1,test,0.6818238
data/raw/Arcellinida/220816110204_30000.jpg,Arcellinida,stressed,1,test,0.6104795
data/raw/Arcellinida/220927103320_163.jpg,Arcellinida,stressed,1,test,0.29150656
data/raw/Arcellinida/220715153913_345900.jpg,Arcellinida,stressed,1,test,0.6267557
data/raw/Arcellinida/250719150530_6800.jpg,Arcellinida,stressed,1,test,0.7750342
data/raw/Arcellinida/221211095053_174.jpg,Arcellinida,stressed,1,test,0.32277015
data/raw/Arcellinida/250719163223_3900.jpg,Arcellinida,stressed,1,test,0.6562255
data/raw/Arcellinida/220713151019_224700.jpg,Arcellinida,stressed,1,test,0.82393354
data/raw/Arcellinida/220820193018_30300.jpg,Arcellinida,stressed,1,test,0.44109854
data/raw/Arcellinida/220922132105_147.jpg,Arcellinida,stressed,1,test,0.2990297
data/raw/Arcellinida/220922102326_29.jpg,Arcellinida,stressed,1,test,0.7169459
data/raw/Arcellinida/220919192752_101.jpg,Arcellinida,stressed,1,test,0.3131168
data/raw/Arcellinida/220924190628_30.jpg,Arcellinida,stressed,1,test,0.8065692
data/raw/Arcellinida/221209200616_158.jpg,Arcellinida,stressed,1,test,0.7154612
data/raw/Arcellinida/220819132809_249300.jpg,Arcellinida,stressed,1,test,0.56908107
data/raw/Arcellinida/220927150708_390.jpg,Arcellinida,stressed,1,test,0.65064377
data/raw/Arcellinida/221215125712_839.jpg,Arcellinida,stressed,1,test,0.23457532
data/raw/Arcellinida/220710155007_6900.jpg,Arcellinida,stressed,1,test,0.54361343
data/raw/Arcellinida/221217101450_208.jpg,Arcellinida,stressed,1,test,0.5085655
data/raw/Arcellinida/220714214255_41400.jpg,Arcellinida,stressed,1,test,0.4043492
data/raw/Arcellinida/250822144447_5500.jpg,Arcellinida,stressed,1,test,0.42937556
data/raw/Arcellinida/250819195743_9300.jpg,Arcellinida,stressed,1,test,0.37227115
data/raw/Arcellinida/250822165008_6400_5.jpg,Arcellinida,stressed,1,test,0.46761796
data/raw/Arcellinida/220707145542_85200.jpg,Arcellinida,stressed,1,test,0.51509714
data/raw/Arcellinida/220927212046_94.jpg,Arcellinida,stressed,1,test,0.82508975
data/raw/Arcellinida/250717163557_18100.jpg,Arcellinida,stressed,1,test,0.63702387
data/raw/Arcellinida/220928215317_124.jpg,Arcellinida,stressed,1,test,0.39558995
data/raw/Arcellinida/220928090731_13.jpg,Arcellinida,stressed,1,test,0.2818153
data/raw/Arcellinida/220812220906_3300.jpg,Arcellinida,stressed,1,test,0.298387
data/raw/Arcellinida/250818203321_3500.jpg,Arcellinida,stressed,1,test,0.30400205
data/raw/Arcellinida/220708152029_112200.jpg,Arcellinida,stressed,1,test,0.63061196
data/raw/Arcellinida/220706161602_168300.jpg,Arcellinida,stressed,1,test,0.29580173
data/raw/Arcellinida/220926185508_169.jpg,Arcellinida,stressed,1,test,0.9810637
data/raw/Arcellinida/220714151918_360600.jpg,Arcellinida,stressed,1,test,0.7498536
data/raw/Arcellinida/250822191601_5800.jpg,Arcellinida,stressed,1,test,0.3881601
data/raw/Arcellinida/220928110514_366_2.jpg,Arcellinida,stressed,1,test,0.5903316
data/raw/Arcellinida/220928090731_13_2.jpg,Arcellinida,stressed,1,test,0.30451003
data/raw/Arcellinida/221212093526_616.jpg,Arcellinida,stressed,1,test,0.7567017
data/raw/Arcellinida/220822160429_89700.jpg,Arcellinida,stressed,1,test,0.29254365
data/raw/Arcellinida/220715103728_30000.jpg,Arcellinida,stressed,1,test,0.4192869
data/raw/Arcellinida/250717195045_3000.jpg,Arcellinida,stressed,1,test,0.5119114
data/raw/Arcellinida/220714151918_227400_2.jpg,Arcellinida,stressed,1,test,0.5762768
data/raw/Arcellinida/250807145440_14300.jpg,Arcellinida,stressed,1,test,0.36141142
data/raw/Arcellinida/250822215625_22400.jpg,Arcellinida,stressed,1,test,0.356971
data/raw/Arcellinida/220927183749_6_2.jpg,Arcellinida,stressed,1,test,0.36454308
data/raw/Arcellinida/220926185508_10.jpg,Arcellinida,stressed,1,test,0.3266043
data/raw/Arcellinida/250718184126_1400.jpg,Arcellinida,stressed,1,test,0.57167745
data/raw/Arcellinida/250819164502_2600.jpg,Arcellinida,stressed,1,test,0.31714967
data/raw/Arcellinida/220715214149_31200.jpg,Arcellinida,stressed,1,test,0.5431189
data/raw/Arcellinida/220919213921_99.jpg,Arcellinida,stressed,1,test,0.32885933
data/raw/Arcellinida/250818203321_4900.jpg,Arcellinida,stressed,1,test,0.5117686
data/raw/Arcellinida/220823134252_18300.jpg,Arcellinida,stressed,1,test,0.28507116
data/raw/Arcellinida/220823165512_17100_2.jpg,Arcellinida,stressed,1,test,0.30931702
data/raw/Arcellinida/220925193708_4.jpg,Arcellinida,stressed,1,test,0.78777444
data/raw/Arcellinida/220714151918_242400.jpg,Arcellinida,stressed,1,test,0.55266684
data/raw/Arcellinida/220921151620_130.jpg,Arcellinida,stressed,1,test,0.72409344
data/raw/Arcellinida/220815141852_26100.jpg,Arcellinida,stressed,1,test,0.48140395
data/raw/Arcellinida/220815204959_47700.jpg,Arcellinida,stressed,1,test,0.6999866
data/raw/Arcellinida/220714151918_196200.jpg,Arcellinida,stressed,1,test,0.761468
data/raw/Arcellinida/220924140904_299.jpg,Arcellinida,stressed,1,test,0.6683718
data/raw/Arcellinida/221205084652_166.jpg,Arcellinida,stressed,1,test,0.3999998
data/raw/Arcellinida/250822121341_7600_3.jpg,Arcellinida,stressed,1,test,0.4137085
data/raw/Arcellinida/220920150011_152.jpg,Arcellinida,stressed,1,test,0.29637185
data/raw/Arcellinida/220924095715_38.jpg,Arcellinida,stressed,1,test,0.3113996
data/raw/Arcellinida/220715153913_263400.jpg,Arcellinida,stressed,1,test,0.32372347
data/raw/Arcellinida/220920090529_151.jpg,Arcellinida,stressed,1,test,0.65153205
data/raw/Arcellinida/220715103728_25500.jpg,Arcellinida,stressed,1,test,0.24169725
data/raw/Arcellinida/220825110853_43800.jpg,Arcellinida,stressed,1,test,0.33948436
data/raw/Arcellinida/220712104445_21000_2.jpg,Arcellinida,stressed,1,test,0.6383579
data/raw/Arcellinida/220823165512_150300.jpg,Arcellinida,stressed,1,test,0.35638312
data/raw/Arcellinida/220817195919_27600_2.jpg,Arcellinida,stressed,1,test,0.2932691
data/raw/Arcellinida/220823165512_151200.jpg,Arcellinida,stressed,1,test,0.6231324
data/raw/Arcellinida/220924190628_67.jpg,Arcellinida,stressed,1,test,0.65972924
data/raw/Arcellinida/250820192622_2400_3.jpg,Arcellinida,stressed,1,test,0.8050431
data/raw/Arcellinida/220928215317_121.jpg,Arcellinida,stressed,1,test,0.3628991
data/raw/Arcellinida/220920150011_150.jpg,Arcellinida,stressed,1,test,0.29615575
data/raw/Arcellinida/250820192622_900.jpg,Arcellinida,stressed,1,test,0.37944323
data/raw/Arcellinida/220708152029_143400.jpg,Arcellinida,stressed,1,test,0.36667225
data/raw/Arcellinida/250719181210_12500.jpg,Arcellinida,stressed,1,test,0.5914148
data/raw/Arcellinida/220823110824_15300.jpg,Arcellinida,stressed,1,test,0.5970801
data/raw/Arcellinida/220919134357_18.jpg,Arcellinida,stressed,1,test,0.305589
data/raw/Arcellinida/250818203321_14200.jpg,Arcellinida,stressed,1,test,0.41707224
data/raw/Arcellinida/250815111212_300_2.jpg,Arcellinida,stressed,1,test,0.6189205
data/raw/Arcellinida/220711210818_104100.jpg,Arcellinida,stressed,1,test,0.85142934
data/raw/Arcellinida/220824154018_46500.jpg,Arcellinida,stressed,1,test,0.33460164
data/raw/Arcellinida/250819214729_8300.jpg,Arcellinida,stressed,1,test,0.43430936
data/raw/Arcellinida/220714223843_33000.jpg,Arcellinida,stressed,1,test,0.5121931
data/raw/Arcellinida/220920155615_21.jpg,Arcellinida,stressed,1,test,0.28977138
data/raw/Arcellinida/250822165008_7300_2.jpg,Arcellinida,stressed,1,test,0.6324322
data/raw/Arcellinida/220706161602_167100.jpg,Arcellinida,stressed,1,test,0.34008428
data/raw/Arcellinida/220822212820_900_2.jpg,Arcellinida,stressed,1,test,0.29080704
data/raw/Arcellinida/220927150708_102.jpg,Arcellinida,stressed,1,test,0.86917615
data/raw/Arcellinida/220711151704_76500_2.jpg,Arcellinida,stressed,1,test,0.3738317
data/raw/Arcellinida/220826211851_15300.jpg,Arcellinida,stressed,1,test,0.3517852
data/raw/Arcellinida/250818211401_20000.jpg,Arcellinida,stressed,1,test,0.32332203
data/raw/Arcellinida/220928153740_40.jpg,Arcellinida,stressed,1,test,0.7940601
data/raw/Arcellinida/220919192752_108.jpg,Arcellinida,stressed,1,test,0.5988189
data/raw/Arcellinida/220824211549_11400.jpg,Arcellinida,stressed,1,test,0.30681124
data/raw/Arcellinida/250818185500_15900.jpg,Arcellinida,stressed,1,test,0.43170553
data/raw/Arcellinida/220823110824_16800.jpg,Arcellinida,stressed,1,test,0.32443395
data/raw/Arcellinida/220712104445_72300.jpg,Arcellinida,stressed,1,test,0.81553173
data/raw/Arcellinida/250818203321_6800.jpg,Arcellinida,stressed,1,test,0.33803877
data/raw/Arcellinida/220711151704_250500.jpg,Arcellinida,stressed,1,test,0.67806196
data/raw/Arcellinida/220715153913_263700.jpg,Arcellinida,stressed,1,test,0.31118345
data/raw/Arcellinida/250819214729_3200.jpg,Arcellinida,stressed,1,test,0.38591304
data/raw/Arcellinida/220923151606_2.jpg,Arcellinida,stressed,1,test,0.6651594
data/raw/Arcellinida/220922191618_467.jpg,Arcellinida,stressed,1,test,0.36754963
data/raw/Arcellinida/220924140904_155_2.jpg,Arcellinida,stressed,1,test,0.6019886
data/raw/Arcellinida/220822160429_100200.jpg,Arcellinida,stressed,1,test,0.27277666
data/raw/Arcellinida/250818203321_14000_2.jpg,Arcellinida,stressed,1,test,0.2944842
data/raw/Arcellinida/220922093805_204.jpg,Arcellinida,stressed,1,test,0.622827
data/raw/Arcellinida/220815204959_144600.jpg,Arcellinida,stressed,1,test,0.321476
data/raw/Arcellinida/220927150708_325.jpg,Arcellinida,stressed,1,test,0.7196136
data/raw/Arcellinida/220919213921_161_2.jpg,Arcellinida,stressed,1,test,0.62054896
data/raw/Arcellinida/250819132240_700.jpg,Arcellinida,stressed,1,test,0.32974932
data/raw/Arcellinida/220929083616_35_2.jpg,Arcellinida,stressed,1,test,0.3109654
data/raw/Arcellinida/250822121341_5800_2.jpg,Arcellinida,stressed,1,test,0.5123433
data/raw/Arcellinida/221217101450_205.jpg,Arcellinida,stressed,1,test,0.4302103
data/raw/Arcellinida/220826130431_310800.jpg,Arcellinida,stressed,1,test,0.3034231
data/raw/Arcellinida/250822183059_6700.jpg,Arcellinida,stressed,1,test,0.35944763
data/raw/Arcellinida/220710155007_78600.jpg,Arcellinida,stressed,1,test,0.5048083
data/raw/Arcellinida/220919192752_36.jpg,Arcellinida,stressed,1,test,0.5275335
data/raw/Arcellinida/220817195919_30000.jpg,Arcellinida,stressed,1,test,0.33879417
data/raw/Arcellinida/220921151620_31.jpg,Arcellinida,stressed,1,test,0.9079826
data/raw/Arcellinida/250822144447_300.jpg,Arcellinida,stressed,1,test,0.35125515
data/raw/Arcellinida/250819192054_10000.jpg,Arcellinida,stressed,1,test,0.5208729
data/raw/Arcellinida/220919213921_101.jpg,Arcellinida,stressed,1,test,0.33906695
data/raw/Arcellinida/250822165008_8400.jpg,Arcellinida,stressed,1,test,0.57345736
data/raw/Arcellinida/250818160058_13000.jpg,Arcellinida,stressed,1,test,0.34513092
data/raw/Arcellinida/250818192836_17900_2.jpg,Arcellinida,stressed,1,test,0.49317083
data/raw/Arcellinida/220919213921_46.jpg,Arcellinida,stressed,1,test,0.5658191
data/raw/Arcellinida/221129202130_279.jpg,Arcellinida,stressed,1,test,0.38911206
data/raw/Arcellinida/220821132750_42300.jpg,Arcellinida,stressed,1,test,0.30819675
data/raw/Arcellinida/220927183749_204.jpg,Arcellinida,stressed,1,test,0.67395264
data/raw/Arcellinida/220925151714_228.jpg,Arcellinida,stressed,1,test,0.5532216
data/raw/Arcellinida/220708152029_129000.jpg,Arcellinida,stressed,1,test,0.7769022
data/raw/Arcellinida/221215125712_177.jpg,Arcellinida,stressed,1,test,0.26243198
data/raw/Arcellinida/250820201138_200.jpg,Arcellinida,stressed,1,test,0.64931035
data/raw/Arcellinida/221214172456_95.jpg,Arcellinida,stressed,1,test,0.29172936
data/raw/Arcellinida/220927150708_132.jpg,Arcellinida,stressed,1,test,0.8115852
data/raw/Arcellinida/221129202130_193.jpg,Arcellinida,stressed,1,test,0.85238594
data/raw/Arcellinida/220823165512_152700.jpg,Arcellinida,stressed,1,test,0.40677008
data/raw/Arcellinida/250806190337_10600.jpg,Arcellinida,stressed,1,test,0.6371144
data/raw/Arcellinida/220920143151_115.jpg,Arcellinida,stressed,1,test,0.19348633
data/raw/Arcellinida/220922102326_260.jpg,Arcellinida,stressed,1,test,0.3913724
data/raw/Arcellinida/250822203429_15600.jpg,Arcellinida,stressed,1,test,0.30803892
data/raw/Arcellinida/220714151918_283800.jpg,Arcellinida,stressed,1,test,0.6368256
data/raw/Arcellinida/220823165512_112800.jpg,Arcellinida,stressed,1,test,0.6128941
data/raw/Arcellinida/220927212046_274.jpg,Arcellinida,stressed,1,test,0.32897568
data/raw/Arcellinida/220822160429_44400.jpg,Arcellinida,stressed,1,test,0.2874287
data/raw/Arcellinida/220928153740_43.jpg,Arcellinida,stressed,1,test,0.3697279
data/raw/Arcellinida/220928153740_57_3.jpg,Arcellinida,stressed,1,test,0.4304884
data/raw/Arcellinida/220819192357_223200.jpg,Arcellinida,stressed,1,test,0.28199267
data/raw/Arcellinida/220921151620_299.jpg,Arcellinida,stressed,1,test,0.65082425
data/raw/Arcellinida/220824211549_1500.jpg,Arcellinida,stressed,1,test,0.6474265
data/raw/Arcellinida/220704164337_57300.jpg,Arcellinida,stressed,1,test,0.5218381
data/raw/Arcellinida/220921151620_191.jpg,Arcellinida,stressed,1,test,0.37737903
data/raw/Arcellinida/220819192357_232800.jpg,Arcellinida,stressed,1,test,0.43042803
data/raw/Arcellinida/220923151606_370.jpg,Arcellinida,stressed,1,test,0.63999873
data/raw/Arcellinida/220822212820_46800.jpg,Arcellinida,stressed,1,test,0.288836
data/raw/Arcellinida/220705205512_79200.jpg,Arcellinida,stressed,1,test,0.63929
data/raw/Arcellinida/220924140904_393.jpg,Arcellinida,stressed,1,test,0.34676152
data/raw/Arcellinida/221128131012_40.jpg,Arcellinida,stressed,1,test,0.3742073
data/raw/Arcellinida/220823214033_19500.jpg,Arcellinida,stressed,1,test,0.5657376
data/raw/Arcellinida/220815230100_600.jpg,Arcellinida,stressed,1,test,0.75160646
data/raw/Arcellinida/220710155007_102000.jpg,Arcellinida,stressed,1,test,0.59127057
data/raw/Arcellinida/220922174312_19.jpg,Arcellinida,stressed,1,test,0.28257397
data/raw/Arcellinida/220924095715_42.jpg,Arcellinida,stressed,1,test,0.28536665
data/raw/Arcellinida/220919213921_107_2.jpg,Arcellinida,stressed,1,test,0.75392705
data/raw/Arcellinida/220711151704_90600.jpg,Arcellinida,stressed,1,test,0.30394202
data/raw/Arcellinida/220819192357_193800.jpg,Arcellinida,stressed,1,test,0.5641189
data/raw/Arcellinida/250819195743_16100.jpg,Arcellinida,stressed,1,test,0.3389924
data/raw/Arcellinida/250819204323_10200.jpg,Arcellinida,stressed,1,test,0.316552
data/raw/Arcellinida/220823165512_146700.jpg,Arcellinida,stressed,1,test,0.31020772
data/raw/Arcellinida/250806145357_6100.jpg,Arcellinida,stressed,1,test,0.32204822
data/raw/Arcellinida/220926185508_251_2.jpg,Arcellinida,stressed,1,test,0.5779563
data/raw/Arcellinida/220920143151_116.jpg,Arcellinida,stressed,1,test,0.30000898
data/raw/Arcellinida/220716104346_96000.jpg,Arcellinida,stressed,1,test,0.5065755
data/raw/Arcellinida/250822154936_2000_3.jpg,Arcellinida,stressed,1,test,0.47380105
data/raw/Arcellinida/221129202130_169.jpg,Arcellinida,stressed,1,test,0.3125351
data/raw/Arcellinida/220929083616_57.jpg,Arcellinida,stressed,1,test,0.71852857
data/raw/Arcellinida/220922093805_176_2.jpg,Arcellinida,stressed,1,test,0.31039193
data/raw/Arcellinida/250819195743_24800.jpg,Arcellinida,stressed,1,test,0.40489146
data/raw/Arcellinida/250819195743_11600.jpg,Arcellinida,stressed,1,test,0.35418266
data/raw/Arcellinida/250822215625_25300.jpg,Arcellinida,stressed,1,test,0.35995272
data/raw/Arcellinida/221129202130_280.jpg,Arcellinida,stressed,1,test,0.35185364
data/raw/Arcellinida/220924095715_73.jpg,Arcellinida,stressed,1,test,0.43145
data/raw/Arcellinida/220925151714_111.jpg,Arcellinida,stressed,1,test,0.36310205
data/raw/Arcellinida/220821152638_98700.jpg,Arcellinida,stressed,1,test,0.40645903
data/raw/Arcellinida/250822183059_15200.jpg,Arcellinida,stressed,1,test,0.44861555
data/raw/Arcellinida/220923102431_290.jpg,Arcellinida,stressed,1,test,0.8150129
data/raw/Arcellinida/220824154018_66000.jpg,Arcellinida,stressed,1,test,0.3227676
data/raw/Arcellinida/220816110204_24900_2.jpg,Arcellinida,stressed,1,test,0.7112909
data/raw/Arcellinida/250819204323_12400_2.jpg,Arcellinida,stressed,1,test,0.70343775
data/raw/Arcellinida/220711151704_46200.jpg,Arcellinida,stressed,1,test,0.27803576
data/raw/Arcellinida/250819151211_5600.jpg,Arcellinida,stressed,1,test,0.26290148
data/raw/Arcellinida/250718151647_15800.jpg,Arcellinida,stressed,1,test,0.7349752
data/raw/Arcellinida/220927183749_65.jpg,Arcellinida,stressed,1,test,0.6631125
data/raw/Arcellinida/250819214729_6100.jpg,Arcellinida,stressed,1,test,0.35007927
data/raw/Arcellinida/220714151918_159600_2.jpg,Arcellinida,stressed,1,test,0.52051204
data/raw/Arcellinida/220921151620_298.jpg,Arcellinida,stressed,1,test,0.80637145
data/raw/Arcellinida/250822154936_3000.jpg,Arcellinida,stressed,1,test,0.39953223
data/raw/Arcellinida/220824211549_113100.jpg,Arcellinida,stressed,1,test,0.60198087
data/raw/Arcellinida/220825110853_44700.jpg,Arcellinida,stressed,1,test,0.49105012
data/raw/Arcellinida/250807130843_4000.jpg,Arcellinida,stressed,1,test,0.45449963
data/raw/Arcellinida/250718132208_13800.jpg,Arcellinida,stressed,1,test,0.6364601
data/raw/Arcellinida/220825110853_40200.jpg,Arcellinida,stressed,1,test,0.30949193
data/raw/Arcellinida/220825110853_300.jpg,Arcellinida,stressed,1,test,0.75067544
data/raw/Arcellinida/220815162809_600.jpg,Arcellinida,stressed,1,test,0.344067
data/raw/Arcellinida/220825221032_54600_2.jpg,Arcellinida,stressed,1,test,0.71791905
data/raw/Arcellinida/220922132105_34.jpg,Arcellinida,stressed,1,test,0.77508485
data/raw/Arcellinida/250820145905_4100.jpg,Arcellinida,stressed,1,test,0.3120562
data/raw/Arcellinida/220927212046_97.jpg,Arcellinida,stressed,1,test,0.5684837
data/raw/Arcellinida/250717173415_19000.jpg,Arcellinida,stressed,1,test,0.42560145
data/raw/Arcellinida/220927183749_145_2.jpg,Arcellinida,stressed,1,test,0.31939194
data/raw/Arcellinida/220819192357_71400.jpg,Arcellinida,stressed,1,test,0.4452635
data/raw/Arcellinida/250719140643_13200.jpg,Arcellinida,stressed,1,test,0.38861328
data/raw/Arcellinida/250717173415_6500.jpg,Arcellinida,stressed,1,test,0.30067462
data/raw/Arcellinida/220920141408_6.jpg,Arcellinida,stressed,1,test,0.2956929
data/raw/Arcellinida/250819195743_8300.jpg,Arcellinida,stressed,1,test,0.4516612
data/raw/Arcellinida/220928110514_114.jpg,Arcellinida,stressed,1,test,0.83955956
data/raw/Arcellinida/250818203321_9400.jpg,Arcellinida,stressed,1,test,0.67070794
data/raw/Arcellinida/220821192338_55200.jpg,Arcellinida,stressed,1,test,0.2803149
data/raw/Arcellinida/220924140904_504_2.jpg,Arcellinida,stressed,1,test,0.4741289
data/raw/Arcellinida/250717163557_10100.jpg,Arcellinida,stressed,1,test,0.49215987
data/raw/Arcellinida/250815152852_16100.jpg,Arcellinida,stressed,1,test,0.7260729
data/raw/Arcellinida/220922132105_158.jpg,Arcellinida,stressed,1,test,1.0332974
data/raw/Arcellinida/250822212521_300.jpg,Arcellinida,stressed,1,test,0.37445316
data/raw/Arcellinida/250819211006_11800.jpg,Arcellinida,stressed,1,test,0.45769238
data/raw/Arcellinida/250818185500_4100_2.jpg,Arcellinida,stressed,1,test,0.5115927
data/raw/Arcellinida/250822203429_16300.jpg,Arcellinida,stressed,1,test,0.370828
data/raw/Arcellinida/220927212046_415.jpg,Arcellinida,stressed,1,test,0.7400087
data/raw/Arcellinida/220919192752_66.jpg,Arcellinida,stressed,1,test,0.7788533
data/raw/Arcellinida/220824154018_300.jpg,Arcellinida,stressed,1,test,0.30400556
data/raw/Arcellinida/250717173415_19900_2.jpg,Arcellinida,stressed,1,test,0.47719806
data/raw/Arcellinida/250819192054_8300.jpg,Arcellinida,stressed,1,test,0.703255
data/raw/Arcellinida/220919213921_95_2.jpg,Arcellinida,stressed,1,test,0.34636956
data/raw/Arcellinida/220926103306_4.jpg,Arcellinida,stressed,1,test,0.40889087
data/raw/Arcellinida/250822161857_5700.jpg,Arcellinida,stressed,1,test,0.34237048
data/raw/Arcellinida/220817195919_216900.jpg,Arcellinida,stressed,1,test,0.58957815
data/raw/Arcellinida/220714223843_8400.jpg,Arcellinida,stressed,1,test,0.6975241
data/raw/Arcellinida/220823165512_15900.jpg,Arcellinida,stressed,1,test,0.34279275
data/raw/Arcellinida/220823165512_90900_2.jpg,Arcellinida,stressed,1,test,0.31741774
data/raw/Arcellinida/250806145357_12600.jpg,Arcellinida,stressed,1,test,0.5415988
data/raw/Arcellinida/250717143235_2400.jpg,Arcellinida,stressed,1,test,0.51907086
data/raw/Arcellinida/220927212046_469.jpg,Arcellinida,stressed,1,test,0.69385546
data/raw/Arcellinida/220926185508_96.jpg,Arcellinida,stressed,1,test,0.6834354
data/raw/Arcellinida/221212093526_625.jpg,Arcellinida,stressed,1,test,0.7472974
data/raw/Arcellinida/220927103320_46.jpg,Arcellinida,stressed,1,test,0.6278925
data/raw/Arcellinida/250822121341_6700.jpg,Arcellinida,stressed,1,test,0.39574555
data/raw/Arcellinida/250806145357_2500.jpg,Arcellinida,stressed,1,test,0.6427935
data/raw/Arcellinida/220920143151_116_2.jpg,Arcellinida,stressed,1,test,0.19635707
data/raw/Arcellinida/220823214033_108600.jpg,Arcellinida,stressed,1,test,0.29987466
data/raw/Arcellinida/250822161857_4700_3.jpg,Arcellinida,stressed,1,test,0.8214308
data/raw/Arcellinida/220714151918_132000.jpg,Arcellinida,stressed,1,test,0.93948245
data/raw/Arcellinida/220823214033_138300.jpg,Arcellinida,stressed,1,test,0.5328627
data/raw/Arcellinida/220825110853_1500.jpg,Arcellinida,stressed,1,test,0.5611111
data/raw/Arcellinida/220827131622_2700.jpg,Arcellinida,stressed,1,test,0.6327628
data/raw/Arcellinida/250717163557_1800.jpg,Arcellinida,stressed,1,test,0.715251
data/raw/Arcellinida/220822212820_81300.jpg,Arcellinida,stressed,1,test,0.29729474
data/raw/Arcellinida/250819211006_7900.jpg,Arcellinida,stressed,1,test,0.34414235
data/raw/Arcellinida/250719160003_10500.jpg,Arcellinida,stressed,1,test,0.5987325
data/raw/Arcellinida/250822121341_6800.jpg,Arcellinida,stressed,1,test,0.4105869
data/raw/Arcellinida/220921151620_430.jpg,Arcellinida,stressed,1,test,0.7242674
data/raw/Arcellinida/220819132809_198300.jpg,Arcellinida,stressed,1,test,0.5823689
data/raw/Arcellinida/220822160429_27300.jpg,Arcellinida,stressed,1,test,0.30313024
data/raw/Arcellinida/220928110514_265.jpg,Arcellinida,stressed,1,test,0.70204574
data/raw/Arcellinida/220825221032_66900_3.jpg,Arcellinida,stressed,1,test,0.6217245
data/raw/Arcellinida/220922102326_15.jpg,Arcellinida,stressed,1,test,0.612367
data/raw/Arcellinida/250717173415_9500.jpg,Arcellinida,stressed,1,test,0.3509708
data/raw/Arcellinida/220927183749_161.jpg,Arcellinida,stressed,1,test,0.46508038
data/raw/Arcellinida/250717143235_700.jpg,Arcellinida,stressed,1,test,0.33525264
data/raw/Arcellinida/220925193708_26.jpg,Arcellinida,stressed,1,test,0.66600615
data/raw/Arcellinida/221211132350_463.jpg,Arcellinida,stressed,1,test,0.83655083
data/raw/Arcellinida/220926103306_97.jpg,Arcellinida,stressed,1,test,0.38084936
data/raw/Arcellinida/220922132105_818.jpg,Arcellinida,stressed,1,test,0.8207947
data/raw/Arcellinida/220714151918_184200.jpg,Arcellinida,stressed,1,test,0.66592735
data/raw/Arcellinida/220926103306_213.jpg,Arcellinida,stressed,1,test,0.76371855
data/raw/Arcellinida/220714223843_61500.jpg,Arcellinida,stressed,1,test,0.4709644
data/raw/Arcellinida/220825160549_84600.jpg,Arcellinida,stressed,1,test,0.6076592
data/raw/Arcellinida/250818182128_10800.jpg,Arcellinida,stressed,1,test,0.5052435
data/raw/Arcellinida/250819111524_25300.jpg,Arcellinida,stressed,1,test,0.36118227
data/raw/Arcellinida/220819192357_95700.jpg,Arcellinida,stressed,1,test,0.42438748
data/raw/Arcellinida/220927150708_101.jpg,Arcellinida,stressed,1,test,0.791612
data/raw/Arcellinida/220925102517_79.jpg,Arcellinida,stressed,1,test,0.7547508
data/raw/Arcellinida/220923151606_101.jpg,Arcellinida,stressed,1,test,0.8978892
data/raw/Arcellinida/220823165512_12900.jpg,Arcellinida,stressed,1,test,0.29307616
data/raw/Arcellinida/220921151620_179.jpg,Arcellinida,stressed,1,test,0.22085188
data/raw/Arcellinida/250818174224_13400.jpg,Arcellinida,stressed,1,test,0.4229491
data/raw/Arcellinida/220927150708_400.jpg,Arcellinida,stressed,1,test,0.62698525
data/raw/Arcellinida/250717141432_7600_2.jpg,Arcellinida,stressed,1,test,0.581131
data/raw/Arcellinida/220927150708_389_2.jpg,Arcellinida,stressed,1,test,0.60161966
data/raw/Arcellinida/250822165008_7200.jpg,Arcellinida,stressed,1,test,0.70188403
data/raw/Arcellinida/220824211549_134700.jpg,Arcellinida,stressed,1,test,0.3596333
data/raw/Arcellinida/250815134137_3100.jpg,Arcellinida,stressed,1,test,0.38738185
data/raw/Arcellinida/220919143242_69.jpg,Arcellinida,stressed,1,test,0.49010473
data/raw/Arcellinida/220919134357_8.jpg,Arcellinida,stressed,1,test,0.7428081
data/raw/Arcellinida/250822154936_1200.jpg,Arcellinida,stressed,1,test,0.4889907
data/raw/Arcellinida/250717184843_19500.jpg,Arcellinida,stressed,1,test,0.6491943
data/raw/Nematoda/221204211250_20.jpg,Nematoda,stressed,1,test,0.3090288
data/raw/Nematoda/220822212820_199800.jpg,Nematoda,stressed,1,test,0.30639172
data/raw/Nematoda/220827111145_4800.jpg,Nematoda,stressed,1,test,0.6936736
data/raw/Nematoda/220819132809_247800.jpg,Nematoda,stressed,1,test,0.3124954
data/raw/Nematoda/220712154002_43800.jpg,Nematoda,stressed,1,test,0.2958376
data/raw/Nematoda/220712211907_12000.jpg,Nematoda,stressed,1,test,0.15549593
data/raw/Nematoda/220707145542_348000.jpg,Nematoda,stressed,1,test,0.22615778
data/raw/Nematoda/221214172456_229.jpg,Nematoda,stressed,1,test,0.58964735
data/raw/Nematoda/220815162809_35100.jpg,Nematoda,stressed,1,test,0.3930649
data/raw/Nematoda/220825221032_74400.jpg,Nematoda,stressed,1,test,0.76499027
data/raw/Nematoda/221212213734_130.jpg,Nematoda,stressed,1,test,0.6883363
data/raw/Nematoda/220820193018_37800.jpg,Nematoda,stressed,1,test,0.48836693
data/raw/Nematoda/220826105111_11400.jpg,Nematoda,stressed,1,test,0.7322962
data/raw/Nematoda/220825135254_35400.jpg,Nematoda,stressed,1,test,0.30542374
data/raw/Nematoda/220827111145_5700_2.jpg,Nematoda,stressed,1,test,0.28034785
data/raw/Nematoda/220825110853_12900.jpg,Nematoda,stressed,1,test,0.2693357
data/raw/Nematoda/220823165512_157800.jpg,Nematoda,stressed,1,test,0.706275
data/raw/Nematoda/220823165512_127800.jpg,Nematoda,stressed,1,test,0.37518084
data/raw/Nematoda/220827192508_25800.jpg,Nematoda,stressed,1,test,0.3177143
data/raw/Nematoda/220825160549_112200_2.jpg,Nematoda,stressed,1,test,0.43234652
data/raw/Nematoda/220705205512_311400.jpg,Nematoda,stressed,1,test,0.1395182
data/raw/Nematoda/220815204959_41100.jpg,Nematoda,stressed,1,test,0.30737296
data/raw/Nematoda/220823110824_4500.jpg,Nematoda,stressed,1,test,0.5567341
data/raw/Nematoda/220826105111_18600.jpg,Nematoda,stressed,1,test,0.35539967
data/raw/Nematoda/220824211549_9000.jpg,Nematoda,stressed,1,test,0.7650562
data/raw/Nematoda/220823214033_7800.jpg,Nematoda,stressed,1,test,0.50953126
data/raw/Nematoda/220827111145_5700.jpg,Nematoda,stressed,1,test,0.31365374
data/raw/Nematoda/220822160429_73800.jpg,Nematoda,stressed,1,test,0.29635695
data/raw/Nematoda/220825221032_13500.jpg,Nematoda,stressed,1,test,0.30249408
data/raw/Nematoda/220823165512_117600.jpg,Nematoda,stressed,1,test,0.656018
data/raw/Nematoda/220711151704_327000.jpg,Nematoda,stressed,1,test,0.8194484
data/raw/Nematoda/220712162334_232200.jpg,Nematoda,stressed,1,test,0.8544815
data/raw/Nematoda/220708152029_47100.jpg,Nematoda,stressed,1,test,0.6961258
data/raw/Nematoda/220823134252_11400.jpg,Nematoda,stressed,1,test,0.2970753
data/raw/Nematoda/220823214033_51000.jpg,Nematoda,stressed,1,test,0.31606624
data/raw/Nematoda/220707221712_346500.jpg,Nematoda,stressed,1,test,0.11694361
data/raw/Nematoda/220823165512_108600.jpg,Nematoda,stressed,1,test,0.6456942
data/raw/Nematoda/220710214438_245100.jpg,Nematoda,stressed,1,test,0.6677012
data/raw/Nematoda/220704212204_29700.jpg,Nematoda,stressed,1,test,0.52241874
data/raw/Nematoda/220711151704_338100.jpg,Nematoda,stressed,1,test,0.30043823
data/raw/Nematoda/220707145542_97500.jpg,Nematoda,stressed,1,test,0.90133584
data/raw/Nematoda/220825221032_32700.jpg,Nematoda,stressed,1,test,0.3042866
data/raw/Nematoda/220824211549_10200_2.jpg,Nematoda,stressed,1,test,0.7457463
data/raw/Nematoda/220826130431_280200.jpg,Nematoda,stressed,1,test,0.3076817
data/raw/Nematoda/220825160549_88500.jpg,Nematoda,stressed,1,test,0.40942973
data/raw/Nematoda/220715153913_82500.jpg,Nematoda,stressed,1,test,0.7142782
data/raw/Nematoda/220705205512_111000.jpg,Nematoda,stressed,1,test,0.41367337
data/raw/Nematoda/220711151704_381300.jpg,Nematoda,stressed,1,test,0.46427202
data/raw/Nematoda/220826130431_310800.jpg,Nematoda,stressed,1,test,0.3315124
data/raw/Nematoda/220826192159_9000.jpg,Nematoda,stressed,1,test,0.6523631
data/raw/Nematoda/220827131622_21000.jpg,Nematoda,stressed,1,test,0.30164322
data/raw/Nematoda/220716104346_113400.jpg,Nematoda,stressed,1,test,0.3645071
data/raw/Nematoda/220713151019_153000.jpg,Nematoda,stressed,1,test,0.34013635
data/raw/Nematoda/220823214033_28800.jpg,Nematoda,stressed,1,test,0.88235724
data/raw/Nematoda/220823214033_126300.jpg,Nematoda,stressed,1,test,0.34244394
data/raw/Nematoda/220825160549_86700.jpg,Nematoda,stressed,1,test,0.729542
data/raw/Nematoda/221215171437_240.jpg,Nematoda,stressed,1,test,0.30392164
data/raw/Nematoda/220707221712_28200.jpg,Nematoda,stressed,1,test,0.25433594
data/raw/Nematoda/220825221032_50700.jpg,Nematoda,stressed,1,test,0.7906293
data/raw/Nematoda/220712211907_16200.jpg,Nematoda,stressed,1,test,0.73747635
data/raw/Nematoda/220823214033_7500.jpg,Nematoda,stressed,1,test,0.8462506
data/raw/Nematoda/221212213734_131.jpg,Nematoda,stressed,1,test,0.57002985
data/raw/Nematoda/220826130431_276300.jpg,Nematoda,stressed,1,test,0.3052816
data/raw/Nematoda/220713151019_38700.jpg,Nematoda,stressed,1,test,0.86148846
data/raw/Nematoda/220711151704_170100.jpg,Nematoda,stressed,1,test,0.17759414
data/raw/Nematoda/220712211907_74400.jpg,Nematoda,stressed,1,test,0.19372031
data/raw/Nematoda/220707145542_97800.jpg,Nematoda,stressed,1,test,0.50444263
data/raw/Nematoda/220706161602_284700.jpg,Nematoda,stressed,1,test,0.09670434
data/raw/Nematoda/220705133448_237900.jpg,Nematoda,stressed,1,test,0.1290569
data/raw/Nematoda/220822160429_43500.jpg,Nematoda,stressed,1,test,0.30845234
data/raw/Nematoda/220706100742_36000.jpg,Nematoda,stressed,1,test,0.2918701
data/raw/Nematoda/220710155007_4500.jpg,Nematoda,stressed,1,test,0.39955804
data/raw/Nematoda/220823110824_4200.jpg,Nematoda,stressed,1,test,0.854776
data/raw/Nematoda/220825221032_62700.jpg,Nematoda,stressed,1,test,0.68440366
data/raw/Nematoda/220711151704_95700.jpg,Nematoda,stressed,1,test,0.53930396
data/raw/Nematoda/220826130431_290700.jpg,Nematoda,stressed,1,test,0.69414777
data/raw/Nematoda/220826105111_33000.jpg,Nematoda,stressed,1,test,0.6715435
data/raw/Nematoda/220823214033_100500_2.jpg,Nematoda,stressed,1,test,0.41954768
data/raw/Nematoda/221128131012_87.jpg,Nematoda,stressed,1,test,0.23513721
data/raw/Nematoda/220714151918_383700.jpg,Nematoda,stressed,1,test,0.5124801
data/raw/Nematoda/220708152029_47400.jpg,Nematoda,stressed,1,test,0.447385
data/raw/Nematoda/220712211907_55500.jpg,Nematoda,stressed,1,test,0.3030563
data/raw/Nematoda/220823214033_4500.jpg,Nematoda,stressed,1,test,0.63068175
data/raw/Nematoda/220710155007_59700.jpg,Nematoda,stressed,1,test,0.5799209
data/raw/Nematoda/220714151918_261900.jpg,Nematoda,stressed,1,test,0.64635897
data/raw/Nematoda/220823214033_144900.jpg,Nematoda,stressed,1,test,0.2964217
data/raw/Nematoda/220826211851_121200.jpg,Nematoda,stressed,1,test,0.2951033
data/raw/Nematoda/220710155007_104400.jpg,Nematoda,stressed,1,test,0.7022039
data/raw/Nematoda/220824211549_7500.jpg,Nematoda,stressed,1,test,0.74732804
data/raw/Nematoda/220823165512_16200.jpg,Nematoda,stressed,1,test,0.33879578
data/raw/Nematoda/220710155007_109500.jpg,Nematoda,stressed,1,test,0.2763564
data/raw/Nematoda/220825221032_76500.jpg,Nematoda,stressed,1,test,0.30631077
data/raw/Nematoda/220826105111_18900.jpg,Nematoda,stressed,1,test,0.34117445
data/raw/Nematoda/220824211549_131400.jpg,Nematoda,stressed,1,test,0.3666846
data/raw/Nematoda/220710155007_60000.jpg,Nematoda,stressed,1,test,0.56149733
data/raw/Nematoda/220827131622_13800_2.jpg,Nematoda,stressed,1,test,0.5313427
data/raw/Nematoda/220716104346_101400.jpg,Nematoda,stressed,1,test,0.30961922
data/raw/Nematoda/220824101451_15600.jpg,Nematoda,stressed,1,test,0.3868109
data/raw/Nematoda/220827131622_3600_2.jpg,Nematoda,stressed,1,test,0.46742353
data/raw/Nematoda/220823165512_158400.jpg,Nematoda,stressed,1,test,0.41934747
data/raw/Nematoda/220710214438_19200.jpg,Nematoda,stressed,1,test,0.48391208
data/raw/Nematoda/220825221032_70200_3.jpg,Nematoda,stressed,1,test,0.4725599
data/raw/Nematoda/220826192159_63600.jpg,Nematoda,stressed,1,test,0.3094305
data/raw/Nematoda/220822212820_4200.jpg,Nematoda,stressed,1,test,0.34466743
data/raw/Nematoda/220827155746_20700.jpg,Nematoda,stressed,1,test,0.7367321
data/raw/Nematoda/220823165512_110400.jpg,Nematoda,stressed,1,test,0.48304343
data/raw/Nematoda/220715153913_82800.jpg,Nematoda,stressed,1,test,0.7007748
data/raw/Nematoda/220713091344_237300.jpg,Nematoda,stressed,1,test,0.19490863
data/raw/Nematoda/220707145542_217800.jpg,Nematoda,stressed,1,test,0.18103287
data/raw/Nematoda/220827111145_5100_2.jpg,Nematoda,stressed,1,test,0.24669465
data/raw/Nematoda/220820193018_39900.jpg,Nematoda,stressed,1,test,0.820036
data/raw/Nematoda/220707103914_261000.jpg,Nematoda,stressed,1,test,0.24223253
data/raw/Nematoda/220820132438_144000.jpg,Nematoda,stressed,1,test,0.6366618
data/raw/Nematoda/220707145542_382200.jpg,Nematoda,stressed,1,test,0.13930999
data/raw/Nematoda/220823165512_110400_2.jpg,Nematoda,stressed,1,test,0.4804313
data/raw/Nematoda/220816110204_3900.jpg,Nematoda,stressed,1,test,0.8488918
data/raw/Nematoda/220826211851_155100.jpg,Nematoda,stressed,1,test,0.48855096
data/raw/Nematoda/220826211851_6000.jpg,Nematoda,stressed,1,test,0.8055846
data/raw/Nematoda/220712162334_232800.jpg,Nematoda,stressed,1,test,0.85871124
data/raw/Nematoda/220827131622_4500.jpg,Nematoda,stressed,1,test,0.35994908
data/raw/Nematoda/220706161602_106800.jpg,Nematoda,stressed,1,test,0.47988957
data/raw/Nematoda/220825160549_116700.jpg,Nematoda,stressed,1,test,0.61037695
data/raw/Nematoda/220825110853_46800.jpg,Nematoda,stressed,1,test,0.3010651
data/raw/Nematoda/220704212204_130200.jpg,Nematoda,stressed,1,test,0.4589823
data/raw/Nematoda/220820193018_41400.jpg,Nematoda,stressed,1,test,0.7637844
data/raw/Nematoda/220715153913_139500.jpg,Nematoda,stressed,1,test,0.6765538
data/raw/Nematoda/220827192508_13500.jpg,Nematoda,stressed,1,test,0.3384113
data/raw/Nematoda/220826130431_1800_2.jpg,Nematoda,stressed,1,test,0.31061175
data/raw/Nematoda/220825221032_70200.jpg,Nematoda,stressed,1,test,0.6302052
data/raw/Nematoda/220823214033_117600.jpg,Nematoda,stressed,1,test,0.30804512
data/raw/Nematoda/220827131622_11400.jpg,Nematoda,stressed,1,test,0.8923997
data/raw/Nematoda/220819192357_232200.jpg,Nematoda,stressed,1,test,0.41111398
data/raw/Nematoda/220824184740_0.jpg,Nematoda,stressed,1,test,0.33835796
data/raw/Nematoda/221213180049_4.jpg,Nematoda,stressed,1,test,0.49492213
data/raw/Nematoda/220827142139_1200.jpg,Nematoda,stressed,1,test,0.78437304
data/raw/Nematoda/220823214033_101100_3.jpg,Nematoda,stressed,1,test,0.6727306
data/raw/Nematoda/220707145542_64500.jpg,Nematoda,stressed,1,test,0.69463134
data/raw/Nematoda/220706120715_81900.jpg,Nematoda,stressed,1,test,0.3197599
data/raw/Nematoda/220823214033_10200.jpg,Nematoda,stressed,1,test,0.7565689
data/raw/Nematoda/220826105111_24300.jpg,Nematoda,stressed,1,test,0.2975238
data/raw/Nematoda/220708152029_129300.jpg,Nematoda,stressed,1,test,0.707488
data/raw/Nematoda/220823214033_91200.jpg,Nematoda,stressed,1,test,0.30342644
data/raw/Nematoda/220710214438_71700.jpg,Nematoda,stressed,1,test,0.16495453
data/raw/Nematoda/220826192159_56100_2.jpg,Nematoda,stressed,1,test,0.5948726
data/raw/Nematoda/220704164337_49200.jpg,Nematoda,stressed,1,test,0.5872136
data/raw/Nematoda/220827111145_49800.jpg,Nematoda,stressed,1,test,0.53683454
data/raw/Nematoda/220823165512_110100_2.jpg,Nematoda,stressed,1,test,0.63280636
data/raw/Nematoda/220826211851_5700.jpg,Nematoda,stressed,1,test,0.5476415
data/raw/Nematoda/220826211851_113400.jpg,Nematoda,stressed,1,test,0.31317258
data/raw/Nematoda/220821212553_35100.jpg,Nematoda,stressed,1,test,0.42950714
data/raw/Nematoda/220826130431_284700.jpg,Nematoda,stressed,1,test,0.27387747
data/raw/Nematoda/220826105111_20400.jpg,Nematoda,stressed,1,test,0.861016
data/raw/Nematoda/220823214033_14400.jpg,Nematoda,stressed,1,test,0.6723846
data/raw/Nematoda/220825221032_69900_2.jpg,Nematoda,stressed,1,test,0.795444
data/raw/Nematoda/220826211851_138000_2.jpg,Nematoda,stressed,1,test,0.6837532
data/raw/Nematoda/220825160549_112500.jpg,Nematoda,stressed,1,test,0.45337093
data/raw/Nematoda/220824154018_66000.jpg,Nematoda,stressed,1,test,0.31045014
data/raw/Nematoda/220705133448_560700.jpg,Nematoda,stressed,1,test,0.20990132
data/raw/Nematoda/220714151918_189000.jpg,Nematoda,stressed,1,test,0.23371643
data/raw/Nematoda/220707145542_64200.jpg,Nematoda,stressed,1,test,0.7941807
data/raw/Nematoda/220712162334_12300.jpg,Nematoda,stressed,1,test,1.0651596
data/raw/Nematoda/220823214033_118200.jpg,Nematoda,stressed,1,test,0.345645
data/raw/Nematoda/220823165512_150600.jpg,Nematoda,stressed,1,test,0.6912952
data/raw/Nematoda/220823165512_135900_2.jpg,Nematoda,stressed,1,test,0.41832027
data/raw/Nematoda/220822212820_184500.jpg,Nematoda,stressed,1,test,0.31408632
data/raw/Nematoda/220826105111_10500.jpg,Nematoda,stressed,1,test,0.47263053
data/raw/Nematoda/220826192159_15600.jpg,Nematoda,stressed,1,test,0.37930873
data/raw/Nematoda/220824211549_121500.jpg,Nematoda,stressed,1,test,0.3095114
data/raw/Nematoda/220714151918_383400.jpg,Nematoda,stressed,1,test,0.50219023
data/raw/Nematoda/220823165512_21000.jpg,Nematoda,stressed,1,test,0.7470491
data/raw/Nematoda/220825160549_112200.jpg,Nematoda,stressed,1,test,0.4663183
data/raw/Nematoda/220712162334_11700.jpg,Nematoda,stressed,1,test,0.83767945
data/raw/Nematoda/220826211851_6600_2.jpg,Nematoda,stressed,1,test,0.6741847
data/raw/Nematoda/220826130431_295800.jpg,Nematoda,stressed,1,test,0.36490652
data/raw/Nematoda/220826192159_55200.jpg,Nematoda,stressed,1,test,0.31227428
data/raw/Nematoda/220826130431_303900.jpg,Nematoda,stressed,1,test,0.31168336
data/raw/Nematoda/220825221032_75000.jpg,Nematoda,stressed,1,test,0.35070255
data/raw/Nematoda/220825221032_63900.jpg,Nematoda,stressed,1,test,0.67101026
data/raw/Nematoda/220823165512_108000.jpg,Nematoda,stressed,1,test,0.6464084
data/raw/Nematoda/220827111145_24600.jpg,Nematoda,stressed,1,test,0.701117
data/raw/Nematoda/220823165512_135900.jpg,Nematoda,stressed,1,test,0.31189823
data/raw/Nematoda/221209140505_93.jpg,Nematoda,stressed,1,test,0.84588444
data/raw/Nematoda/220826105111_25200.jpg,Nematoda,stressed,1,test,0.7264854
data/raw/Nematoda/221210093417_111.jpg,Nematoda,stressed,1,test,0.30274776
data/raw/Nematoda/220824211549_4800_2.jpg,Nematoda,stressed,1,test,0.4068067
data/raw/Nematoda/220823214033_121800.jpg,Nematoda,stressed,1,test,0.65888053
data/raw/Nematoda/220823214033_96300.jpg,Nematoda,stressed,1,test,0.34503973
data/raw/Nematoda/220825160549_86100.jpg,Nematoda,stressed,1,test,0.31427187
data/raw/Nematoda/220825110853_38400.jpg,Nematoda,stressed,1,test,0.3142827
data/raw/Nematoda/220823214033_115500.jpg,Nematoda,stressed,1,test,0.3154055
data/raw/Nematoda/220823214033_104400.jpg,Nematoda,stressed,1,test,0.31620538
data/raw/Nematoda/220707221712_282900.jpg,Nematoda,stressed,1,test,0.31036985
data/raw/Nematoda/220824211549_9300_2.jpg,Nematoda,stressed,1,test,0.74200404
data/raw/Nematoda/221209200616_163.jpg,Nematoda,stressed,1,test,0.8056453
data/raw/Nematoda/221215171437_463.jpg,Nematoda,stressed,1,test,0.51688945
data/raw/Nematoda/220827111145_47100.jpg,Nematoda,stressed,1,test,0.38123322
data/raw/Nematoda/220826192159_67500.jpg,Nematoda,stressed,1,test,0.29270414
data/raw/Nematoda/220706161602_63900.jpg,Nematoda,stressed,1,test,0.8499164
data/raw/Nematoda/220826192159_72000.jpg,Nematoda,stressed,1,test,0.32223308
data/raw/Nematoda/220822140537_31800_2.jpg,Nematoda,stressed,1,test,0.55149156
data/raw/Nematoda/220822140537_31800.jpg,Nematoda,stressed,1,test,0.3562615
data/raw/Nematoda/220827192508_17700.jpg,Nematoda,stressed,1,test,0.44150347
data/raw/Nematoda/220827192508_27000.jpg,Nematoda,stressed,1,test,0.39704877
data/raw/Nematoda/220704212204_135300.jpg,Nematoda,stressed,1,test,0.233449
data/raw/Nematoda/221209200616_88.jpg,Nematoda,stressed,1,test,0.8185362
data/raw/Nematoda/220823214033_100800.jpg,Nematoda,stressed,1,test,0.79457134
data/raw/Nematoda/220824211549_134400.jpg,Nematoda,stressed,1,test,0.6689749
data/raw/Nematoda/220826211851_139800.jpg,Nematoda,stressed,1,test,0.8524865
data/raw/Nematoda/220825160549_92700.jpg,Nematoda,stressed,1,test,0.5625646
data/raw/Nematoda/220715153913_139800.jpg,Nematoda,stressed,1,test,0.63143146
data/raw/Nematoda/220823214033_119400.jpg,Nematoda,stressed,1,test,0.368511
data/raw/Nematoda/220827111145_47700.jpg,Nematoda,stressed,1,test,0.3183191
data/raw/Nematoda/220706212903_338100.jpg,Nematoda,stressed,1,test,0.2559381
data/raw/Nematoda/220822212820_76200.jpg,Nematoda,stressed,1,test,0.28509647
data/raw/Nematoda/220821192338_118800.jpg,Nematoda,stressed,1,test,0.49731606
data/raw/Nematoda/220706120715_168300.jpg,Nematoda,stressed,1,test,0.6254354
data/raw/Nematoda/220821212553_32700.jpg,Nematoda,stressed,1,test,0.17209058
data/raw/Nematoda/220825221032_89100.jpg,Nematoda,stressed,1,test,0.28993526
data/raw/Nematoda/220710155007_104700.jpg,Nematoda,stressed,1,test,0.65386504
data/raw/Nematoda/220826211851_154200.jpg,Nematoda,stressed,1,test,0.30933377
data/raw/Nematoda/220715103728_24600.jpg,Nematoda,stressed,1,test,0.71821517
data/raw/Nematoda/220706161602_90300.jpg,Nematoda,stressed,1,test,0.66518766
data/raw/Nematoda/220707145542_75600.jpg,Nematoda,stressed,1,test,0.6129976
data/raw/Nematoda/250808201112_8600.jpg,Nematoda,stressed,1,test,0.44501632
data/raw/Nematoda/220827111145_46800.jpg,Nematoda,stressed,1,test,0.3041804
data/raw/Nematoda/220827155746_71400.jpg,Nematoda,stressed,1,test,0.4655167
data/raw/Nematoda/220824211549_136500.jpg,Nematoda,stressed,1,test,0.47036794
data/raw/Nematoda/220823110824_39600_2.jpg,Nematoda,stressed,1,test,0.30346984
data/raw/Nematoda/220714223843_11100.jpg,Nematoda,stressed,1,test,0.8360793
data/raw/Nematoda/220827192508_12300.jpg,Nematoda,stressed,1,test,0.7739224
data/raw/Nematoda/220826192159_67500_3.jpg,Nematoda,stressed,1,test,0.5218945
data/raw/Nematoda/220825221032_82200.jpg,Nematoda,stressed,1,test,0.3121792
data/raw/Nematoda/220825160549_90000.jpg,Nematoda,stressed,1,test,0.77180046
data/raw/Nematoda/220704164337_2400.jpg,Nematoda,stressed,1,test,0.3720902
data/raw/Nematoda/220827192508_68100.jpg,Nematoda,stressed,1,test,0.2706719
data/raw/Nematoda/220708152029_99000.jpg,Nematoda,stressed,1,test,0.9727015
data/raw/Nematoda/220825135254_37200.jpg,Nematoda,stressed,1,test,0.3031499
data/raw/Nematoda/220825160549_94200_2.jpg,Nematoda,stressed,1,test,0.7365905
data/raw/Nematoda/220823165512_15900.jpg,Nematoda,stressed,1,test,0.3705746
data/raw/Nematoda/220823165512_94200.jpg,Nematoda,stressed,1,test,0.6234193
data/raw/Nematoda/220826211851_4200.jpg,Nematoda,stressed,1,test,0.77468354
data/raw/Nematoda/220823214033_50100.jpg,Nematoda,stressed,1,test,0.3467218
data/raw/Nematoda/220705205512_101400.jpg,Nematoda,stressed,1,test,0.3769988
data/raw/Nematoda/220815162809_35400.jpg,Nematoda,stressed,1,test,0.2873945
data/raw/Nematoda/220821212553_30900.jpg,Nematoda,stressed,1,test,0.5188804
data/raw/Nematoda/250717143235_5100.jpg,Nematoda,stressed,1,test,0.3461573
data/raw/Nematoda/220820193018_40200.jpg,Nematoda,stressed,1,test,0.69845086
data/raw/Nematoda/220715214149_26400.jpg,Nematoda,stressed,1,test,0.5091718
data/raw/Nematoda/220827111145_31800.jpg,Nematoda,stressed,1,test,0.58218884
data/raw/Nematoda/220710214438_231000.jpg,Nematoda,stressed,1,test,0.43789914
data/raw/Nematoda/220823214033_9000.jpg,Nematoda,stressed,1,test,0.7746179
data/raw/Nematoda/220827131622_6000.jpg,Nematoda,stressed,1,test,0.35790983
data/raw/Nematoda/220706100742_13500.jpg,Nematoda,stressed,1,test,0.24773382
data/raw/Nematoda/220823165512_112800.jpg,Nematoda,stressed,1,test,0.70279366
data/raw/Nematoda/220826105111_20700.jpg,Nematoda,stressed,1,test,0.4014551
data/raw/Nematoda/220825221032_11100.jpg,Nematoda,stressed,1,test,0.3158402
data/raw/Nematoda/220817195919_79500.jpg,Nematoda,stressed,1,test,0.8628824
data/raw/Nematoda/220823165512_97500.jpg,Nematoda,stressed,1,test,0.53801405
data/raw/Nematoda/220823165512_156000.jpg,Nematoda,stressed,1,test,0.39840248
data/raw/Nematoda/220825160549_86100_2.jpg,Nematoda,stressed,1,test,0.46118054
data/raw/Nematoda/220827155746_20400.jpg,Nematoda,stressed,1,test,0.46849918
data/raw/Nematoda/220706212903_449700.jpg,Nematoda,stressed,1,test,0.11618272
data/raw/Nematoda/221215171437_465.jpg,Nematoda,stressed,1,test,0.48156562
data/raw/Nematoda/220825160549_88200.jpg,Nematoda,stressed,1,test,0.37623236
data/raw/Nematoda/220826130431_300900.jpg,Nematoda,stressed,1,test,0.30996132
data/raw/Nematoda/220827111145_48900.jpg,Nematoda,stressed,1,test,0.45457673
data/raw/Nematoda/220824211549_7200.jpg,Nematoda,stressed,1,test,0.47502816
data/raw/Nematoda/220824211549_113400.jpg,Nematoda,stressed,1,test,0.23766258
data/raw/Nematoda/220822140537_0.jpg,Nematoda,stressed,1,test,0.29730594
data/raw/Nematoda/220815194957_8700.jpg,Nematoda,stressed,1,test,0.69592273
data/raw/Nematoda/220824211549_15900.jpg,Nematoda,stressed,1,test,0.51081616
data/raw/Nematoda/220707103914_76500.jpg,Nematoda,stressed,1,test,0.2259442
data/raw/Nematoda/220826211851_23400.jpg,Nematoda,stressed,1,test,0.29851222
data/raw/Nematoda/220823214033_101100_2.jpg,Nematoda,stressed,1,test,0.6965873
data/raw/Nematoda/220827192508_16200.jpg,Nematoda,stressed,1,test,0.30348164
data/raw/Nematoda/220823214033_8100_2.jpg,Nematoda,stressed,1,test,0.45510027
data/raw/Nematoda/220705205512_85800.jpg,Nematoda,stressed,1,test,0.6502123
data/raw/Nematoda/220706212903_256800.jpg,Nematoda,stressed,1,test,0.2629817
data/raw/Nematoda/221209200616_169.jpg,Nematoda,stressed,1,test,0.84869224
data/raw/Nematoda/220715153913_147600.jpg,Nematoda,stressed,1,test,0.63540286
data/raw/Nematoda/220827192508_68700.jpg,Nematoda,stressed,1,test,0.32113338
data/raw/Nematoda/220822212820_35400.jpg,Nematoda,stressed,1,test,0.28412852
data/raw/Nematoda/250719143853_6900.jpg,Nematoda,stressed,1,test,0.5231578
data/raw/Nematoda/220825160549_91200.jpg,Nematoda,stressed,1,test,0.68681145
data/raw/Nematoda/220825160549_94200.jpg,Nematoda,stressed,1,test,0.32147768
data/raw/Nematoda/220826211851_16800.jpg,Nematoda,stressed,1,test,0.6505601
data/raw/Nematoda/220827131622_13200.jpg,Nematoda,stressed,1,test,0.30674946
data/raw/Nematoda/220707221712_19800.jpg,Nematoda,stressed,1,test,0.21131186
data/raw/Nematoda/220823165512_107700.jpg,Nematoda,stressed,1,test,0.7645184
data/raw/Nematoda/220823214033_117600_2.jpg,Nematoda,stressed,1,test,0.41629362
data/raw/Nematoda/220826192159_33000.jpg,Nematoda,stressed,1,test,0.5795419
data/raw/Nematoda/220823134252_11700.jpg,Nematoda,stressed,1,test,0.80567247
data/raw/Nematoda/220714223843_11400.jpg,Nematoda,stressed,1,test,0.81958854
data/raw/Nematoda/220823214033_8100.jpg,Nematoda,stressed,1,test,0.4218901
data/raw/Nematoda/220823214033_82800.jpg,Nematoda,stressed,1,test,0.32162818
data/raw/Nematoda/220827192508_58500.jpg,Nematoda,stressed,1,test,0.30810297
data/raw/Nematoda/221214172456_230.jpg,Nematoda,stressed,1,test,0.53708816
data/raw/Nematoda/220823165512_160500.jpg,Nematoda,stressed,1,test,0.728315
data/raw/Nematoda/220825221032_78000.jpg,Nematoda,stressed,1,test,0.6891245
data/raw/Nematoda/220825191956_13500.jpg,Nematoda,stressed,1,test,0.5806817
data/raw/Nematoda/220815194957_9000.jpg,Nematoda,stressed,1,test,0.5591023
data/raw/Nematoda/221213180049_3.jpg,Nematoda,stressed,1,test,0.49895057
data/raw/Nematoda/220825135254_36000.jpg,Nematoda,stressed,1,test,0.4468878
data/raw/Nematoda/220823165512_123600.jpg,Nematoda,stressed,1,test,0.5569072
data/raw/Nematoda/220825221032_63600.jpg,Nematoda,stressed,1,test,0.82795423
data/raw/Nematoda/220707221712_346800.jpg,Nematoda,stressed,1,test,0.113694064
data/raw/Nematoda/220625152853_6300.jpg,Nematoda,stressed,1,test,0.42061144
data/raw/Nematoda/220705133448_432300.jpg,Nematoda,stressed,1,test,0.30326727
data/raw/Nematoda/220710214438_72000.jpg,Nematoda,stressed,1,test,0.19306415
data/raw/Nematoda/220825135254_34800.jpg,Nematoda,stressed,1,test,0.36002225
data/raw/Nematoda/220824101451_57900.jpg,Nematoda,stressed,1,test,0.30178902
data/raw/Nematoda/220706100742_112500.jpg,Nematoda,stressed,1,test,0.07110656
data/raw/Nematoda/220821192338_92400_2.jpg,Nematoda,stressed,1,test,0.3046515
data/raw/Nematoda/220821192338_43500_2.jpg,Nematoda,stressed,1,test,0.26257548
data/raw/Nematoda/220714151918_261600_2.jpg,Nematoda,stressed,1,test,0.7513538
data/raw/Nematoda/220826211851_138300.jpg,Nematoda,stressed,1,test,0.37923172
data/raw/Nematoda/220823214033_19500.jpg,Nematoda,stressed,1,test,0.6853046
data/raw/Nematoda/220704212204_51900.jpg,Nematoda,stressed,1,test,0.3202323
data/raw/Nematoda/221218205314_2.jpg,Nematoda,stressed,1,test,0.51292616
data/raw/Nematoda/220826130431_284700_2.jpg,Nematoda,stressed,1,test,0.2809419
data/raw/Nematoda/220825191956_0.jpg,Nematoda,stressed,1,test,0.3356368
data/raw/Nematoda/220826192159_12000.jpg,Nematoda,stressed,1,test,0.32373193
data/raw/Nematoda/220708152029_180600.jpg,Nematoda,stressed,1,test,0.43580243
data/raw/Nematoda/220826192159_55800.jpg,Nematoda,stressed,1,test,0.36508748
data/raw/Nematoda/221215171437_300.jpg,Nematoda,stressed,1,test,0.41004828
data/raw/Nematoda/220823214033_67200_2.jpg,Nematoda,stressed,1,test,0.27323362
data/raw/Nematoda/220824101451_18000.jpg,Nematoda,stressed,1,test,0.31136268
data/raw/Nematoda/220826130431_310500.jpg,Nematoda,stressed,1,test,0.37515637
data/raw/Nematoda/220823165512_110100.jpg,Nematoda,stressed,1,test,0.7373692
data/raw/Nematoda/220823165512_86400.jpg,Nematoda,stressed,1,test,0.8324545
data/raw/Nematoda/220823214033_85200.jpg,Nematoda,stressed,1,test,0.32261425
data/raw/Nematoda/220715214149_15300.jpg,Nematoda,stressed,1,test,0.48379976
data/raw/Nematoda/220712162334_232500.jpg,Nematoda,stressed,1,test,0.86812884
data/raw/Nematoda/220827142139_7200_3.jpg,Nematoda,stressed,1,test,0.5837632
data/raw/Nematoda/220704164337_300.jpg,Nematoda,stressed,1,test,0.5857323
data/raw/Nematoda/220823165512_82800.jpg,Nematoda,stressed,1,test,0.75210464
data/raw/Nematoda/221215171437_299.jpg,Nematoda,stressed,1,test,0.44507673
data/raw/Nematoda/220823214033_9300.jpg,Nematoda,stressed,1,test,0.90455496
data/raw/Nematoda/220827111145_26400.jpg,Nematoda,stressed,1,test,0.35739952
data/raw/Nematoda/220707103914_259500.jpg,Nematoda,stressed,1,test,0.30304688
data/raw/Nematoda/220827111145_20400.jpg,Nematoda,stressed,1,test,0.7717402
data/raw/Nematoda/220823165512_20100.jpg,Nematoda,stressed,1,test,0.3159387
data/raw/Nematoda/220827131622_3300.jpg,Nematoda,stressed,1,test,0.57942134
data/raw/Nematoda/220823165512_104100.jpg,Nematoda,stressed,1,test,0.7677325
data/raw/Nematoda/220826192159_5100.jpg,Nematoda,stressed,1,test,0.920805
data/raw/Nematoda/220826192159_64800.jpg,Nematoda,stressed,1,test,0.39397004
data/raw/Nematoda/220826130431_1800_3.jpg,Nematoda,stressed,1,test,0.31377095
data/raw/Nematoda/220826211851_300.jpg,Nematoda,stressed,1,test,0.82253265
data/raw/Nematoda/220712154002_30600.jpg,Nematoda,stressed,1,test,0.36818624
data/raw/Nematoda/220826211851_2100.jpg,Nematoda,stressed,1,test,0.5894411
data/raw/Nematoda/220708152029_139500.jpg,Nematoda,stressed,1,test,0.4887598
data/raw/Nematoda/220711151704_317100.jpg,Nematoda,stressed,1,test,0.79204875
data/raw/Nematoda/220826211851_6600.jpg,Nematoda,stressed,1,test,0.67410326
data/raw/Nematoda/220712154002_44100.jpg,Nematoda,stressed,1,test,0.35515907
data/raw/Nematoda/220705133448_526800.jpg,Nematoda,stressed,1,test,0.16819003
data/raw/Nematoda/220827142139_7200_2.jpg,Nematoda,stressed,1,test,0.31481043
data/raw/Nematoda/220826211851_143700.jpg,Nematoda,stressed,1,test,0.57925797
data/raw/Nematoda/250717173415_1700.jpg,Nematoda,stressed,1,test,0.3446408
data/raw/Nematoda/220825160549_90900.jpg,Nematoda,stressed,1,test,0.44392058
data/raw/Nematoda/220823214033_7800_2.jpg,Nematoda,stressed,1,test,0.8437374
data/raw/Nematoda/220708152029_92100.jpg,Nematoda,stressed,1,test,0.31056646
data/raw/Nematoda/220827155746_18600.jpg,Nematoda,stressed,1,test,0.7513941
data/raw/Nematoda/220823134252_12600.jpg,Nematoda,stressed,1,test,0.28614116
data/raw/Nematoda/220825110853_22200.jpg,Nematoda,stressed,1,test,0.2917024
data/raw/Nematoda/220710155007_56400.jpg,Nematoda,stressed,1,test,0.5780295
data/raw/Nematoda/220823214033_73800.jpg,Nematoda,stressed,1,test,0.30704388
data/raw/Nematoda/220823214033_83100.jpg,Nematoda,stressed,1,test,0.30381024
data/raw/Nematoda/220826211851_158100.jpg,Nematoda,stressed,1,test,0.72720295
data/raw/Nematoda/221213180049_196.jpg,Nematoda,stressed,1,test,0.6630346
data/raw/Nematoda/220823165512_135600.jpg,Nematoda,stressed,1,test,0.7478349
data/raw/Nematoda/220706212903_302400.jpg,Nematoda,stressed,1,test,0.12121183
data/raw/Nematoda/220707221712_30300.jpg,Nematoda,stressed,1,test,0.46198076
data/raw/Nematoda/221213180049_2.jpg,Nematoda,stressed,1,test,0.49710843
data/raw/Nematoda/220825221032_92400.jpg,Nematoda,stressed,1,test,0.28540197
data/raw/Nematoda/220826130431_290700_2.jpg,Nematoda,stressed,1,test,0.87416035
data/raw/Nematoda/220704212204_129900.jpg,Nematoda,stressed,1,test,0.53640157
data/raw/Nematoda/220821212553_31800.jpg,Nematoda,stressed,1,test,0.25714117
data/raw/Nematoda/220823165512_155700.jpg,Nematoda,stressed,1,test,0.75826776
data/raw/Nematoda/220827111145_28500.jpg,Nematoda,stressed,1,test,0.3295289
data/raw/Nematoda/220712154002_30900.jpg,Nematoda,stressed,1,test,0.23116958
data/raw/Nematoda/220825221032_40500_2.jpg,Nematoda,stressed,1,test,0.8224704
data/raw/Nematoda/221203134303_110.jpg,Nematoda,stressed,1,test,0.8968473
data/raw/Nematoda/220706100742_2700.jpg,Nematoda,stressed,1,test,0.07743223
data/raw/Nematoda/220707221712_219300.jpg,Nematoda,stressed,1,test,0.32013977
data/raw/Nematoda/220824211549_135300.jpg,Nematoda,stressed,1,test,0.76940775
data/raw/Nematoda/220716104346_76800.jpg,Nematoda,stressed,1,test,0.4667785
data/raw/Nematoda/220826211851_129600.jpg,Nematoda,stressed,1,test,0.3805381
data/raw/Nematoda/221203134303_109.jpg,Nematoda,stressed,1,test,0.89858294
data/raw/Nematoda/220822184727_6300.jpg,Nematoda,stressed,1,test,0.320423
data/raw/Nematoda/220712211907_15900.jpg,Nematoda,stressed,1,test,0.75605154
data/raw/Nematoda/220821192338_43500.jpg,Nematoda,stressed,1,test,0.66856396
data/raw/Nematoda/220824211549_10200.jpg,Nematoda,stressed,1,test,0.8535056
data/raw/Nematoda/220824184740_24000.jpg,Nematoda,stressed,1,test,0.6956929
data/raw/Nematoda/220711151704_74700.jpg,Nematoda,stressed,1,test,0.6685333
data/raw/Nematoda/220821212553_35400.jpg,Nematoda,stressed,1,test,0.46640304
data/raw/Nematoda/220825221032_20100.jpg,Nematoda,stressed,1,test,0.61561483
data/raw/Nematoda/220823214033_91500.jpg,Nematoda,stressed,1,test,0.30460963
data/raw/Nematoda/220705205512_160800.jpg,Nematoda,stressed,1,test,0.24812135
data/raw/Nematoda/220821192338_119100.jpg,Nematoda,stressed,1,test,0.46799916
data/raw/Nematoda/220706161602_294000.jpg,Nematoda,stressed,1,test,0.37183666
data/raw/Nematoda/220824211549_117900.jpg,Nematoda,stressed,1,test,0.50842696
data/raw/Nematoda/220712211907_17100.jpg,Nematoda,stressed,1,test,0.11850255
data/raw/Nematoda/220823165512_158400_2.jpg,Nematoda,stressed,1,test,0.9067716
data/raw/Nematoda/220713151019_38400.jpg,Nematoda,stressed,1,test,0.7919122
data/raw/Nematoda/220823214033_23100.jpg,Nematoda,stressed,1,test,0.3394475
data/raw/Nematoda/220825135254_37500.jpg,Nematoda,stressed,1,test,0.35109186
data/raw/Nematoda/220824211549_130800_2.jpg,Nematoda,stressed,1,test,0.6161993
data/raw/Nematoda/220823165512_158700.jpg,Nematoda,stressed,1,test,0.67054564
data/raw/Nematoda/220710155007_109800.jpg,Nematoda,stressed,1,test,0.15796974
data/raw/Nematoda/220710155007_109200.jpg,Nematoda,stressed,1,test,0.31615674
data/raw/Nematoda/220824211549_9300.jpg,Nematoda,stressed,1,test,0.59921896
data/raw/Nematoda/220825221032_82200_2.jpg,Nematoda,stressed,1,test,0.30404517
data/raw/Nematoda/220711151704_327300.jpg,Nematoda,stressed,1,test,0.7747065
data/raw/Nematoda/221216103701_107.jpg,Nematoda,stressed,1,test,0.37598544
data/raw/Nematoda/220824211549_15600.jpg,Nematoda,stressed,1,test,0.3993075
data/raw/Nematoda/220823214033_7200.jpg,Nematoda,stressed,1,test,0.7582689
data/raw/Nematoda/220708152029_85800.jpg,Nematoda,stressed,1,test,0.7099277
data/raw/Nematoda/220823165512_150900.jpg,Nematoda,stressed,1,test,0.6886511
data/raw/Nematoda/220821192338_125100.jpg,Nematoda,stressed,1,test,0.5145685
data/raw/Nematoda/220823214033_88800.jpg,Nematoda,stressed,1,test,0.35063863
data/raw/Nematoda/220707221712_363900.jpg,Nematoda,stressed,1,test,0.21754451
data/raw/Nematoda/220827131622_15600.jpg,Nematoda,stressed,1,test,0.31296182
data/raw/Nematoda/220827111145_5400.jpg,Nematoda,stressed,1,test,0.37447894
data/raw/Nematoda/220826211851_138000.jpg,Nematoda,stressed,1,test,0.3559053
data/raw/Nematoda/220826211851_9900.jpg,Nematoda,stressed,1,test,0.63685346
data/raw/Nematoda/220827192508_52800.jpg,Nematoda,stressed,1,test,0.78992605
data/raw/Nematoda/220824101451_7200.jpg,Nematoda,stressed,1,test,0.31444326
data/raw/Nematoda/220824211549_130800.jpg,Nematoda,stressed,1,test,0.53311235
data/raw/Nematoda/220826211851_158700.jpg,Nematoda,stressed,1,test,0.5527816
data/raw/Nematoda/220702195412_63300.jpg,Nematoda,stressed,1,test,0.3193912
data/raw/Nematoda/220825110853_20700.jpg,Nematoda,stressed,1,test,0.25827125
data/raw/Nematoda/220825221032_62400.jpg,Nematoda,stressed,1,test,0.7454802
data/raw/Nematoda/220705205512_161100.jpg,Nematoda,stressed,1,test,0.2856245
data/raw/Nematoda/220704212204_51600.jpg,Nematoda,stressed,1,test,0.32126996
data/raw/Nematoda/220822212820_188700.jpg,Nematoda,stressed,1,test,0.36965922
data/raw/Nematoda/220825160549_92400.jpg,Nematoda,stressed,1,test,0.8339915
data/raw/Nematoda/220823214033_137100.jpg,Nematoda,stressed,1,test,0.28184488
data/raw/Nematoda/220822212820_184800.jpg,Nematoda,stressed,1,test,0.3106125
data/raw/Nematoda/220825110853_48900.jpg,Nematoda,stressed,1,test,0.3131682
data/raw/Nematoda/220825110853_16800_2.jpg,Nematoda,stressed,1,test,0.31693026
data/raw/Nematoda/220823134252_9600.jpg,Nematoda,stressed,1,test,0.32625246
data/raw/Nematoda/220826192159_57000.jpg,Nematoda,stressed,1,test,0.3047673
data/raw/Nematoda/220825160549_91500.jpg,Nematoda,stressed,1,test,0.6106259
data/raw/Nematoda/220715153913_108900.jpg,Nematoda,stressed,1,test,0.54243034
data/raw/Nematoda/220826105111_4200.jpg,Nematoda,stressed,1,test,0.8609833
data/raw/Nematoda/220710214438_270300.jpg,Nematoda,stressed,1,test,0.6481599
data/raw/Nematoda/220823165512_107400.jpg,Nematoda,stressed,1,test,0.84777576
data/raw/Nematoda/220706100742_119700.jpg,Nematoda,stressed,1,test,0.32645243
data/raw/Nematoda/220714151918_264600.jpg,Nematoda,stressed,1,test,0.7551836
data/raw/Nematoda/220824211549_132000.jpg,Nematoda,stressed,1,test,0.75177854
data/raw/Nematoda/220824140750_21300.jpg,Nematoda,stressed,1,test,0.8592833
data/raw/Nematoda/220824211549_109200.jpg,Nematoda,stressed,1,test,0.30843803
data/raw/Nematoda/220710155007_88500.jpg,Nematoda,stressed,1,test,0.3419566
data/raw/Nematoda/220826130431_285600.jpg,Nematoda,stressed,1,test,0.37043077
data/raw/Nematoda/220710214438_34200.jpg,Nematoda,stressed,1,test,0.64807945
data/raw/Nematoda/220707221712_124500.jpg,Nematoda,stressed,1,test,0.54167473
data/raw/Nematoda/220823214033_72600.jpg,Nematoda,stressed,1,test,0.6973737
data/raw/Nematoda/220826105111_27000.jpg,Nematoda,stressed,1,test,0.3224849
data/raw/Nematoda/220711132531_42300.jpg,Nematoda,stressed,1,test,0.5962316
data/raw/Nematoda/220825110853_900.jpg,Nematoda,stressed,1,test,0.31074336
data/raw/Nematoda/220827131622_3600.jpg,Nematoda,stressed,1,test,0.70974076
data/raw/Nematoda/220827155746_70800.jpg,Nematoda,stressed,1,test,0.6016598
data/raw/Nematoda/220820132438_295800.jpg,Nematoda,stressed,1,test,0.5362573
data/raw/Nematoda/220711151704_215700.jpg,Nematoda,stressed,1,test,0.58872443
data/raw/Nematoda/220827131622_10500.jpg,Nematoda,stressed,1,test,0.30234233
data/raw/Nematoda/220823214033_8400.jpg,Nematoda,stressed,1,test,0.3798571
data/raw/Nematoda/220825160549_86400.jpg,Nematoda,stressed,1,test,0.808278
data/raw/Nematoda/220826211851_111900.jpg,Nematoda,stressed,1,test,0.7852259
data/raw/Nematoda/220822184727_12600.jpg,Nematoda,stressed,1,test,0.5022867
data/raw/Nematoda/221219185410_108.jpg,Nematoda,stressed,1,test,0.85910046
data/raw/Nematoda/220825160549_129900.jpg,Nematoda,stressed,1,test,0.30495638
data/raw/Nematoda/220826105111_22500.jpg,Nematoda,stressed,1,test,0.30082405
data/raw/Nematoda/220827131622_14100.jpg,Nematoda,stressed,1,test,0.32246903
data/raw/Nematoda/220824101451_17400.jpg,Nematoda,stressed,1,test,0.31795734
data/raw/Nematoda/220823214033_101100.jpg,Nematoda,stressed,1,test,0.81779575
data/raw/Nematoda/220823214033_46500.jpg,Nematoda,stressed,1,test,0.28072733
data/raw/Nematoda/220827131622_7200.jpg,Nematoda,stressed,1,test,0.6388223
data/raw/Nematoda/220825221032_69900.jpg,Nematoda,stressed,1,test,0.6665707
data/raw/Nematoda/220715153913_157200.jpg,Nematoda,stressed,1,test,0.7125477
data/raw/Nematoda/220706100742_98400.jpg,Nematoda,stressed,1,test,0.07613039
data/raw/Nematoda/220706161602_475800.jpg,Nematoda,stressed,1,test,0.2226616
data/raw/Nematoda/220819132809_198000.jpg,Nematoda,stressed,1,test,0.78731096
data/raw/Nematoda/220712154002_64800.jpg,Nematoda,stressed,1,test,0.15857418
data/raw/Nematoda/220712211907_190200.jpg,Nematoda,stressed,1,test,0.32794365
data/raw/Nematoda/220824101451_60600.jpg,Nematoda,stressed,1,test,0.30324703
data/raw/Nematoda/220825160549_82200.jpg,Nematoda,stressed,1,test,0.301114
data/raw/Nematoda/220706161602_349800.jpg,Nematoda,stressed,1,test,0.2043543
data/raw/Nematoda/220826211851_162300.jpg,Nematoda,stressed,1,test,0.2953137
data/raw/Nematoda/220710214438_190500.jpg,Nematoda,stressed,1,test,0.65126073
data/raw/Nematoda/221217211622_362.jpg,Nematoda,stressed,1,test,0.30397812
data/raw/Nematoda/220823214033_136200.jpg,Nematoda,stressed,1,test,0.31193262
data/raw/Nematoda/220824101451_18600.jpg,Nematoda,stressed,1,test,0.3203568
data/raw/Nematoda/221218205314_282.jpg,Nematoda,stressed,1,test,0.5631081
data/raw/Nematoda/220826211851_900.jpg,Nematoda,stressed,1,test,0.49955085
data/raw/Nematoda/220827155746_77100.jpg,Nematoda,stressed,1,test,0.29742742
data/raw/Nematoda/220825221032_40500.jpg,Nematoda,stressed,1,test,0.61167055
data/raw/Nematoda/220827131622_11700.jpg,Nematoda,stressed,1,test,0.4523788
data/raw/Nematoda/220707103914_255000.jpg,Nematoda,stressed,1,test,0.36448455
data/raw/Nematoda/220826211851_159000.jpg,Nematoda,stressed,1,test,0.7141884
data/raw/Nematoda/220823165512_100500.jpg,Nematoda,stressed,1,test,0.30887428
data/raw/Nematoda/220708152029_180300.jpg,Nematoda,stressed,1,test,0.4083027
data/raw/Nematoda/220706161602_16500.jpg,Nematoda,stressed,1,test,0.7534024
data/raw/Nematoda/220823165512_111000.jpg,Nematoda,stressed,1,test,0.70753753
data/raw/Nematoda/220710155007_147900.jpg,Nematoda,stressed,1,test,0.6836424
data/raw/Nematoda/220822212820_162000.jpg,Nematoda,stressed,1,test,0.31501937
data/raw/Nematoda/220711151704_170400.jpg,Nematoda,stressed,1,test,0.31804657
data/raw/Nematoda/220714223843_21000.jpg,Nematoda,stressed,1,test,0.518758
data/raw/Nematoda/220707103914_10500.jpg,Nematoda,stressed,1,test,0.20169355
data/raw/Nematoda/220710155007_171000.jpg,Nematoda,stressed,1,test,0.66865605
data/raw/Nematoda/220825135254_0.jpg,Nematoda,stressed,1,test,0.28285247
data/raw/Nematoda/220815194957_9300.jpg,Nematoda,stressed,1,test,0.46199355
data/raw/Nematoda/220704164337_171000.jpg,Nematoda,stressed,1,test,0.58404213
data/raw/Nematoda/220714214255_67800.jpg,Nematoda,stressed,1,test,0.31674853
data/raw/Nematoda/220825221032_20400.jpg,Nematoda,stressed,1,test,0.6878779
data/raw/Nematoda/220826192159_8100.jpg,Nematoda,stressed,1,test,0.66543347
data/raw/Nematoda/221209200616_209.jpg,Nematoda,stressed,1,test,0.81487995
data/raw/Nematoda/220707103914_262200.jpg,Nematoda,stressed,1,test,0.16066976
data/raw/Nematoda/220824211549_135000.jpg,Nematoda,stressed,1,test,0.5054909
data/raw/Nematoda/220826211851_158400.jpg,Nematoda,stressed,1,test,0.6794875
data/raw/Nematoda/220825110853_16800.jpg,Nematoda,stressed,1,test,0.34291357
data/raw/Nematoda/220825221032_21300.jpg,Nematoda,stressed,1,test,0.95636886
data/raw/Nematoda/220823214033_9000_2.jpg,Nematoda,stressed,1,test,0.8163344
data/raw/Nematoda/220711210818_20400.jpg,Nematoda,stressed,1,test,0.6958059
data/raw/Nematoda/220706212903_55500.jpg,Nematoda,stressed,1,test,0.190888
data/raw/Nematoda/220824184740_24300.jpg,Nematoda,stressed,1,test,0.48239073
data/raw/Nematoda/220823165512_111300.jpg,Nematoda,stressed,1,test,0.57115453
data/raw/Nematoda/220827111145_5100.jpg,Nematoda,stressed,1,test,0.23745108
data/raw/Nematoda/220714223843_20700.jpg,Nematoda,stressed,1,test,0.5659391
data/raw/Nematoda/220708152029_99300.jpg,Nematoda,stressed,1,test,0.7224803
data/raw/Nematoda/220821192338_116400.jpg,Nematoda,stressed,1,test,0.45352694
data/raw/Nematoda/220822212820_7200.jpg,Nematoda,stressed,1,test,0.30005607
data/raw/Nematoda/220825221032_60300.jpg,Nematoda,stressed,1,test,0.55598706
data/raw/Nematoda/220823165512_111900.jpg,Nematoda,stressed,1,test,0.30788523
data/raw/Nematoda/220825110853_15600.jpg,Nematoda,stressed,1,test,0.23420404
data/raw/Nematoda/220826211851_19200.jpg,Nematoda,stressed,1,test,0.7222353
data/raw/Nematoda/220710155007_170700.jpg,Nematoda,stressed,1,test,0.7303772
data/raw/Nematoda/220713151019_233100.jpg,Nematoda,stressed,1,test,0.49680525
data/raw/Nematoda/220827131622_4800.jpg,Nematoda,stressed,1,test,0.32647508
data/raw/Nematoda/220713091344_10200.jpg,Nematoda,stressed,1,test,0.17635405
data/raw/Nematoda/220819192357_253200.jpg,Nematoda,stressed,1,test,0.77935594
data/raw/Nematoda/220822212820_12300.jpg,Nematoda,stressed,1,test,0.31223172
data/raw/Nematoda/220826192159_56700.jpg,Nematoda,stressed,1,test,0.5937528
data/raw/Nematoda/220815204959_41400.jpg,Nematoda,stressed,1,test,0.31577605
data/raw/Nematoda/220824101451_79500.jpg,Nematoda,stressed,1,test,0.31830096
data/raw/Nematoda/220827111145_24600_2.jpg,Nematoda,stressed,1,test,0.9382788
data/raw/Nematoda/220711151704_71100.jpg,Nematoda,stressed,1,test,0.53145844
data/raw/Nematoda/220711151704_138600.jpg,Nematoda,stressed,1,test,0.6456773
data/raw/Nematoda/220823214033_6000.jpg,Nematoda,stressed,1,test,0.5867229
data/raw/Nematoda/220825221032_63900_2.jpg,Nematoda,stressed,1,test,0.75082606
data/raw/Nematoda/220815144140_81900.jpg,Nematoda,stressed,1,test,0.5829155
data/raw/Nematoda/250717173415_4600.jpg,Nematoda,stressed,1,test,0.10381576
data/raw/Nematoda/221215171437_645.jpg,Nematoda,stressed,1,test,0.5160061
data/raw/Nematoda/220825221032_70200_2.jpg,Nematoda,stressed,1,test,0.45414922
data/raw/Nematoda/220825221032_69900_3.jpg,Nematoda,stressed,1,test,0.8803452
data/raw/Nematoda/220827111145_5400_2.jpg,Nematoda,stressed,1,test,0.27857825
data/raw/Nematoda/220825221032_39600.jpg,Nematoda,stressed,1,test,0.7145116
data/raw/Nematoda/220815230100_9900.jpg,Nematoda,stressed,1,test,0.36818817
data/raw/Nematoda/220826192159_55800_2.jpg,Nematoda,stressed,1,test,0.72846574
data/raw/Nematoda/220821152638_142800.jpg,Nematoda,stressed,1,test,0.687361
data/raw/Nematoda/220706161602_87600.jpg,Nematoda,stressed,1,test,0.8414483
data/raw/Nematoda/220822212820_203400.jpg,Nematoda,stressed,1,test,0.3277244
data/raw/Nematoda/220826211851_7500.jpg,Nematoda,stressed,1,test,0.6757052
data/raw/Nematoda/220629133851_221400.jpg,Nematoda,stressed,1,test,0.09403947
data/raw/Nematoda/220707145542_102900.jpg,Nematoda,stressed,1,test,0.6843824
data/raw/Nematoda/220826211851_116700.jpg,Nematoda,stressed,1,test,0.72432303
data/raw/Nematoda/220714151918_48000.jpg,Nematoda,stressed,1,test,0.35691822
data/raw/Nematoda/220824154018_46500.jpg,Nematoda,stressed,1,test,0.38577402
data/raw/Nematoda/220826130431_306900.jpg,Nematoda,stressed,1,test,0.33730447
data/raw/Nematoda/220824154018_5400.jpg,Nematoda,stressed,1,test,0.30230308
data/raw/Nematoda/220826130431_302700.jpg,Nematoda,stressed,1,test,0.30623838
data/raw/Nematoda/220827192508_16500.jpg,Nematoda,stressed,1,test,0.3289099
data/raw/Nematoda/220827131622_13800.jpg,Nematoda,stressed,1,test,0.34455845
data/raw/Nematoda/220706161602_350100.jpg,Nematoda,stressed,1,test,0.12308368
data/raw/Nematoda/220824211549_11400.jpg,Nematoda,stressed,1,test,0.40260765
data/raw/Nematoda/220823165512_147000.jpg,Nematoda,stressed,1,test,0.6497035
data/raw/Nematoda/220715153913_339300.jpg,Nematoda,stressed,1,test,0.37869856
data/raw/Nematoda/220821192338_92400_3.jpg,Nematoda,stressed,1,test,0.491488
data/raw/Nematoda/220824211549_120900.jpg,Nematoda,stressed,1,test,0.3392049
data/raw/Nematoda/220710155007_151800.jpg,Nematoda,stressed,1,test,0.2043479
data/raw/Nematoda/220816110204_24900.jpg,Nematoda,stressed,1,test,0.77743006
data/raw/Nematoda/220823214033_4800.jpg,Nematoda,stressed,1,test,0.35321724
data/raw/Nematoda/220822212820_81000.jpg,Nematoda,stressed,1,test,0.26602614
data/raw/Nematoda/220824211549_119700.jpg,Nematoda,stressed,1,test,0.31653282
data/raw/Nematoda/220823165512_85200.jpg,Nematoda,stressed,1,test,0.34315145
data/raw/Nematoda/220826130431_280800.jpg,Nematoda,stressed,1,test,0.3030986
data/raw/Nematoda/220826211851_2400.jpg,Nematoda,stressed,1,test,0.43706328
data/raw/Nematoda/220826211851_144600.jpg,Nematoda,stressed,1,test,0.3097395
data/raw/Nematoda/221218105116_2.jpg,Nematoda,stressed,1,test,0.49148363
data/raw/Nematoda/220714214255_68100.jpg,Nematoda,stressed,1,test,0.4327752
data/raw/Nematoda/220821192338_54300.jpg,Nematoda,stressed,1,test,0.29127154
data/raw/Nematoda/220705205512_99000.jpg,Nematoda,stressed,1,test,0.54726964
data/raw/Nematoda/220827192508_18000.jpg,Nematoda,stressed,1,test,0.43630272
data/raw/Nematoda/220825160549_4500.jpg,Nematoda,stressed,1,test,0.30684388
data/raw/Nematoda/220822140537_102000.jpg,Nematoda,stressed,1,test,0.5166419
data/raw/Nematoda/220712104445_5100.jpg,Nematoda,stressed,1,test,0.46921033
data/raw/Nematoda/220825221032_85200.jpg,Nematoda,stressed,1,test,0.3479827
data/raw/Nematoda/220826211851_139500.jpg,Nematoda,stressed,1,test,0.8189856
data/raw/Nematoda/220712154002_64500.jpg,Nematoda,stressed,1,test,0.2145503
data/raw/Nematoda/220825110853_2100.jpg,Nematoda,stressed,1,test,0.3292312
data/raw/Nematoda/220715153913_157500.jpg,Nematoda,stressed,1,test,0.56940335
data/raw/Nematoda/220710214438_239700.jpg,Nematoda,stressed,1,test,0.3698185
data/raw/Nematoda/220713151019_355800.jpg,Nematoda,stressed,1,test,0.17530861
data/raw/Nematoda/220704212204_51300.jpg,Nematoda,stressed,1,test,0.5401212
data/raw/Nematoda/220823165512_123300.jpg,Nematoda,stressed,1,test,0.6146561
data/raw/Nematoda/220826130431_297300.jpg,Nematoda,stressed,1,test,0.31349328
data/raw/Nematoda/220825160549_2100.jpg,Nematoda,stressed,1,test,0.29018822
data/raw/Nematoda/220823214033_29700.jpg,Nematoda,stressed,1,test,0.5006246
data/raw/Nematoda/220715153913_339000.jpg,Nematoda,stressed,1,test,0.4377258
data/raw/Nematoda/220823214033_14100.jpg,Nematoda,stressed,1,test,0.8423314
data/raw/Nematoda/220708152029_92400.jpg,Nematoda,stressed,1,test,0.2467159
data/raw/Nematoda/220824184740_26700.jpg,Nematoda,stressed,1,test,0.7805858
data/raw/Nematoda/220822160429_44400.jpg,Nematoda,stressed,1,test,0.29341316
data/raw/Nematoda/221203134303_112.jpg,Nematoda,stressed,1,test,0.6396559
data/raw/Nematoda/220826192159_67500_2.jpg,Nematoda,stressed,1,test,0.2980442
data/raw/Nematoda/220826192159_55500.jpg,Nematoda,stressed,1,test,0.3256642
data/raw/Nematoda/221128131012_88.jpg,Nematoda,stressed,1,test,0.23496275
data/raw/Nematoda/220715153913_158700.jpg,Nematoda,stressed,1,test,0.64783645
data/raw/Nematoda/220824101451_300.jpg,Nematoda,stressed,1,test,0.38640174
data/raw/Nematoda/220822212820_94500.jpg,Nematoda,stressed,1,test,0.28977466
data/raw/Nematoda/220826192159_56100_4.jpg,Nematoda,stressed,1,test,0.305208
data/raw/Nematoda/220825221032_61800.jpg,Nematoda,stressed,1,test,0.76629406
data/raw/Nematoda/220822160429_102900.jpg,Nematoda,stressed,1,test,0.34443077
data/raw/Nematoda/220706212903_40500.jpg,Nematoda,stressed,1,test,0.12520106
data/raw/Nematoda/220826192159_56100.jpg,Nematoda,stressed,1,test,0.34149122
data/raw/Nematoda/220712211907_11700.jpg,Nematoda,stressed,1,test,0.17654018
data/raw/Nematoda/220824101451_5100_2.jpg,Nematoda,stressed,1,test,0.426074
data/raw/Nematoda/221218205314_281.jpg,Nematoda,stressed,1,test,0.5650329
data/raw/Nematoda/220822212820_0.jpg,Nematoda,stressed,1,test,0.31632242
data/raw/Nematoda/220826130431_294000.jpg,Nematoda,stressed,1,test,0.2993455
data/raw/Nematoda/220822160429_123000.jpg,Nematoda,stressed,1,test,0.26995972
data/raw/Nematoda/220823110824_39300.jpg,Nematoda,stressed,1,test,0.7058394
data/raw/Nematoda/220711151704_325500.jpg,Nematoda,stressed,1,test,0.31270537
data/raw/Nematoda/220825221032_83100.jpg,Nematoda,stressed,1,test,0.31332898
data/raw/Nematoda/220823214033_108900.jpg,Nematoda,stressed,1,test,0.29674548
data/raw/Nematoda/220824211549_3600.jpg,Nematoda,stressed,1,test,0.38554266
data/raw/Nematoda/220823214033_5400.jpg,Nematoda,stressed,1,test,0.31645185
data/raw/Nematoda/220824101451_5100.jpg,Nematoda,stressed,1,test,0.3379238
data/raw/Nematoda/220825135254_34800_2.jpg,Nematoda,stressed,1,test,0.6445971
data/raw/Nematoda/250815111212_2800.jpg,Nematoda,stressed,1,test,0.4154222
data/raw/Nematoda/220826130431_280500.jpg,Nematoda,stressed,1,test,0.29934886
data/raw/Nematoda/220825160549_83100.jpg,Nematoda,stressed,1,test,0.36159393
data/raw/Nematoda/220819132809_154200.jpg,Nematoda,stressed,1,test,0.30284658
data/raw/Nematoda/220825221032_63000.jpg,Nematoda,stressed,1,test,0.7142203
data/raw/Nematoda/220819132809_247500.jpg,Nematoda,stressed,1,test,0.52834636
data/raw/Nematoda/221209200616_162.jpg,Nematoda,stressed,1,test,0.38403064
data/raw/Nematoda/220824211549_8100.jpg,Nematoda,stressed,1,test,0.30514142
data/raw/Nematoda/220826130431_1800.jpg,Nematoda,stressed,1,test,0.33828342
data/raw/Nematoda/220823165512_151800.jpg,Nematoda,stressed,1,test,0.3019154
data/raw/Nematoda/220707145542_75300.jpg,Nematoda,stressed,1,test,0.6330658
data/raw/Nematoda/220827142139_6900.jpg,Nematoda,stressed,1,test,0.8557105
data/raw/Nematoda/220825221032_84600.jpg,Nematoda,stressed,1,test,0.72252
data/raw/Nematoda/220823214033_115200.jpg,Nematoda,stressed,1,test,0.31044975
data/raw/Nematoda/220711151704_95400.jpg,Nematoda,stressed,1,test,0.6344966
data/raw/Nematoda/220705205512_100500.jpg,Nematoda,stressed,1,test,0.30838236
data/raw/Nematoda/220826211851_159600.jpg,Nematoda,stressed,1,test,0.6295841
data/raw/Nematoda/220707145542_178200.jpg,Nematoda,stressed,1,test,0.67977905
data/raw/Nematoda/221203134303_111.jpg,Nematoda,stressed,1,test,0.7611855
data/raw/Nematoda/220825110853_2700.jpg,Nematoda,stressed,1,test,0.5412679
data/raw/Nematoda/220827131622_14700.jpg,Nematoda,stressed,1,test,0.31095007
data/raw/Nematoda/220825110853_13200.jpg,Nematoda,stressed,1,test,0.24766572
data/raw/Nematoda/220704212204_135000.jpg,Nematoda,stressed,1,test,0.2977595
data/raw/Nematoda/220711151704_75300.jpg,Nematoda,stressed,1,test,0.517306
data/raw/Nematoda/220827131622_11400_2.jpg,Nematoda,stressed,1,test,0.7154685
data/raw/Nematoda/220827192508_56700.jpg,Nematoda,stressed,1,test,0.3434839
data/raw/Nematoda/221219185410_68.jpg,Nematoda,stressed,1,test,0.7199897
data/raw/Nematoda/220822184727_2700.jpg,Nematoda,stressed,1,test,0.48445326
data/raw/Nematoda/220827142139_7200.jpg,Nematoda,stressed,1,test,0.311626
data/raw/Nematoda/221206133839_125.jpg,Nematoda,stressed,1,test,0.9170472
data/raw/Nematoda/220716104346_76500.jpg,Nematoda,stressed,1,test,0.47171077
data/raw/Nematoda/220824211549_11400_2.jpg,Nematoda,stressed,1,test,0.7122561
data/raw/Nematoda/221213180049_195.jpg,Nematoda,stressed,1,test,0.7261099
data/raw/Nematoda/220824211549_130500.jpg,Nematoda,stressed,1,test,0.7168947
data/raw/Nematoda/220712211907_55800.jpg,Nematoda,stressed,1,test,0.18440716
data/raw/Nematoda/220826130431_310500_2.jpg,Nematoda,stressed,1,test,0.312954
data/raw/Nematoda/220707145542_246300.jpg,Nematoda,stressed,1,test,0.39879128
data/raw/Nematoda/220712211907_74700.jpg,Nematoda,stressed,1,test,0.29669625
data/raw/Nematoda/221215171437_301.jpg,Nematoda,stressed,1,test,0.4200709
data/raw/Nematoda/220825221032_21600.jpg,Nematoda,stressed,1,test,0.6679725
data/raw/Nematoda/220706120715_168000.jpg,Nematoda,stressed,1,test,0.51410264
data/raw/Nematoda/220824211549_135900.jpg,Nematoda,stressed,1,test,0.8032538
data/raw/Nematoda/220710214438_270600.jpg,Nematoda,stressed,1,test,0.61690426
data/raw/Nematoda/220707221712_30600.jpg,Nematoda,stressed,1,test,0.46036428
data/raw/Nematoda/220825160549_84900.jpg,Nematoda,stressed,1,test,0.35743487
data/raw/Nematoda/221209200616_80.jpg,Nematoda,stressed,1,test,0.7758807
data/raw/Nematoda/220826130431_291600.jpg,Nematoda,stressed,1,test,0.30846742
data/raw/Nematoda/220824211549_134700.jpg,Nematoda,stressed,1,test,0.60313505
data/raw/Nematoda/220827131622_21000_2.jpg,Nematoda,stressed,1,test,0.54716355
data/raw/Nematoda/220826192159_56100_3.jpg,Nematoda,stressed,1,test,0.58283657
data/raw/Nematoda/220705111212_174300.jpg,Nematoda,stressed,1,test,0.5854869
data/raw/Nematoda/220826105111_18300.jpg,Nematoda,stressed,1,test,0.83641255
data/raw/Nematoda/220823214033_83400.jpg,Nematoda,stressed,1,test,0.33307707
data/raw/Nematoda/220825160549_174000.jpg,Nematoda,stressed,1,test,0.7828732
data/raw/Nematoda/220823165512_97800.jpg,Nematoda,stressed,1,test,0.41061348
data/raw/Nematoda/220824140750_20700.jpg,Nematoda,stressed,1,test,0.33420417
data/raw/Nematoda/220822212820_184500_2.jpg,Nematoda,stressed,1,test,0.5161118
data/raw/Nematoda/220707145542_74700.jpg,Nematoda,stressed,1,test,0.20688638
data/raw/Nematoda/220704212204_51600_2.jpg,Nematoda,stressed,1,test,0.5160308
data/raw/Nematoda/220629133851_27600.jpg,Nematoda,stressed,1,test,0.18141998
data/raw/Nematoda/220822184727_12300.jpg,Nematoda,stressed,1,test,0.6647552
data/raw/Nematoda/220824211549_4800.jpg,Nematoda,stressed,1,test,0.7244322
data/raw/Nematoda/220827111145_48300.jpg,Nematoda,stressed,1,test,0.46973646
data/raw/Nematoda/220825160549_3300.jpg,Nematoda,stressed,1,test,0.26998422
data/raw/Nematoda/220823214033_67200.jpg,Nematoda,stressed,1,test,0.35840142
data/raw/Nematoda/220823165512_93900.jpg,Nematoda,stressed,1,test,0.3729807
data/raw/Nematoda/220823214033_100500.jpg,Nematoda,stressed,1,test,0.55757195
data/raw/Nematoda/220707103914_123300.jpg,Nematoda,stressed,1,test,0.9013673
data/raw/Nematoda/220823214033_106500.jpg,Nematoda,stressed,1,test,0.46255738
