path,taxon,group,label,split,anomaly_score
data/raw/Hypotrichida/221218180442_313.jpg,Hypotrichida,healthy,0,test,0.5083905
data/raw/Hypotrichida/221212132320_140.jpg,Hypotrichida,healthy,0,test,0.4816019
data/raw/Hypotrichida/221215125712_370.jpg,Hypotrichida,healthy,0,test,0.5246491
data/raw/Hypotrichida/221214130524_381.jpg,Hypotrichida,healthy,0,test,0.4973652
data/raw/Hypotrichida/221217131528_473.jpg,Hypotrichida,healthy,0,test,0.47415993
data/raw/Hypotrichida/221215125712_327.jpg,Hypotrichida,healthy,0,test,0.4665588
data/raw/Hypotrichida/221218101122_246.jpg,Hypotrichida,healthy,0,test,0.4873623
data/raw/Hypotrichida/221219123632_134.jpg,Hypotrichida,healthy,0,test,0.47643992
data/raw/Hypotrichida/221218180442_99.jpg,Hypotrichida,healthy,0,test,0.48733258
data/raw/Hypotrichida/221218171920_53.jpg,Hypotrichida,healthy,0,test,0.49448705
data/raw/Hypotrichida/221217131528_488.jpg,Hypotrichida,healthy,0,test,0.5002157
data/raw/Hypotrichida/221217131528_236.jpg,Hypotrichida,healthy,0,test,0.4698108
data/raw/Hypotrichida/221218171920_81_2.jpg,Hypotrichida,healthy,0,test,0.45491162
data/raw/Hypotrichida/221218180442_101.jpg,Hypotrichida,healthy,0,test,0.46825308
data/raw/Hypotrichida/221218180442_382.jpg,Hypotrichida,healthy,0,test,0.49347785
data/raw/Hypotrichida/221214130524_127.jpg,Hypotrichida,healthy,0,test,0.50273776
data/raw/Hypotrichida/221218171920_78.jpg,Hypotrichida,healthy,0,test,0.50229156
data/raw/Hypotrichida/221218180442_339.jpg,Hypotrichida,healthy,0,test,0.47052175
data/raw/Hypotrichida/221216134643_128.jpg,Hypotrichida,healthy,0,test,0.529953
data/raw/Hypotrichida/221218171920_55.jpg,Hypotrichida,healthy,0,test,0.5152795
data/raw/Hypotrichida/221215125712_808.jpg,Hypotrichida,healthy,0,test,0.52730286
data/raw/Hypotrichida/221215125712_749.jpg,Hypotrichida,healthy,0,test,0.5277573
data/raw/Hypotrichida/221217131528_130.jpg,Hypotrichida,healthy,0,test,0.48521596
data/raw/Hypotrichida/221218171920_158.jpg,Hypotrichida,healthy,0,test,0.5479925
data/raw/Hypotrichida/221215125712_809.jpg,Hypotrichida,healthy,0,test,0.4961548
data/raw/Hypotrichida/221218171920_147.jpg,Hypotrichida,healthy,0,test,0.46434778
data/raw/Hypotrichida/221215125712_194.jpg,Hypotrichida,healthy,0,test,0.44552568
data/raw/Hypotrichida/221217131528_414.jpg,Hypotrichida,healthy,0,test,0.52261835
data/raw/Hypotrichida/221218171920_159.jpg,Hypotrichida,healthy,0,test,0.48418042
data/raw/Hypotrichida/221217131528_419.jpg,Hypotrichida,healthy,0,test,0.46975943
data/raw/Hypotrichida/221218171920_130.jpg,Hypotrichida,healthy,0,test,0.5043189
data/raw/Hypotrichida/221214130524_57.jpg,Hypotrichida,healthy,0,test,0.48006415
data/raw/Hypotrichida/221219123632_43.jpg,Hypotrichida,healthy,0,test,0.45836842
data/raw/Hypotrichida/221217131528_91_2.jpg,Hypotrichida,healthy,0,test,0.5042262
data/raw/Hypotrichida/221214104141_229.jpg,Hypotrichida,healthy,0,test,0.4785886
data/raw/Hypotrichida/221217131528_312.jpg,Hypotrichida,healthy,0,test,0.51028484
data/raw/Hypotrichida/221216134643_73.jpg,Hypotrichida,healthy,0,test,0.48062503
data/raw/Hypotrichida/221215125712_619.jpg,Hypotrichida,healthy,0,test,0.4735972
data/raw/Hypotrichida/221215125712_749_2.jpg,Hypotrichida,healthy,0,test,0.485692
data/raw/Hypotrichida/221218171920_44.jpg,Hypotrichida,healthy,0,test,0.46217737
data/raw/Hypotrichida/221218180442_100.jpg,Hypotrichida,healthy,0,test,0.5175076
data/raw/Hypotrichida/221213130833_109.jpg,Hypotrichida,healthy,0,test,0.50829446
data/raw/Hypotrichida/221213130833_218.jpg,Hypotrichida,healthy,0,test,0.46432427
data/raw/Hypotrichida/221217131528_115.jpg,Hypotrichida,healthy,0,test,0.5544469
data/raw/Hypotrichida/221218171920_75.jpg,Hypotrichida,healthy,0,test,0.44361958
data/raw/Hypotrichida/221215125712_596.jpg,Hypotrichida,healthy,0,test,0.46167606
data/raw/Hypotrichida/221217131528_311.jpg,Hypotrichida,healthy,0,test,0.4982498
data/raw/Hypotrichida/221217211622_550.jpg,Hypotrichida,healthy,0,test,0.4698098
data/raw/Hypotrichida/221216134643_365_2.jpg,Hypotrichida,healthy,0,test,0.49265933
data/raw/Hypotrichida/221219123632_302.jpg,Hypotrichida,healthy,0,test,0.4559692
data/raw/Hypotrichida/221214130524_285.jpg,Hypotrichida,healthy,0,test,0.4797534
data/raw/Hypotrichida/221219123632_155.jpg,Hypotrichida,healthy,0,test,0.48669407
data/raw/Hypotrichida/221216134643_364_2.jpg,Hypotrichida,healthy,0,test,0.5148482
data/raw/Hypotrichida/221218180442_16.jpg,Hypotrichida,healthy,0,test,0.49346226
data/raw/Hypotrichida/221213130833_108_2.jpg,Hypotrichida,healthy,0,test,0.5303771
data/raw/Hypotrichida/221216134643_365.jpg,Hypotrichida,healthy,0,test,0.48340437
data/raw/Hypotrichida/221219123632_140.jpg,Hypotrichida,healthy,0,test,0.46415004
data/raw/Hypotrichida/221219123632_197.jpg,Hypotrichida,healthy,0,test,0.4426417
data/raw/Hypotrichida/221217131528_121.jpg,Hypotrichida,healthy,0,test,0.5285998
data/raw/Hypotrichida/221212132320_192.jpg,Hypotrichida,healthy,0,test,0.4892985
data/raw/Hypotrichida/221215125712_251.jpg,Hypotrichida,healthy,0,test,0.56033385
data/raw/Hypotrichida/221219123632_25_2.jpg,Hypotrichida,healthy,0,test,0.5321636
data/raw/Hypotrichida/221219123632_4.jpg,Hypotrichida,healthy,0,test,0.44667006
data/raw/Hypotrichida/221218205314_154.jpg,Hypotrichida,healthy,0,test,0.4825569
data/raw/Hypotrichida/221219123632_198.jpg,Hypotrichida,healthy,0,test,0.47993577
data/raw/Hypotrichida/221219123632_216.jpg,Hypotrichida,healthy,0,test,0.47101605
data/raw/Hypotrichida/221218180442_50.jpg,Hypotrichida,healthy,0,test,0.4833422
data/raw/Hypotrichida/221218171920_76.jpg,Hypotrichida,healthy,0,test,0.46900335
data/raw/Hypotrichida/221217131528_69.jpg,Hypotrichida,healthy,0,test,0.49340308
data/raw/Hypotrichida/221217131528_336.jpg,Hypotrichida,healthy,0,test,0.5051209
data/raw/Hypotrichida/221218171920_119.jpg,Hypotrichida,healthy,0,test,0.48070887
data/raw/Hypotrichida/221215125712_190.jpg,Hypotrichida,healthy,0,test,0.4855258
data/raw/Hypotrichida/221219123632_59.jpg,Hypotrichida,healthy,0,test,0.47541746
data/raw/Hypotrichida/221218171920_39.jpg,Hypotrichida,healthy,0,test,0.45203888
data/raw/Hypotrichida/221219162533_24.jpg,Hypotrichida,healthy,0,test,0.45082152
data/raw/Hypotrichida/221215125712_671.jpg,Hypotrichida,healthy,0,test,0.5136691
data/raw/Hypotrichida/221216134643_280.jpg,Hypotrichida,healthy,0,test,0.45704767
data/raw/Hypotrichida/221217131528_82.jpg,Hypotrichida,healthy,0,test,0.5280362
data/raw/Hypotrichida/221215125712_755.jpg,Hypotrichida,healthy,0,test,0.5160103
data/raw/Hypotrichida/221217131528_4.jpg,Hypotrichida,healthy,0,test,0.51012564
data/raw/Hypotrichida/221215125712_521.jpg,Hypotrichida,healthy,0,test,0.49089232
data/raw/Hypotrichida/221215125712_316.jpg,Hypotrichida,healthy,0,test,0.5563471
data/raw/Hypotrichida/221216134643_505.jpg,Hypotrichida,healthy,0,test,0.53764355
data/raw/Hypotrichida/221217131528_332_2.jpg,Hypotrichida,healthy,0,test,0.48021325
data/raw/Hypotrichida/221219123632_301.jpg,Hypotrichida,healthy,0,test,0.46920273
data/raw/Hypotrichida/221216134643_62.jpg,Hypotrichida,healthy,0,test,0.49483734
data/raw/Hypotrichida/221215125712_273.jpg,Hypotrichida,healthy,0,test,0.50429195
data/raw/Hypotrichida/221217131528_125.jpg,Hypotrichida,healthy,0,test,0.5488064
data/raw/Hypotrichida/221219123632_135.jpg,Hypotrichida,healthy,0,test,0.49484998
data/raw/Hypotrichida/221216103701_86.jpg,Hypotrichida,healthy,0,test,0.484208
data/raw/Hypotrichida/221215125712_665.jpg,Hypotrichida,healthy,0,test,0.5497325
data/raw/Hypotrichida/221219123632_18.jpg,Hypotrichida,healthy,0,test,0.46516165
data/raw/Hypotrichida/221217131528_489.jpg,Hypotrichida,healthy,0,test,0.50329757
data/raw/Hypotrichida/221219123632_26_2.jpg,Hypotrichida,healthy,0,test,0.4573414
data/raw/Hypotrichida/221217131528_335.jpg,Hypotrichida,healthy,0,test,0.52668685
data/raw/Hypotrichida/221218180442_293.jpg,Hypotrichida,healthy,0,test,0.50690776
data/raw/Hypotrichida/221218101122_148.jpg,Hypotrichida,healthy,0,test,0.5110788
data/raw/Hypotrichida/221219123632_195.jpg,Hypotrichida,healthy,0,test,0.48297644
data/raw/Hypotrichida/221219123632_168.jpg,Hypotrichida,healthy,0,test,0.47802585
data/raw/Hypotrichida/221215125712_65.jpg,Hypotrichida,healthy,0,test,0.4798287
data/raw/Hypotrichida/221216134643_364.jpg,Hypotrichida,healthy,0,test,0.4823985
data/raw/Hypotrichida/221214130524_71.jpg,Hypotrichida,healthy,0,test,0.4792742
data/raw/Hypotrichida/221219123632_97.jpg,Hypotrichida,healthy,0,test,0.47232524
data/raw/Hypotrichida/221215125712_426.jpg,Hypotrichida,healthy,0,test,0.47942555
data/raw/Hypotrichida/221214130524_90.jpg,Hypotrichida,healthy,0,test,0.47057483
data/raw/Hypotrichida/221217131528_338.jpg,Hypotrichida,healthy,0,test,0.50141394
data/raw/Hypotrichida/221214130524_79.jpg,Hypotrichida,healthy,0,test,0.5160097
data/raw/Hypotrichida/221218180442_311.jpg,Hypotrichida,healthy,0,test,0.45747444
data/raw/Hypotrichida/221219123632_275.jpg,Hypotrichida,healthy,0,test,0.58281887
data/raw/Hypotrichida/221215125712_798.jpg,Hypotrichida,healthy,0,test,0.47816634
data/raw/Hypotrichida/221216134643_314.jpg,Hypotrichida,healthy,0,test,0.47469765
data/raw/Hypotrichida/221217131528_128_2.jpg,Hypotrichida,healthy,0,test,0.48324946
data/raw/Hypotrichida/221213130833_38_2.jpg,Hypotrichida,healthy,0,test,0.55777955
data/raw/Hypotrichida/221215125712_746.jpg,Hypotrichida,healthy,0,test,0.49725926
data/raw/Hypotrichida/221215125712_105.jpg,Hypotrichida,healthy,0,test,0.47538325
data/raw/Hypotrichida/221218171920_2.jpg,Hypotrichida,healthy,0,test,0.49256992
data/raw/Hypotrichida/221212132320_579.jpg,Hypotrichida,healthy,0,test,0.51871973
data/raw/Hypotrichida/221215125712_71.jpg,Hypotrichida,healthy,0,test,0.46165204
data/raw/Hypotrichida/221217131528_415.jpg,Hypotrichida,healthy,0,test,0.4826852
data/raw/Hypotrichida/221216134643_14.jpg,Hypotrichida,healthy,0,test,0.50956154
data/raw/Hypotrichida/221214130524_698.jpg,Hypotrichida,healthy,0,test,0.46873295
data/raw/Hypotrichida/221217131528_128.jpg,Hypotrichida,healthy,0,test,0.4948554
data/raw/Hypotrichida/221218180442_98.jpg,Hypotrichida,healthy,0,test,0.49870968
data/raw/Hypotrichida/221219123632_276.jpg,Hypotrichida,healthy,0,test,0.56759214
data/raw/Hypotrichida/221211132350_103.jpg,Hypotrichida,healthy,0,test,0.5044645
data/raw/Hypotrichida/221214130524_33.jpg,Hypotrichida,healthy,0,test,0.47853866
data/raw/Hypotrichida/221216134643_273_2.jpg,Hypotrichida,healthy,0,test,0.4991517
data/raw/Hypotrichida/221215125712_188.jpg,Hypotrichida,healthy,0,test,0.49551165
data/raw/Hypotrichida/221217131528_420.jpg,Hypotrichida,healthy,0,test,0.45883358
data/raw/Hypotrichida/221217131528_395.jpg,Hypotrichida,healthy,0,test,0.4623887
data/raw/Hypotrichida/221219123632_297.jpg,Hypotrichida,healthy,0,test,0.45795706
data/raw/Hypotrichida/221219123632_25_3.jpg,Hypotrichida,healthy,0,test,0.5086453
data/raw/Hypotrichida/221219123632_346_2.jpg,Hypotrichida,healthy,0,test,0.47397763
data/raw/Hypotrichida/221217131528_363.jpg,Hypotrichida,healthy,0,test,0.53324294
data/raw/Hypotrichida/221216134643_85.jpg,Hypotrichida,healthy,0,test,0.49243012
data/raw/Hypotrichida/221219123632_61.jpg,Hypotrichida,healthy,0,test,0.47266635
data/raw/Hypotrichida/221217131528_446.jpg,Hypotrichida,healthy,0,test,0.5141189
data/raw/Hypotrichida/221214130524_605.jpg,Hypotrichida,healthy,0,test,0.48560253
data/raw/Hypotrichida/221217131528_331_2.jpg,Hypotrichida,healthy,0,test,0.48263237
data/raw/Hypotrichida/221213130833_113.jpg,Hypotrichida,healthy,0,test,0.49936673
data/raw/Hypotrichida/221218180442_5.jpg,Hypotrichida,healthy,0,test,0.48231387
data/raw/Hypotrichida/221219123632_298.jpg,Hypotrichida,healthy,0,test,0.47839504
data/raw/Hypotrichida/221215125712_838.jpg,Hypotrichida,healthy,0,test,0.50168705
data/raw/Hypotrichida/221217131528_361_2.jpg,Hypotrichida,healthy,0,test,0.49413326
data/raw/Hypotrichida/221219123632_118.jpg,Hypotrichida,healthy,0,test,0.4743511
data/raw/Hypotrichida/221219123632_348_2.jpg,Hypotrichida,healthy,0,test,0.48183045
data/raw/Hypotrichida/221217131528_397.jpg,Hypotrichida,healthy,0,test,0.5050391
data/raw/Hypotrichida/221216134643_468.jpg,Hypotrichida,healthy,0,test,0.47834632
data/raw/Hypotrichida/221214130524_252.jpg,Hypotrichida,healthy,0,test,0.5134812
data/raw/Hypotrichida/221217131528_361.jpg,Hypotrichida,healthy,0,test,0.45110184
data/raw/Hypotrichida/221217131528_43.jpg,Hypotrichida,healthy,0,test,0.5099854
data/raw/Hypotrichida/221217131528_70.jpg,Hypotrichida,healthy,0,test,0.4857639
data/raw/Hypotrichida/221216134643_35.jpg,Hypotrichida,healthy,0,test,0.6070437
data/raw/Hypotrichida/221214130524_382.jpg,Hypotrichida,healthy,0,test,0.53696
data/raw/Hypotrichida/221219123632_336.jpg,Hypotrichida,healthy,0,test,0.48379508
data/raw/Hypotrichida/221215125712_520.jpg,Hypotrichida,healthy,0,test,0.46314576
data/raw/Hypotrichida/221214130524_32.jpg,Hypotrichida,healthy,0,test,0.49187836
data/raw/Hypotrichida/221218171920_150.jpg,Hypotrichida,healthy,0,test,0.4730513
data/raw/Hypotrichida/221219123632_5.jpg,Hypotrichida,healthy,0,test,0.4706711
data/raw/Hypotrichida/221217131528_333.jpg,Hypotrichida,healthy,0,test,0.48375538
data/raw/Hypotrichida/221217131528_404.jpg,Hypotrichida,healthy,0,test,0.562301
data/raw/Hypotrichida/221215125712_670.jpg,Hypotrichida,healthy,0,test,0.505597
data/raw/Hypotrichida/221218180442_92.jpg,Hypotrichida,healthy,0,test,0.5300136
data/raw/Hypotrichida/221219123632_26.jpg,Hypotrichida,healthy,0,test,0.4853533
data/raw/Hypotrichida/221219123632_347_3.jpg,Hypotrichida,healthy,0,test,0.4849459
data/raw/Hypotrichida/221216103701_111.jpg,Hypotrichida,healthy,0,test,0.514874
data/raw/Hypotrichida/221219162533_25.jpg,Hypotrichida,healthy,0,test,0.556192
data/raw/Digononta/220715135748_60900_2.jpg,Digononta,healthy,0,test,0.50387514
data/raw/Digononta/220704164337_45000_2.jpg,Digononta,healthy,0,test,0.51536393
data/raw/Digononta/220706161602_285300_2.jpg,Digononta,healthy,0,test,0.48554334
data/raw/Digononta/220625152853_6900.jpg,Digononta,healthy,0,test,0.51425207
data/raw/Digononta/220710214438_36000.jpg,Digononta,healthy,0,test,0.5405001
data/raw/Digononta/220708152029_46500_2.jpg,Digononta,healthy,0,test,0.486042
data/raw/Digononta/220701144940_255300.jpg,Digononta,healthy,0,test,0.50730073
data/raw/Digononta/220707221712_28500.jpg,Digononta,healthy,0,test,0.53045887
data/raw/Digononta/250818200100_5800.jpg,Digononta,healthy,0,test,0.48937452
data/raw/Digononta/220701193719_22800.jpg,Digononta,healthy,0,test,0.46776235
data/raw/Digononta/220711151704_105300.jpg,Digononta,healthy,0,test,0.54697883
data/raw/Digononta/220706161602_28500.jpg,Digononta,healthy,0,test,0.49897805
data/raw/Digononta/250818160058_3700.jpg,Digononta,healthy,0,test,0.51424897
data/raw/Digononta/220714223843_25500.jpg,Digononta,healthy,0,test,0.46920627
data/raw/Digononta/220711151704_334500.jpg,Digononta,healthy,0,test,0.47819427
data/raw/Digononta/220710214438_21300.jpg,Digononta,healthy,0,test,0.5463477
data/raw/Digononta/220711132531_42600_2.jpg,Digononta,healthy,0,test,0.6198598
data/raw/Digononta/220704164337_46200.jpg,Digononta,healthy,0,test,0.52910686
data/raw/Digononta/220707103914_41400.jpg,Digononta,healthy,0,test,0.5160739
data/raw/Digononta/220705205512_258000.jpg,Digononta,healthy,0,test,0.47391587
data/raw/Digononta/220701142004_1500.jpg,Digononta,healthy,0,test,0.5060231
data/raw/Digononta/220711151704_65700.jpg,Digononta,healthy,0,test,0.5199587
data/raw/Digononta/220712154002_67500.jpg,Digononta,healthy,0,test,0.4832228
data/raw/Digononta/220702195412_184500.jpg,Digononta,healthy,0,test,0.50183743
data/raw/Digononta/220712104445_52800.jpg,Digononta,healthy,0,test,0.47134545
data/raw/Digononta/220707103914_84900.jpg,Digononta,healthy,0,test,0.5168771
data/raw/Digononta/220715214149_35400.jpg,Digononta,healthy,0,test,0.5289264
data/raw/Digononta/220706212903_96900.jpg,Digononta,healthy,0,test,0.52918583
data/raw/Digononta/220714214255_47400.jpg,Digononta,healthy,0,test,0.5231738
data/raw/Digononta/220713075400_3000_5.jpg,Digononta,healthy,0,test,0.52929586
data/raw/Digononta/220713091344_238800_2.jpg,Digononta,healthy,0,test,0.55969524
data/raw/Digononta/220716104346_57900.jpg,Digononta,healthy,0,test,0.5116055
data/raw/Digononta/220705133448_495300.jpg,Digononta,healthy,0,test,0.55492103
data/raw/Digononta/220707145542_345000_2.jpg,Digononta,healthy,0,test,0.5448418
data/raw/Digononta/220715214149_81300.jpg,Digononta,healthy,0,test,0.5141458
data/raw/Digononta/250719150530_5500.jpg,Digononta,healthy,0,test,0.49813613
data/raw/Digononta/220625152853_24900_5.jpg,Digononta,healthy,0,test,0.531964
data/raw/Digononta/220713075400_15900_2.jpg,Digononta,healthy,0,test,0.5279244
data/raw/Digononta/220715135748_71100_2.jpg,Digononta,healthy,0,test,0.5282067
data/raw/Digononta/220710123359_18300.jpg,Digononta,healthy,0,test,0.56114227
data/raw/Digononta/220705205512_454800.jpg,Digononta,healthy,0,test,0.5329388
data/raw/Digononta/220714151918_362700.jpg,Digononta,healthy,0,test,0.4930653
data/raw/Digononta/220625151150_14700_2.jpg,Digononta,healthy,0,test,0.5198508
data/raw/Digononta/220711132531_40500.jpg,Digononta,healthy,0,test,0.52890193
data/raw/Digononta/220713091344_63900_2.jpg,Digononta,healthy,0,test,0.53631634
data/raw/Digononta/220704194006_14400.jpg,Digononta,healthy,0,test,0.49601564
data/raw/Digononta/220714151918_87600.jpg,Digononta,healthy,0,test,0.5247052
data/raw/Digononta/220702195412_21000.jpg,Digononta,healthy,0,test,0.49294478
data/raw/Digononta/220815230100_3900.jpg,Digononta,healthy,0,test,0.5278938
data/raw/Digononta/220713075400_3300_4.jpg,Digononta,healthy,0,test,0.56826144
data/raw/Digononta/220715153913_147900.jpg,Digononta,healthy,0,test,0.4880505
data/raw/Digononta/220713075400_45000.jpg,Digononta,healthy,0,test,0.5546851
data/raw/Digononta/220708152029_11400.jpg,Digononta,healthy,0,test,0.54618484
data/raw/Digononta/220715153913_346200_2.jpg,Digononta,healthy,0,test,0.5006619
data/raw/Digononta/220705133448_499200.jpg,Digononta,healthy,0,test,0.4839801
data/raw/Digononta/220710155007_186600.jpg,Digononta,healthy,0,test,0.5150748
data/raw/Digononta/220713151019_105000.jpg,Digononta,healthy,0,test,0.4704255
data/raw/Digononta/220711132531_50700.jpg,Digononta,healthy,0,test,0.55049366
data/raw/Digononta/220715214149_18300.jpg,Digononta,healthy,0,test,0.50308824
data/raw/Digononta/220716104346_45600.jpg,Digononta,healthy,0,test,0.4918358
data/raw/Digononta/220702195412_192000.jpg,Digononta,healthy,0,test,0.5219015
data/raw/Digononta/220706161602_12000.jpg,Digononta,healthy,0,test,0.52801496
data/raw/Digononta/250718184126_19800.jpg,Digononta,healthy,0,test,0.52967083
data/raw/Digononta/220625151150_9300.jpg,Digononta,healthy,0,test,0.51848525
data/raw/Digononta/220707145542_8100.jpg,Digononta,healthy,0,test,0.5104695
data/raw/Digononta/220710155007_4200.jpg,Digononta,healthy,0,test,0.49838388
data/raw/Digononta/220715153913_156300.jpg,Digononta,healthy,0,test,0.50004935
data/raw/Digononta/220704164337_11400_2.jpg,Digononta,healthy,0,test,0.5127267
data/raw/Digononta/220711132531_35400.jpg,Digononta,healthy,0,test,0.5398104
data/raw/Digononta/220701144940_255600.jpg,Digononta,healthy,0,test,0.5100929
data/raw/Digononta/220701193719_81300.jpg,Digononta,healthy,0,test,0.51934
data/raw/Digononta/220716104346_13200.jpg,Digononta,healthy,0,test,0.46761504
data/raw/Digononta/220710214438_95100_2.jpg,Digononta,healthy,0,test,0.4662063
data/raw/Digononta/220710123359_8700.jpg,Digononta,healthy,0,test,0.5149472
data/raw/Digononta/220711151704_210300.jpg,Digononta,healthy,0,test,0.49147078
data/raw/Digononta/220702195412_43200.jpg,Digononta,healthy,0,test,0.48924586
data/raw/Digononta/220710155007_112200_2.jpg,Digononta,healthy,0,test,0.4868398
data/raw/Digononta/220710214438_58800.jpg,Digononta,healthy,0,test,0.49318823
data/raw/Digononta/220715214149_83400.jpg,Digononta,healthy,0,test,0.5170606
data/raw/Digononta/220706212903_88500_2.jpg,Digononta,healthy,0,test,0.6006016
data/raw/Digononta/220701144940_133800.jpg,Digononta,healthy,0,test,0.46873474
data/raw/Digononta/220715153913_148200.jpg,Digononta,healthy,0,test,0.50731057
data/raw/Digononta/220710155007_295800.jpg,Digononta,healthy,0,test,0.5551116
data/raw/Digononta/220701193719_308400_2.jpg,Digononta,healthy,0,test,0.5003016
data/raw/Digononta/220715103728_2700.jpg,Digononta,healthy,0,test,0.50559205
data/raw/Digononta/220714194123_66600.jpg,Digononta,healthy,0,test,0.507563
data/raw/Digononta/220704212204_57600.jpg,Digononta,healthy,0,test,0.5130346
data/raw/Digononta/220712104445_42600.jpg,Digononta,healthy,0,test,0.47432107
data/raw/Digononta/220714151918_149100_2.jpg,Digononta,healthy,0,test,0.45181665
data/raw/Digononta/220714151918_148800_2.jpg,Digononta,healthy,0,test,0.56266147
data/raw/Digononta/220710214438_59100.jpg,Digononta,healthy,0,test,0.48857278
data/raw/Digononta/220626154616_72000_3.jpg,Digononta,healthy,0,test,0.5172828
data/raw/Digononta/220713091344_291600.jpg,Digononta,healthy,0,test,0.52127975
data/raw/Digononta/220704212204_130200.jpg,Digononta,healthy,0,test,0.52607065
data/raw/Digononta/220625151150_7500_5.jpg,Digononta,healthy,0,test,0.5069961
data/raw/Digononta/220716104346_72300_2.jpg,Digononta,healthy,0,test,0.5366403
data/raw/Digononta/220711132531_66300_3.jpg,Digononta,healthy,0,test,0.5073202
data/raw/Digononta/220711151704_350400.jpg,Digononta,healthy,0,test,0.49211058
data/raw/Digononta/220701193719_180000.jpg,Digononta,healthy,0,test,0.551364
data/raw/Digononta/220707145542_118800.jpg,Digononta,healthy,0,test,0.5046842
data/raw/Digononta/220715103728_16500.jpg,Digononta,healthy,0,test,0.51021206
data/raw/Digononta/220625152853_18000_3.jpg,Digononta,healthy,0,test,0.50494254
data/raw/Digononta/220714194123_66000_2.jpg,Digononta,healthy,0,test,0.4993851
data/raw/Digononta/220710214438_94800.jpg,Digononta,healthy,0,test,0.5158693
data/raw/Digononta/220705133448_407700_2.jpg,Digononta,healthy,0,test,0.47551262
data/raw/Digononta/220706161602_168000.jpg,Digononta,healthy,0,test,0.52313304
data/raw/Digononta/221219123632_308.jpg,Digononta,healthy,0,test,0.57259154
data/raw/Digononta/220711151704_46500.jpg,Digononta,healthy,0,test,0.45266384
data/raw/Digononta/220713075400_44100.jpg,Digononta,healthy,0,test,0.5526646
data/raw/Digononta/220714151918_19500.jpg,Digononta,healthy,0,test,0.5121428
data/raw/Digononta/220711151704_103500.jpg,Digononta,healthy,0,test,0.4990496
data/raw/Digononta/220625152853_31800.jpg,Digononta,healthy,0,test,0.4998963
data/raw/Digononta/220712162334_241500_2.jpg,Digononta,healthy,0,test,0.47855785
data/raw/Digononta/220711151704_327000.jpg,Digononta,healthy,0,test,0.5103121
data/raw/Digononta/220711210818_30900.jpg,Digononta,healthy,0,test,0.5176807
data/raw/Digononta/220701193719_86100_2.jpg,Digononta,healthy,0,test,0.51689154
data/raw/Digononta/220705111212_46200_2.jpg,Digononta,healthy,0,test,0.51454175
data/raw/Digononta/220625151150_14700.jpg,Digononta,healthy,0,test,0.54060256
data/raw/Digononta/250818192836_6800.jpg,Digononta,healthy,0,test,0.50473005
data/raw/Digononta/220711151704_77100.jpg,Digononta,healthy,0,test,0.55672145
data/raw/Digononta/220710155007_90600.jpg,Digononta,healthy,0,test,0.491609
data/raw/Digononta/220715153913_96300_2.jpg,Digononta,healthy,0,test,0.4634314
data/raw/Digononta/220705111212_84300.jpg,Digononta,healthy,0,test,0.52019304
data/raw/Digononta/220707145542_204600.jpg,Digononta,healthy,0,test,0.49116543
data/raw/Digononta/220702161601_23100.jpg,Digononta,healthy,0,test,0.48259777
data/raw/Digononta/220701193719_86400_2.jpg,Digononta,healthy,0,test,0.51340467
data/raw/Digononta/220704212204_131400_2.jpg,Digononta,healthy,0,test,0.500986
data/raw/Digononta/220702195412_65400.jpg,Digononta,healthy,0,test,0.50334454
data/raw/Digononta/220711151704_389700.jpg,Digononta,healthy,0,test,0.5092207
data/raw/Digononta/220626190551_14400_2.jpg,Digononta,healthy,0,test,0.5084173
data/raw/Digononta/220714151918_87600_2.jpg,Digononta,healthy,0,test,0.48863646
data/raw/Digononta/220714151918_7500.jpg,Digononta,healthy,0,test,0.4717901
data/raw/Digononta/220713091344_252300.jpg,Digononta,healthy,0,test,0.49563926
data/raw/Digononta/250807142725_17500.jpg,Digononta,healthy,0,test,0.5382853
data/raw/Digononta/220710155007_8100.jpg,Digononta,healthy,0,test,0.51273763
data/raw/Digononta/220702195412_79500.jpg,Digononta,healthy,0,test,0.5299919
data/raw/Digononta/220705111212_2100.jpg,Digononta,healthy,0,test,0.47849196
data/raw/Digononta/220713075400_33600.jpg,Digononta,healthy,0,test,0.56976753
data/raw/Digononta/220715153913_136800.jpg,Digononta,healthy,0,test,0.5352827
data/raw/Digononta/220704212204_39600.jpg,Digononta,healthy,0,test,0.5077144
data/raw/Digononta/220705205512_273600_2.jpg,Digononta,healthy,0,test,0.4748975
data/raw/Digononta/220702195412_159900.jpg,Digononta,healthy,0,test,0.5911622
data/raw/Digononta/220710214438_13500.jpg,Digononta,healthy,0,test,0.49889025
data/raw/Digononta/220625152853_19200.jpg,Digononta,healthy,0,test,0.55711156
data/raw/Digononta/220625152853_23700_2.jpg,Digononta,healthy,0,test,0.52177966
data/raw/Digononta/250818192836_21600.jpg,Digononta,healthy,0,test,0.4647246
data/raw/Digononta/220710123359_20100.jpg,Digononta,healthy,0,test,0.5175433
data/raw/Digononta/220625193430_297600.jpg,Digononta,healthy,0,test,0.5148467
data/raw/Digononta/220706161602_24600.jpg,Digononta,healthy,0,test,0.501594
data/raw/Digononta/220701144940_381900.jpg,Digononta,healthy,0,test,0.5330418
data/raw/Digononta/220706212903_102000.jpg,Digononta,healthy,0,test,0.50507665
data/raw/Digononta/220706161602_12900.jpg,Digononta,healthy,0,test,0.58367443
data/raw/Digononta/250718132208_24500.jpg,Digononta,healthy,0,test,0.5145394
data/raw/Digononta/221219103325_123.jpg,Digononta,healthy,0,test,0.4966423
data/raw/Digononta/220711151704_210600.jpg,Digononta,healthy,0,test,0.53764576
data/raw/Digononta/220704164337_44700_3.jpg,Digononta,healthy,0,test,0.57777417
data/raw/Digononta/220715153913_81900.jpg,Digononta,healthy,0,test,0.5322977
data/raw/Digononta/220715153913_359100.jpg,Digononta,healthy,0,test,0.51329297
data/raw/Digononta/220704164337_41400_2.jpg,Digononta,healthy,0,test,0.502876
data/raw/Digononta/220625152853_15000_3.jpg,Digononta,healthy,0,test,0.5383229
data/raw/Digononta/220716104346_63600.jpg,Digononta,healthy,0,test,0.4976204
data/raw/Digononta/220714151918_382800.jpg,Digononta,healthy,0,test,0.51230013
data/raw/Digononta/220715135748_71100.jpg,Digononta,healthy,0,test,0.5152539
data/raw/Digononta/220710155007_204300.jpg,Digononta,healthy,0,test,0.5197577
data/raw/Digononta/220714194123_167400_2.jpg,Digononta,healthy,0,test,0.50976646
data/raw/Digononta/220714151918_358500.jpg,Digononta,healthy,0,test,0.52519774
data/raw/Digononta/220706161602_83400.jpg,Digononta,healthy,0,test,0.4996544
data/raw/Digononta/220705133448_438000.jpg,Digononta,healthy,0,test,0.46747926
data/raw/Digononta/220927150708_95.jpg,Digononta,healthy,0,test,0.5681545
data/raw/Digononta/220705205512_86100_2.jpg,Digononta,healthy,0,test,0.5119572
data/raw/Digononta/220714151918_269700.jpg,Digononta,healthy,0,test,0.50569695
data/raw/Digononta/220704212204_56700_2.jpg,Digononta,healthy,0,test,0.51679134
data/raw/Digononta/220702195412_73800.jpg,Digononta,healthy,0,test,0.4951591
data/raw/Digononta/220715103728_13200_2.jpg,Digononta,healthy,0,test,0.5148775
data/raw/Digononta/220629133851_27600_2.jpg,Digononta,healthy,0,test,0.51510084
data/raw/Digononta/220705111212_64200_2.jpg,Digononta,healthy,0,test,0.54598314
data/raw/Digononta/220708152029_131100.jpg,Digononta,healthy,0,test,0.47736642
data/raw/Digononta/220715153913_2100.jpg,Digononta,healthy,0,test,0.5166979
data/raw/Digononta/220711132531_35100.jpg,Digononta,healthy,0,test,0.5316235
data/raw/Digononta/220711210818_114300.jpg,Digononta,healthy,0,test,0.46946508
data/raw/Digononta/220625152853_23700_11.jpg,Digononta,healthy,0,test,0.5100373
data/raw/Digononta/220705111212_11100_2.jpg,Digononta,healthy,0,test,0.5416965
data/raw/Digononta/220706212903_118500_2.jpg,Digononta,healthy,0,test,0.5344407
data/raw/Digononta/220713075400_20100.jpg,Digononta,healthy,0,test,0.49531722
data/raw/Digononta/220706212903_175500.jpg,Digononta,healthy,0,test,0.485751
data/raw/Digononta/220629133851_70200.jpg,Digononta,healthy,0,test,0.50040954
data/raw/Digononta/220704212204_33900.jpg,Digononta,healthy,0,test,0.504564
data/raw/Digononta/220625152853_33000.jpg,Digononta,healthy,0,test,0.52565986
data/raw/Digononta/220708152029_10200.jpg,Digononta,healthy,0,test,0.53164846
data/raw/Digononta/220708152029_185700.jpg,Digononta,healthy,0,test,0.48246437
data/raw/Digononta/220708152029_46800.jpg,Digononta,healthy,0,test,0.47634795
data/raw/Digononta/220702195412_174900_2.jpg,Digononta,healthy,0,test,0.45938548
data/raw/Digononta/220706161602_281700.jpg,Digononta,healthy,0,test,0.5279046
data/raw/Digononta/220920090529_259.jpg,Digononta,healthy,0,test,0.51766634
data/raw/Digononta/220625151150_14100_2.jpg,Digononta,healthy,0,test,0.5428918
data/raw/Digononta/220704212204_78900.jpg,Digononta,healthy,0,test,0.537155
data/raw/Digononta/220715103728_4500_3.jpg,Digononta,healthy,0,test,0.5492298
data/raw/Digononta/220625152853_57300_3.jpg,Digononta,healthy,0,test,0.5356697
data/raw/Digononta/220701193719_183300.jpg,Digononta,healthy,0,test,0.54274577
data/raw/Digononta/220716104346_103200.jpg,Digononta,healthy,0,test,0.547761
data/raw/Digononta/220711132531_43800.jpg,Digononta,healthy,0,test,0.5256979
data/raw/Digononta/220701144940_142500.jpg,Digononta,healthy,0,test,0.49790874
data/raw/Digononta/250718142531_18000.jpg,Digononta,healthy,0,test,0.5709811
data/raw/Digononta/220704164337_12300.jpg,Digononta,healthy,0,test,0.49883205
data/raw/Digononta/220714194123_65400.jpg,Digononta,healthy,0,test,0.5244277
data/raw/Digononta/220701193719_12900.jpg,Digononta,healthy,0,test,0.5745223
data/raw/Digononta/220712104445_130200.jpg,Digononta,healthy,0,test,0.5131967
data/raw/Digononta/220704212204_129000.jpg,Digononta,healthy,0,test,0.5259483
data/raw/Digononta/220714120033_9600.jpg,Digononta,healthy,0,test,0.55790454
data/raw/Digononta/220715153913_10500_2.jpg,Digononta,healthy,0,test,0.5012298
data/raw/Digononta/220714151918_171300.jpg,Digononta,healthy,0,test,0.5037561
data/raw/Digononta/220702195412_10500.jpg,Digononta,healthy,0,test,0.4960047
data/raw/Digononta/250719181210_12100.jpg,Digononta,healthy,0,test,0.49223256
data/raw/Digononta/220702195412_158400_2.jpg,Digononta,healthy,0,test,0.5344336
data/raw/Digononta/220710214438_223800.jpg,Digononta,healthy,0,test,0.5021753
data/raw/Digononta/220706161602_285000.jpg,Digononta,healthy,0,test,0.5500566
data/raw/Digononta/220715153913_66600.jpg,Digononta,healthy,0,test,0.5560613
data/raw/Digononta/220625162327_5100.jpg,Digononta,healthy,0,test,0.512748
data/raw/Digononta/220708152029_54300.jpg,Digononta,healthy,0,test,0.5415848
data/raw/Digononta/220713075400_32400_3.jpg,Digononta,healthy,0,test,0.51655555
data/raw/Digononta/220715153913_226500.jpg,Digononta,healthy,0,test,0.49691656
data/raw/Digononta/220712154002_33000.jpg,Digononta,healthy,0,test,0.5540352
data/raw/Digononta/220710104356_600.jpg,Digononta,healthy,0,test,0.4624026
data/raw/Digononta/220711132531_48300_2.jpg,Digononta,healthy,0,test,0.5160958
data/raw/Digononta/220710155007_154500.jpg,Digononta,healthy,0,test,0.511978
data/raw/Digononta/220705111212_181500.jpg,Digononta,healthy,0,test,0.48440233
data/raw/Digononta/220716104346_46200_2.jpg,Digononta,healthy,0,test,0.5194149
data/raw/Digononta/220706212903_84000.jpg,Digononta,healthy,0,test,0.5396479
data/raw/Digononta/220714223843_39600.jpg,Digononta,healthy,0,test,0.5276913
data/raw/Digononta/220711210818_131400.jpg,Digononta,healthy,0,test,0.47596893
data/raw/Digononta/220614142009_300_2.jpg,Digononta,healthy,0,test,0.50022715
data/raw/Digononta/220713151019_103800_3.jpg,Digononta,healthy,0,test,0.54362524
data/raw/Digononta/220625152853_61500.jpg,Digononta,healthy,0,test,0.5017733
data/raw/Digononta/220714194123_167700.jpg,Digononta,healthy,0,test,0.5479862
data/raw/Digononta/220701193719_207000.jpg,Digononta,healthy,0,test,0.505257
data/raw/Digononta/220714151918_219000.jpg,Digononta,healthy,0,test,0.47390053
data/raw/Digononta/220715153913_260400.jpg,Digononta,healthy,0,test,0.5203963
data/raw/Digononta/220713091344_243300.jpg,Digononta,healthy,0,test,0.46927613
data/raw/Digononta/220625151150_7500_2.jpg,Digononta,healthy,0,test,0.45285356
data/raw/Digononta/220712104445_40800.jpg,Digononta,healthy,0,test,0.5273728
data/raw/Monogononta/250818200100_5600_2.jpg,Monogononta,healthy,0,test,0.49957615
data/raw/Monogononta/220714151918_63600_1.jpg,Monogononta,healthy,0,test,0.5259806
data/raw/Monogononta/220707145542_245700.jpg,Monogononta,healthy,0,test,0.4654399
data/raw/Monogononta/220712154002_29400_1.jpg,Monogononta,healthy,0,test,0.5362784
data/raw/Monogononta/220714151918_193800.jpg,Monogononta,healthy,0,test,0.48718616
data/raw/Monogononta/220710214438_105000.jpg,Monogononta,healthy,0,test,0.52481705
data/raw/Monogononta/220705205512_420300.jpg,Monogononta,healthy,0,test,0.47012293
data/raw/Monogononta/250718191917_1400.jpg,Monogononta,healthy,0,test,0.4884908
data/raw/Monogononta/220704164337_600_1.jpg,Monogononta,healthy,0,test,0.48853227
data/raw/Monogononta/220707221712_142800.jpg,Monogononta,healthy,0,test,0.47881424
data/raw/Monogononta/250819164502_21200.jpg,Monogononta,healthy,0,test,0.45660314
data/raw/Monogononta/250717195045_12700.jpg,Monogononta,healthy,0,test,0.4979492
data/raw/Monogononta/220715214149_9900.jpg,Monogononta,healthy,0,test,0.50197
data/raw/Monogononta/220705133448_529500.jpg,Monogononta,healthy,0,test,0.491129
data/raw/Monogononta/220705205512_87600.jpg,Monogononta,healthy,0,test,0.4825438
data/raw/Monogononta/220714151918_235800.jpg,Monogononta,healthy,0,test,0.5356167
data/raw/Monogononta/220708152029_71700.jpg,Monogononta,healthy,0,test,0.49342978
data/raw/Monogononta/220714151918_234900.jpg,Monogononta,healthy,0,test,0.5016886
data/raw/Monogononta/220710155007_55200.jpg,Monogononta,healthy,0,test,0.48253554
data/raw/Monogononta/220714151918_145200.jpg,Monogononta,healthy,0,test,0.5186193
data/raw/Monogononta/250719181210_10600.jpg,Monogononta,healthy,0,test,0.5170723
data/raw/Monogononta/220713091344_192000.jpg,Monogononta,healthy,0,test,0.50322354
data/raw/Monogononta/250719140643_10500.jpg,Monogononta,healthy,0,test,0.47161853
data/raw/Monogononta/220714151918_360600.jpg,Monogononta,healthy,0,test,0.47495976
data/raw/Monogononta/250819182407_5100.jpg,Monogononta,healthy,0,test,0.582523
data/raw/Monogononta/220705133448_413400.jpg,Monogononta,healthy,0,test,0.5213597
data/raw/Monogononta/220712104445_93000.jpg,Monogononta,healthy,0,test,0.48793224
data/raw/Monogononta/220714223843_60000.jpg,Monogononta,healthy,0,test,0.4946742
data/raw/Monogononta/220710155007_93000.jpg,Monogononta,healthy,0,test,0.47930545
data/raw/Monogononta/220707145542_168900.jpg,Monogononta,healthy,0,test,0.52464235
data/raw/Monogononta/220706161602_98700.jpg,Monogononta,healthy,0,test,0.50249314
data/raw/Monogononta/220706161602_265200.jpg,Monogononta,healthy,0,test,0.502449
data/raw/Monogononta/220708152029_97500.jpg,Monogononta,healthy,0,test,0.4741186
data/raw/Monogononta/220922191618_326.jpg,Monogononta,healthy,0,test,0.52667624
data/raw/Monogononta/220705205512_97800.jpg,Monogononta,healthy,0,test,0.46314308
data/raw/Monogononta/220707145542_53100.jpg,Monogononta,healthy,0,test,0.51425564
data/raw/Monogononta/250719150530_5200.jpg,Monogononta,healthy,0,test,0.49707308
data/raw/Monogononta/220710155007_115200.jpg,Monogononta,healthy,0,test,0.47900316
data/raw/Monogononta/250819195743_18900.jpg,Monogononta,healthy,0,test,0.5081036
data/raw/Monogononta/220711210818_10200.jpg,Monogononta,healthy,0,test,0.50994855
data/raw/Monogononta/220922132105_747.jpg,Monogononta,healthy,0,test,0.51828563
data/raw/Monogononta/220715214149_23400.jpg,Monogononta,healthy,0,test,0.4804262
data/raw/Monogononta/220710214438_72300_2.jpg,Monogononta,healthy,0,test,0.4701029
data/raw/Monogononta/220714151918_71700.jpg,Monogononta,healthy,0,test,0.50943625
data/raw/Monogononta/220707145542_372300.jpg,Monogononta,healthy,0,test,0.47595188
data/raw/Monogononta/220702195412_74100.jpg,Monogononta,healthy,0,test,0.48054144
data/raw/Monogononta/220712162334_10800.jpg,Monogononta,healthy,0,test,0.4370446
data/raw/Monogononta/250819203609_4600.jpg,Monogononta,healthy,0,test,0.49164346
data/raw/Monogononta/220921133027_13.jpg,Monogononta,healthy,0,test,0.5220783
data/raw/Monogononta/220714151918_15000.jpg,Monogononta,healthy,0,test,0.4982004
data/raw/Monogononta/220711151704_316800.jpg,Monogononta,healthy,0,test,0.48881477
data/raw/Monogononta/220715153913_137700_2.jpg,Monogononta,healthy,0,test,0.4832069
data/raw/Monogononta/220705133448_253500.jpg,Monogononta,healthy,0,test,0.4885945
data/raw/Monogononta/220927183749_312.jpg,Monogononta,healthy,0,test,0.45313814
data/raw/Monogononta/250819211006_13800.jpg,Monogononta,healthy,0,test,0.48195016
data/raw/Monogononta/220707103914_111300_2.jpg,Monogononta,healthy,0,test,0.4826735
data/raw/Monogononta/250819204323_15600.jpg,Monogononta,healthy,0,test,0.4848725
data/raw/Monogononta/220713151019_77700.jpg,Monogononta,healthy,0,test,0.5054541
data/raw/Monogononta/220920143151_92.jpg,Monogononta,healthy,0,test,0.45415407
data/raw/Monogononta/220706161602_235200.jpg,Monogononta,healthy,0,test,0.48458514
data/raw/Monogononta/220714151918_229800.jpg,Monogononta,healthy,0,test,0.49951863
data/raw/Monogononta/220705111212_169500.jpg,Monogononta,healthy,0,test,0.4914457
data/raw/Monogononta/220919213921_32.jpg,Monogononta,healthy,0,test,0.4803474
data/raw/Monogononta/220707145542_58200.jpg,Monogononta,healthy,0,test,0.49021736
data/raw/Monogononta/220713151019_219900.jpg,Monogononta,healthy,0,test,0.5357403
data/raw/Monogononta/220710214438_25500.jpg,Monogononta,healthy,0,test,0.45406073
data/raw/Monogononta/220713151019_87000.jpg,Monogononta,healthy,0,test,0.5385885
data/raw/Monogononta/220705133448_529800.jpg,Monogononta,healthy,0,test,0.45310882
data/raw/Monogononta/220706161602_292800.jpg,Monogononta,healthy,0,test,0.51245785
data/raw/Monogononta/220712104445_95100_2.jpg,Monogononta,healthy,0,test,0.53692204
data/raw/Monogononta/220710214438_133800.jpg,Monogononta,healthy,0,test,0.50006235
data/raw/Monogononta/220921151620_318.jpg,Monogononta,healthy,0,test,0.54225856
data/raw/Monogononta/220715214149_72300.jpg,Monogononta,healthy,0,test,0.49935812
data/raw/Monogononta/220707145542_109800.jpg,Monogononta,healthy,0,test,0.4988195
data/raw/Monogononta/220704164337_38700.jpg,Monogononta,healthy,0,test,0.5002225
data/raw/Monogononta/220714151918_233100_2.jpg,Monogononta,healthy,0,test,0.46199766
data/raw/Monogononta/220714151918_20400_3.jpg,Monogononta,healthy,0,test,0.6032852
data/raw/Monogononta/220715214149_70200.jpg,Monogononta,healthy,0,test,0.5142788
data/raw/Monogononta/220705111212_1800.jpg,Monogononta,healthy,0,test,0.47818843
data/raw/Monogononta/220920090529_161.jpg,Monogononta,healthy,0,test,0.47966844
data/raw/Monogononta/220712154002_11400.jpg,Monogononta,healthy,0,test,0.49706995
data/raw/Monogononta/220714151918_70200.jpg,Monogononta,healthy,0,test,0.48804328
data/raw/Monogononta/220714151918_72000.jpg,Monogononta,healthy,0,test,0.49124733
data/raw/Monogononta/220701193719_113100.jpg,Monogononta,healthy,0,test,0.4917248
data/raw/Monogononta/220705133448_545700.jpg,Monogononta,healthy,0,test,0.5039822
data/raw/Monogononta/220714223843_36900.jpg,Monogononta,healthy,0,test,0.5301117
data/raw/Monogononta/220710155007_102000.jpg,Monogononta,healthy,0,test,0.49232772
data/raw/Monogononta/220715153913_169500.jpg,Monogononta,healthy,0,test,0.50698936
data/raw/Monogononta/220919143242_10.jpg,Monogononta,healthy,0,test,0.54084903
data/raw/Monogononta/220714151918_376200.jpg,Monogononta,healthy,0,test,0.5079599
data/raw/Monogononta/220922191618_608.jpg,Monogononta,healthy,0,test,0.5008783
data/raw/Monogononta/220714151918_158400.jpg,Monogononta,healthy,0,test,0.46151438
data/raw/Monogononta/220714120033_8700.jpg,Monogononta,healthy,0,test,0.47958615
data/raw/Monogononta/220927150708_179.jpg,Monogononta,healthy,0,test,0.45411468
data/raw/Monogononta/220714151918_109200.jpg,Monogononta,healthy,0,test,0.47662228
data/raw/Monogononta/250719150530_2200.jpg,Monogononta,healthy,0,test,0.49417874
data/raw/Monogononta/220715153913_195000.jpg,Monogononta,healthy,0,test,0.47031903
data/raw/Monogononta/250719163223_10100.jpg,Monogononta,healthy,0,test,0.47777078
data/raw/Monogononta/220707103914_129000.jpg,Monogononta,healthy,0,test,0.48316976
data/raw/Monogononta/220920090529_19.jpg,Monogononta,healthy,0,test,0.5025218
data/raw/Monogononta/220714151918_215100.jpg,Monogononta,healthy,0,test,0.46892366
data/raw/Monogononta/220708152029_111600.jpg,Monogononta,healthy,0,test,0.48361972
data/raw/Monogononta/220710214438_107100_2.jpg,Monogononta,healthy,0,test,0.49558598
data/raw/Monogononta/220712104445_29100.jpg,Monogononta,healthy,0,test,0.4768397
data/raw/Monogononta/220712211907_25800.jpg,Monogononta,healthy,0,test,0.48930046
data/raw/Monogononta/220711132531_38400.jpg,Monogononta,healthy,0,test,0.48384163
data/raw/Monogononta/220715153913_195600.jpg,Monogononta,healthy,0,test,0.46791092
data/raw/Monogononta/220714151918_208500.jpg,Monogononta,healthy,0,test,0.451382
data/raw/Monogononta/220714151918_31800.jpg,Monogononta,healthy,0,test,0.5005551
data/raw/Monogononta/220923102431_123.jpg,Monogononta,healthy,0,test,0.47092873
data/raw/Monogononta/220922093805_31.jpg,Monogononta,healthy,0,test,0.48724806
data/raw/Monogononta/220714151918_184800.jpg,Monogononta,healthy,0,test,0.5346693
data/raw/Monogononta/220707103914_122700.jpg,Monogononta,healthy,0,test,0.5139319
data/raw/Monogononta/220712104445_98400.jpg,Monogononta,healthy,0,test,0.4791669
data/raw/Monogononta/220707145542_90000.jpg,Monogononta,healthy,0,test,0.5036803
data/raw/Monogononta/250819182407_16400.jpg,Monogononta,healthy,0,test,0.50560457
data/raw/Monogononta/220714151918_109500.jpg,Monogononta,healthy,0,test,0.483617
data/raw/Monogononta/250807145440_4800.jpg,Monogononta,healthy,0,test,0.46928808
data/raw/Monogononta/220710155007_112200.jpg,Monogononta,healthy,0,test,0.5132987
data/raw/Monogononta/220715103728_12600_2_1.jpg,Monogononta,healthy,0,test,0.48922735
data/raw/Monogononta/220710214438_7200.jpg,Monogononta,healthy,0,test,0.49713865
data/raw/Monogononta/220704164337_14400.jpg,Monogononta,healthy,0,test,0.48237172
data/raw/Monogononta/220704164337_42600.jpg,Monogononta,healthy,0,test,0.47811824
data/raw/Monogononta/220711151704_88200.jpg,Monogononta,healthy,0,test,0.5247338
data/raw/Monogononta/220713091344_266700.jpg,Monogononta,healthy,0,test,0.48675385
data/raw/Monogononta/220713151019_46800_2.jpg,Monogononta,healthy,0,test,0.53452367
data/raw/Monogononta/220715103728_27600.jpg,Monogononta,healthy,0,test,0.50576544
data/raw/Monogononta/220714151918_235800_2.jpg,Monogononta,healthy,0,test,0.49379745
data/raw/Monogononta/220707145542_149400.jpg,Monogononta,healthy,0,test,0.49914166
data/raw/Monogononta/220702195412_9300.jpg,Monogononta,healthy,0,test,0.4734974
data/raw/Monogononta/220704164337_300_2.jpg,Monogononta,healthy,0,test,0.50330514
data/raw/Monogononta/220705111212_35100.jpg,Monogononta,healthy,0,test,0.5182631
data/raw/Monogononta/220710155007_900.jpg,Monogononta,healthy,0,test,0.5388108
data/raw/Monogononta/220923151606_617.jpg,Monogononta,healthy,0,test,0.5022784
data/raw/Monogononta/220715153913_142800.jpg,Monogononta,healthy,0,test,0.5192564
data/raw/Monogononta/220714194123_47700.jpg,Monogononta,healthy,0,test,0.49215564
data/raw/Monogononta/220922102326_149.jpg,Monogononta,healthy,0,test,0.544161
data/raw/Monogononta/220715103728_12900_2.jpg,Monogononta,healthy,0,test,0.49385732
data/raw/Monogononta/220710104356_26700.jpg,Monogononta,healthy,0,test,0.48533228
data/raw/Monogononta/220704164337_48600.jpg,Monogononta,healthy,0,test,0.50891066
data/raw/Monogononta/220714151918_262800.jpg,Monogononta,healthy,0,test,0.5254461
data/raw/Monogononta/220710155007_105600.jpg,Monogononta,healthy,0,test,0.5019202
data/raw/Monogononta/220923102431_154.jpg,Monogononta,healthy,0,test,0.5028382
data/raw/Monogononta/250719163223_13800.jpg,Monogononta,healthy,0,test,0.5636111
data/raw/Monogononta/220714151918_378000.jpg,Monogononta,healthy,0,test,0.4401125
data/raw/Monogononta/220714151918_168900.jpg,Monogononta,healthy,0,test,0.48765293
data/raw/Monogononta/220710155007_20100.jpg,Monogononta,healthy,0,test,0.5098658
data/raw/Monogononta/220922093805_30_2.jpg,Monogononta,healthy,0,test,0.521158
data/raw/Monogononta/220711210818_61500.jpg,Monogononta,healthy,0,test,0.5073558
data/raw/Monogononta/220710155007_96300.jpg,Monogononta,healthy,0,test,0.52475744
data/raw/Monogononta/220714214255_41100.jpg,Monogononta,healthy,0,test,0.50830865
data/raw/Monogononta/220704164337_171900.jpg,Monogononta,healthy,0,test,0.5001662
data/raw/Monogononta/250719195847_9100.jpg,Monogononta,healthy,0,test,0.49023366
data/raw/Monogononta/220704164337_24300.jpg,Monogononta,healthy,0,test,0.50207955
data/raw/Monogononta/220710214438_27900.jpg,Monogononta,healthy,0,test,0.48443985
data/raw/Monogononta/220710214438_27600.jpg,Monogononta,healthy,0,test,0.49224138
data/raw/Monogononta/220714223843_40200.jpg,Monogononta,healthy,0,test,0.46517536
data/raw/Monogononta/220920090529_260.jpg,Monogononta,healthy,0,test,0.5203431
data/raw/Monogononta/220711151704_363000.jpg,Monogononta,healthy,0,test,0.50356925
data/raw/Monogononta/220710155007_98400.jpg,Monogononta,healthy,0,test,0.45899478
data/raw/Monogononta/220704212204_130200.jpg,Monogononta,healthy,0,test,0.50649524
data/raw/Monogononta/220706161602_344100.jpg,Monogononta,healthy,0,test,0.52740014
data/raw/Monogononta/250719140643_12100.jpg,Monogononta,healthy,0,test,0.5320077
data/raw/Monogononta/220707145542_98400.jpg,Monogononta,healthy,0,test,0.5060242
data/raw/Monogononta/220714151918_229500_1.jpg,Monogononta,healthy,0,test,0.48952407
data/raw/Monogononta/220714194123_50700.jpg,Monogononta,healthy,0,test,0.47754407
data/raw/Monogononta/220716104346_94500.jpg,Monogononta,healthy,0,test,0.55640674
data/raw/Monogononta/220710155007_57900.jpg,Monogononta,healthy,0,test,0.5203831
data/raw/Monogononta/220712162334_3000.jpg,Monogononta,healthy,0,test,0.5102332
data/raw/Monogononta/220714151918_284400_2.jpg,Monogononta,healthy,0,test,0.48287523
data/raw/Monogononta/220715153913_152100.jpg,Monogononta,healthy,0,test,0.52118415
data/raw/Monogononta/220710155007_157800.jpg,Monogononta,healthy,0,test,0.47368994
data/raw/Monogononta/250815141807_18400.jpg,Monogononta,healthy,0,test,0.50310576
data/raw/Monogononta/220707145542_78000.jpg,Monogononta,healthy,0,test,0.49887878
data/raw/Monogononta/220701193719_233100.jpg,Monogononta,healthy,0,test,0.47360587
data/raw/Monogononta/220716104346_112800.jpg,Monogononta,healthy,0,test,0.47266433
data/raw/Monogononta/220921151620_487.jpg,Monogononta,healthy,0,test,0.52966535
data/raw/Monogononta/220924190628_27.jpg,Monogononta,healthy,0,test,0.4718428
data/raw/Monogononta/220713091344_246300.jpg,Monogononta,healthy,0,test,0.48582292
data/raw/Monogononta/250717184843_16800.jpg,Monogononta,healthy,0,test,0.49527776
data/raw/Monogononta/220715153913_342600.jpg,Monogononta,healthy,0,test,0.48418188
data/raw/Monogononta/250818182128_8500.jpg,Monogononta,healthy,0,test,0.5317669
data/raw/Monogononta/220714151918_177900.jpg,Monogononta,healthy,0,test,0.5021488
data/raw/Monogononta/220715103728_12900.jpg,Monogononta,healthy,0,test,0.45267674
data/raw/Monogononta/220715153913_315900_1.jpg,Monogononta,healthy,0,test,0.5087659
data/raw/Monogononta/220705133448_472800.jpg,Monogononta,healthy,0,test,0.4639751
data/raw/Monogononta/220921133027_65.jpg,Monogononta,healthy,0,test,0.5906349
data/raw/Monogononta/220704164337_230100.jpg,Monogononta,healthy,0,test,0.5042987
data/raw/Monogononta/220710214438_204300.jpg,Monogononta,healthy,0,test,0.48740792
data/raw/Monogononta/220714213052_15300.jpg,Monogononta,healthy,0,test,0.4717215
data/raw/Monogononta/220715103728_12900_1.jpg,Monogononta,healthy,0,test,0.45153794
data/raw/Monogononta/220713151019_186300.jpg,Monogononta,healthy,0,test,0.56324106
data/raw/Monogononta/220713151019_200100.jpg,Monogononta,healthy,0,test,0.49317518
data/raw/Monogononta/220715214149_43800.jpg,Monogononta,healthy,0,test,0.5432879
data/raw/Monogononta/220714151918_264000_1.jpg,Monogononta,healthy,0,test,0.49070528
data/raw/Monogononta/220705133448_500100.jpg,Monogononta,healthy,0,test,0.5026379
data/raw/Monogononta/250818182128_3300.jpg,Monogononta,healthy,0,test,0.5341931
data/raw/Monogononta/220711210818_104400.jpg,Monogononta,healthy,0,test,0.5015143
data/raw/Monogononta/220922132105_128.jpg,Monogononta,healthy,0,test,0.46210834
data/raw/Monogononta/220710214438_30600.jpg,Monogononta,healthy,0,test,0.46509987
data/raw/Monogononta/220706161602_196500.jpg,Monogononta,healthy,0,test,0.485731
data/raw/Monogononta/220706100742_12300.jpg,Monogononta,healthy,0,test,0.4706693
data/raw/Monogononta/220705133448_407700_2.jpg,Monogononta,healthy,0,test,0.5042881
data/raw/Monogononta/220710155007_3000.jpg,Monogononta,healthy,0,test,0.47607085
data/raw/Monogononta/220706161602_234900.jpg,Monogononta,healthy,0,test,0.49245614
data/raw/Monogononta/220712211907_49500.jpg,Monogononta,healthy,0,test,0.49558982
data/raw/Monogononta/220702195412_135900.jpg,Monogononta,healthy,0,test,0.49601516
data/raw/Monogononta/220925102517_96.jpg,Monogononta,healthy,0,test,0.48209175
data/raw/Monogononta/220715214149_15000.jpg,Monogononta,healthy,0,test,0.49500185
data/raw/Monogononta/250718155419_13400.jpg,Monogononta,healthy,0,test,0.5070857
data/raw/Monogononta/220710214438_120600_2.jpg,Monogononta,healthy,0,test,0.4787983
data/raw/Monogononta/250719195847_2000.jpg,Monogononta,healthy,0,test,0.48642114
data/raw/Monogononta/220714223843_1800.jpg,Monogononta,healthy,0,test,0.4829531
data/raw/Monogononta/220711132531_19500.jpg,Monogononta,healthy,0,test,0.5196774
data/raw/Monogononta/220714151918_73200.jpg,Monogononta,healthy,0,test,0.51629835
data/raw/Monogononta/220712104445_92700.jpg,Monogononta,healthy,0,test,0.48812804
data/raw/Monogononta/220922093805_174.jpg,Monogononta,healthy,0,test,0.477479
data/raw/Monogononta/220715153913_208200.jpg,Monogononta,healthy,0,test,0.5596552
data/raw/Monogononta/220919213921_14.jpg,Monogononta,healthy,0,test,0.4586293
data/raw/Monogononta/220710214438_45900.jpg,Monogononta,healthy,0,test,0.5086686
data/raw/Monogononta/220710155007_102600.jpg,Monogononta,healthy,0,test,0.5054686
data/raw/Monogononta/220712104445_93300_2.jpg,Monogononta,healthy,0,test,0.48673558
data/raw/Monogononta/220710155007_295800.jpg,Monogononta,healthy,0,test,0.532722
data/raw/Monogononta/220714151918_236100.jpg,Monogononta,healthy,0,test,0.51073915
data/raw/Monogononta/220710155007_145800.jpg,Monogononta,healthy,0,test,0.47967264
data/raw/Monogononta/220714151918_73500.jpg,Monogononta,healthy,0,test,0.49000403
data/raw/Monogononta/220715153913_315900.jpg,Monogononta,healthy,0,test,0.5077425
data/raw/Monogononta/220710155007_167700.jpg,Monogononta,healthy,0,test,0.49278817
data/raw/Monogononta/220714151918_284400.jpg,Monogononta,healthy,0,test,0.51703453
data/raw/Monogononta/250719153319_11500.jpg,Monogononta,healthy,0,test,0.49923384
data/raw/Monogononta/220715153913_342300.jpg,Monogononta,healthy,0,test,0.5229562
data/raw/Monogononta/220712154002_29400.jpg,Monogononta,healthy,0,test,0.4691505
data/raw/Monogononta/220710155007_96600.jpg,Monogononta,healthy,0,test,0.4918924
data/raw/Monogononta/220706212903_83700.jpg,Monogononta,healthy,0,test,0.4967762
data/raw/Monogononta/220707103914_262800.jpg,Monogononta,healthy,0,test,0.48037446
data/raw/Monogononta/220713151019_44400.jpg,Monogononta,healthy,0,test,0.47734207
data/raw/Monogononta/250819204323_16300.jpg,Monogononta,healthy,0,test,0.52286863
data/raw/Monogononta/220712162334_8400.jpg,Monogononta,healthy,0,test,0.53861785
data/raw/Monogononta/220711210818_103200.jpg,Monogononta,healthy,0,test,0.5354569
data/raw/Monogononta/220923191844_191.jpg,Monogononta,healthy,0,test,0.5165921
data/raw/Arcellinida/220712104445_21300.jpg,Arcellinida,stressed,1,test,0.5269956
data/raw/Arcellinida/220927123420_11.jpg,Arcellinida,stressed,1,test,0.5770743
data/raw/Arcellinida/220713151019_219300.jpg,Arcellinida,stressed,1,test,0.46763033
data/raw/Arcellinida/250719183759_500.jpg,Arcellinida,stressed,1,test,0.5700209
data/raw/Arcellinida/220708152029_144300.jpg,Arcellinida,stressed,1,test,0.52688193
data/raw/Arcellinida/220928215317_41.jpg,Arcellinida,stressed,1,test,0.5329169
data/raw/Arcellinida/220815204959_243300.jpg,Arcellinida,stressed,1,test,0.53357357
data/raw/Arcellinida/220823110824_18600.jpg,Arcellinida,stressed,1,test,0.51400435
data/raw/Arcellinida/220924190628_1_3.jpg,Arcellinida,stressed,1,test,0.47665292
data/raw/Arcellinida/220711151704_178200.jpg,Arcellinida,stressed,1,test,0.4905618
data/raw/Arcellinida/220713210859_300.jpg,Arcellinida,stressed,1,test,0.4854126
data/raw/Arcellinida/220920090529_42.jpg,Arcellinida,stressed,1,test,0.4731865
data/raw/Arcellinida/250822144447_7700_4.jpg,Arcellinida,stressed,1,test,0.5319942
data/raw/Arcellinida/220827192508_55200.jpg,Arcellinida,stressed,1,test,0.48726884
data/raw/Arcellinida/220822160429_122400.jpg,Arcellinida,stressed,1,test,0.45966187
data/raw/Arcellinida/221203122546_261.jpg,Arcellinida,stressed,1,test,0.51297486
data/raw/Arcellinida/220711151704_58800.jpg,Arcellinida,stressed,1,test,0.46272847
data/raw/Arcellinida/220927103320_13.jpg,Arcellinida,stressed,1,test,0.4721892
data/raw/Arcellinida/250822151857_18200_2.jpg,Arcellinida,stressed,1,test,0.53564245
data/raw/Arcellinida/220927150708_389.jpg,Arcellinida,stressed,1,test,0.4699837
data/raw/Arcellinida/220926132633_21_3.jpg,Arcellinida,stressed,1,test,0.44775498
data/raw/Arcellinida/220924140904_517.jpg,Arcellinida,stressed,1,test,0.50967956
data/raw/Arcellinida/220822212820_35100.jpg,Arcellinida,stressed,1,test,0.49918538
data/raw/Arcellinida/250820192622_3300_2.jpg,Arcellinida,stressed,1,test,0.5712444
data/raw/Arcellinida/220712104445_70800.jpg,Arcellinida,stressed,1,test,0.534199
data/raw/Arcellinida/250819144452_9500.jpg,Arcellinida,stressed,1,test,0.5499861
data/raw/Arcellinida/220924190628_73.jpg,Arcellinida,stressed,1,test,0.5041611
data/raw/Arcellinida/250822144447_14400.jpg,Arcellinida,stressed,1,test,0.5270067
data/raw/Arcellinida/220928110514_195.jpg,Arcellinida,stressed,1,test,0.46039134
data/raw/Arcellinida/221129202130_185.jpg,Arcellinida,stressed,1,test,0.45597392
data/raw/Arcellinida/250719160003_200.jpg,Arcellinida,stressed,1,test,0.510981
data/raw/Arcellinida/220817111017_12600_2.jpg,Arcellinida,stressed,1,test,0.48943296
data/raw/Arcellinida/220926185508_74.jpg,Arcellinida,stressed,1,test,0.5131803
data/raw/Arcellinida/250819204323_12100.jpg,Arcellinida,stressed,1,test,0.50849026
data/raw/Arcellinida/220704164337_26700.jpg,Arcellinida,stressed,1,test,0.5309819
data/raw/Arcellinida/220822212820_77100.jpg,Arcellinida,stressed,1,test,0.49102366
data/raw/Arcellinida/250806190337_9400.jpg,Arcellinida,stressed,1,test,0.49209073
data/raw/Arcellinida/220715153913_142800.jpg,Arcellinida,stressed,1,test,0.4923069
data/raw/Arcellinida/250820192622_2300.jpg,Arcellinida,stressed,1,test,0.5536403
data/raw/Arcellinida/221218205314_493.jpg,Arcellinida,stressed,1,test,0.48008576
data/raw/Arcellinida/220924140904_392.jpg,Arcellinida,stressed,1,test,0.47636297
data/raw/Arcellinida/250820192622_2400_2.jpg,Arcellinida,stressed,1,test,0.50778717
data/raw/Arcellinida/220924140904_263.jpg,Arcellinida,stressed,1,test,0.50765944
data/raw/Arcellinida/220815230100_17100.jpg,Arcellinida,stressed,1,test,0.51469743
data/raw/Arcellinida/250822165008_3500.jpg,Arcellinida,stressed,1,test,0.60000247
data/raw/Arcellinida/250719133654_5300.jpg,Arcellinida,stressed,1,test,0.5554893
data/raw/Arcellinida/220706161602_166200.jpg,Arcellinida,stressed,1,test,0.50705475
data/raw/Arcellinida/220710155007_91500_2.jpg,Arcellinida,stressed,1,test,0.5052759
data/raw/Arcellinida/220927150708_260.jpg,Arcellinida,stressed,1,test,0.45895177
data/raw/Arcellinida/220825221032_36600.jpg,Arcellinida,stressed,1,test,0.4875517
data/raw/Arcellinida/250815184307_6300.jpg,Arcellinida,stressed,1,test,0.5421902
data/raw/Arcellinida/250717155619_18100_2.jpg,Arcellinida,stressed,1,test,0.5845474
data/raw/Arcellinida/220927150708_331.jpg,Arcellinida,stressed,1,test,0.5174519
data/raw/Arcellinida/220921151620_358.jpg,Arcellinida,stressed,1,test,0.5243926
data/raw/Arcellinida/250717163557_4400.jpg,Arcellinida,stressed,1,test,0.5226181
data/raw/Arcellinida/220921151620_456.jpg,Arcellinida,stressed,1,test,0.45776114
data/raw/Arcellinida/220824211549_4800.jpg,Arcellinida,stressed,1,test,0.46976438
data/raw/Arcellinida/220927183749_149.jpg,Arcellinida,stressed,1,test,0.46593097
data/raw/Arcellinida/220819132809_238800.jpg,Arcellinida,stressed,1,test,0.49266368
data/raw/Arcellinida/220923151606_127.jpg,Arcellinida,stressed,1,test,0.4658042
data/raw/Arcellinida/220715153913_84900.jpg,Arcellinida,stressed,1,test,0.511016
data/raw/Arcellinida/250818185500_14700.jpg,Arcellinida,stressed,1,test,0.4840739
data/raw/Arcellinida/220825160549_113400.jpg,Arcellinida,stressed,1,test,0.5123668
data/raw/Arcellinida/220920112849_7_2.jpg,Arcellinida,stressed,1,test,0.51675165
data/raw/Arcellinida/220711151704_72900.jpg,Arcellinida,stressed,1,test,0.4734361
data/raw/Arcellinida/250718151647_21800.jpg,Arcellinida,stressed,1,test,0.5287218
data/raw/Arcellinida/220928215317_28.jpg,Arcellinida,stressed,1,test,0.5521331
data/raw/Arcellinida/221211132350_275.jpg,Arcellinida,stressed,1,test,0.55338955
data/raw/Arcellinida/250719195847_12900.jpg,Arcellinida,stressed,1,test,0.51655114
data/raw/Arcellinida/220922191618_177.jpg,Arcellinida,stressed,1,test,0.48903432
data/raw/Arcellinida/220816110204_30300_2.jpg,Arcellinida,stressed,1,test,0.5337001
data/raw/Arcellinida/220822212820_36600.jpg,Arcellinida,stressed,1,test,0.48189414
data/raw/Arcellinida/220928153740_31.jpg,Arcellinida,stressed,1,test,0.49808446
data/raw/Arcellinida/220824211549_135300.jpg,Arcellinida,stressed,1,test,0.4626209
data/raw/Arcellinida/250819182407_19300.jpg,Arcellinida,stressed,1,test,0.5074318
data/raw/Arcellinida/250819132240_24000.jpg,Arcellinida,stressed,1,test,0.48088935
data/raw/Arcellinida/250819144452_13500.jpg,Arcellinida,stressed,1,test,0.53326887
data/raw/Arcellinida/250822154936_2000_2.jpg,Arcellinida,stressed,1,test,0.5339146
data/raw/Arcellinida/250718151647_6900.jpg,Arcellinida,stressed,1,test,0.51190543
data/raw/Arcellinida/221211111727_135_2.jpg,Arcellinida,stressed,1,test,0.5059
data/raw/Arcellinida/220701144940_245400.jpg,Arcellinida,stressed,1,test,0.5113784
data/raw/Arcellinida/250719163223_8500.jpg,Arcellinida,stressed,1,test,0.5305046
data/raw/Arcellinida/220812220906_13800.jpg,Arcellinida,stressed,1,test,0.4775061
data/raw/Arcellinida/220924190628_221.jpg,Arcellinida,stressed,1,test,0.47141552
data/raw/Arcellinida/250717155619_18100.jpg,Arcellinida,stressed,1,test,0.5014163
data/raw/Arcellinida/220819132809_237900.jpg,Arcellinida,stressed,1,test,0.4866577
data/raw/Arcellinida/220926214629_110.jpg,Arcellinida,stressed,1,test,0.5480346
data/raw/Arcellinida/220812220906_24300.jpg,Arcellinida,stressed,1,test,0.46259978
data/raw/Arcellinida/250815152852_4300.jpg,Arcellinida,stressed,1,test,0.508854
data/raw/Arcellinida/220927150708_134.jpg,Arcellinida,stressed,1,test,0.5016122
data/raw/Arcellinida/220925102517_63.jpg,Arcellinida,stressed,1,test,0.47606772
data/raw/Arcellinida/220929104728_64.jpg,Arcellinida,stressed,1,test,0.47259295
data/raw/Arcellinida/220922191618_671.jpg,Arcellinida,stressed,1,test,0.52397025
data/raw/Arcellinida/250719140643_9700.jpg,Arcellinida,stressed,1,test,0.5280401
data/raw/Arcellinida/220922093805_90_3.jpg,Arcellinida,stressed,1,test,0.5760473
data/raw/Arcellinida/220922191618_114.jpg,Arcellinida,stressed,1,test,0.5295726
data/raw/Arcellinida/220822212820_87300.jpg,Arcellinida,stressed,1,test,0.5128734
data/raw/Arcellinida/250719150530_2600_2.jpg,Arcellinida,stressed,1,test,0.5161655
data/raw/Arcellinida/250819211006_15600.jpg,Arcellinida,stressed,1,test,0.57332444
data/raw/Arcellinida/220815230100_18300.jpg,Arcellinida,stressed,1,test,0.4905159
data/raw/Arcellinida/250822144447_16900.jpg,Arcellinida,stressed,1,test,0.5089952
data/raw/Arcellinida/220716104346_41100.jpg,Arcellinida,stressed,1,test,0.4736912
data/raw/Arcellinida/250822144447_7700_3.jpg,Arcellinida,stressed,1,test,0.49323985
data/raw/Arcellinida/220822212820_130500.jpg,Arcellinida,stressed,1,test,0.45462406
data/raw/Arcellinida/220919143242_171.jpg,Arcellinida,stressed,1,test,0.5054634
data/raw/Arcellinida/220920141408_13.jpg,Arcellinida,stressed,1,test,0.5194619
data/raw/Arcellinida/220924140904_567.jpg,Arcellinida,stressed,1,test,0.5349747
data/raw/Arcellinida/220704212204_133200.jpg,Arcellinida,stressed,1,test,0.5416526
data/raw/Arcellinida/220815141852_2400.jpg,Arcellinida,stressed,1,test,0.53808504
data/raw/Arcellinida/220924140904_499_2.jpg,Arcellinida,stressed,1,test,0.5695207
data/raw/Arcellinida/220924140904_308.jpg,Arcellinida,stressed,1,test,0.49078095
data/raw/Arcellinida/250822165008_12200_2.jpg,Arcellinida,stressed,1,test,0.50909054
data/raw/Arcellinida/220715153913_137100.jpg,Arcellinida,stressed,1,test,0.4802237
data/raw/Arcellinida/250819195743_9500.jpg,Arcellinida,stressed,1,test,0.5094777
data/raw/Arcellinida/220710155007_100500.jpg,Arcellinida,stressed,1,test,0.4825568
data/raw/Arcellinida/250717173415_10100_2.jpg,Arcellinida,stressed,1,test,0.51664346
data/raw/Arcellinida/220922191618_181.jpg,Arcellinida,stressed,1,test,0.4691087
data/raw/Arcellinida/250815182602_4900.jpg,Arcellinida,stressed,1,test,0.5540539
data/raw/Arcellinida/221203134303_64.jpg,Arcellinida,stressed,1,test,0.4928541
data/raw/Arcellinida/220823165512_25800.jpg,Arcellinida,stressed,1,test,0.4862938
data/raw/Arcellinida/220824101451_7200.jpg,Arcellinida,stressed,1,test,0.4524265
data/raw/Arcellinida/220824211549_6300.jpg,Arcellinida,stressed,1,test,0.5114228
data/raw/Arcellinida/220712162334_232800.jpg,Arcellinida,stressed,1,test,0.5058349
data/raw/Arcellinida/220827204413_9900.jpg,Arcellinida,stressed,1,test,0.4950276
data/raw/Arcellinida/220707145542_68400_2.jpg,Arcellinida,stressed,1,test,0.51391876
data/raw/Arcellinida/220922132105_151.jpg,Arcellinida,stressed,1,test,0.4717823
data/raw/Arcellinida/220922132105_171.jpg,Arcellinida,stressed,1,test,0.5246698
data/raw/Arcellinida/220925151714_147.jpg,Arcellinida,stressed,1,test,0.48954523
data/raw/Arcellinida/220714151918_208200.jpg,Arcellinida,stressed,1,test,0.5113977
data/raw/Arcellinida/220924095715_30.jpg,Arcellinida,stressed,1,test,0.4536163
data/raw/Arcellinida/221215171437_73.jpg,Arcellinida,stressed,1,test,0.5132109
data/raw/Arcellinida/220927150708_109.jpg,Arcellinida,stressed,1,test,0.4801394
data/raw/Arcellinida/250820192622_6600.jpg,Arcellinida,stressed,1,test,0.5166077
data/raw/Arcellinida/250815152852_1100.jpg,Arcellinida,stressed,1,test,0.53984535
data/raw/Arcellinida/220711210818_96600.jpg,Arcellinida,stressed,1,test,0.49509516
data/raw/Arcellinida/250719140643_10500.jpg,Arcellinida,stressed,1,test,0.50870556
data/raw/Arcellinida/220815141852_20100.jpg,Arcellinida,stressed,1,test,0.4967743
data/raw/Arcellinida/220929083616_58.jpg,Arcellinida,stressed,1,test,0.5171603
data/raw/Arcellinida/220705133448_160800.jpg,Arcellinida,stressed,1,test,0.505606
data/raw/Arcellinida/220927183749_34.jpg,Arcellinida,stressed,1,test,0.522597
data/raw/Arcellinida/250822121341_8500.jpg,Arcellinida,stressed,1,test,0.52380663
data/raw/Arcellinida/250818182128_19300_2.jpg,Arcellinida,stressed,1,test,0.5114082
data/raw/Arcellinida/220927212046_212.jpg,Arcellinida,stressed,1,test,0.48040944
data/raw/Arcellinida/250818174224_17500.jpg,Arcellinida,stressed,1,test,0.5115878
data/raw/Arcellinida/220925193708_45_2.jpg,Arcellinida,stressed,1,test,0.47949728
data/raw/Arcellinida/221124153245_52.jpg,Arcellinida,stressed,1,test,0.4509734
data/raw/Arcellinida/220919192752_44.jpg,Arcellinida,stressed,1,test,0.47957185
data/raw/Arcellinida/220925102517_80.jpg,Arcellinida,stressed,1,test,0.50002515
data/raw/Arcellinida/220924140904_361.jpg,Arcellinida,stressed,1,test,0.5313926
data/raw/Arcellinida/250819195743_1400.jpg,Arcellinida,stressed,1,test,0.49264953
data/raw/Arcellinida/220922132105_816.jpg,Arcellinida,stressed,1,test,0.49641865
data/raw/Arcellinida/220823165512_95400_2.jpg,Arcellinida,stressed,1,test,0.49919206
data/raw/Arcellinida/250818192836_13900.jpg,Arcellinida,stressed,1,test,0.47523314
data/raw/Arcellinida/220922132105_27.jpg,Arcellinida,stressed,1,test,0.50404036
data/raw/Arcellinida/221217101450_142.jpg,Arcellinida,stressed,1,test,0.46055987
data/raw/Arcellinida/250822154936_16700.jpg,Arcellinida,stressed,1,test,0.5070336
data/raw/Arcellinida/220710214438_75000.jpg,Arcellinida,stressed,1,test,0.5342567
data/raw/Arcellinida/220823165512_126000.jpg,Arcellinida,stressed,1,test,0.53775626
data/raw/Arcellinida/250820145905_13400.jpg,Arcellinida,stressed,1,test,0.5019322
data/raw/Arcellinida/220822212820_62400_4.jpg,Arcellinida,stressed,1,test,0.44996554
data/raw/Arcellinida/250822201829_5700.jpg,Arcellinida,stressed,1,test,0.4948577
data/raw/Arcellinida/220823134252_16500_2.jpg,Arcellinida,stressed,1,test,0.505187
data/raw/Arcellinida/250717184843_15800.jpg,Arcellinida,stressed,1,test,0.53916377
data/raw/Arcellinida/220928153740_103.jpg,Arcellinida,stressed,1,test,0.47008425
data/raw/Arcellinida/220713091344_219000.jpg,Arcellinida,stressed,1,test,0.54028314
data/raw/Arcellinida/250719163223_8400.jpg,Arcellinida,stressed,1,test,0.49704057
data/raw/Arcellinida/220927183749_105.jpg,Arcellinida,stressed,1,test,0.5147264
data/raw/Arcellinida/220920090529_56_3.jpg,Arcellinida,stressed,1,test,0.4867232
data/raw/Arcellinida/250818200100_8700.jpg,Arcellinida,stressed,1,test,0.5422941
data/raw/Arcellinida/220929083616_103.jpg,Arcellinida,stressed,1,test,0.47023183
data/raw/Arcellinida/220820132438_301200.jpg,Arcellinida,stressed,1,test,0.51555204
data/raw/Arcellinida/221205133158_375.jpg,Arcellinida,stressed,1,test,0.49090046
data/raw/Arcellinida/220926214629_80.jpg,Arcellinida,stressed,1,test,0.49828032
data/raw/Arcellinida/250819111524_17300.jpg,Arcellinida,stressed,1,test,0.4986045
data/raw/Arcellinida/221219123632_104.jpg,Arcellinida,stressed,1,test,0.5233144
data/raw/Arcellinida/220922132105_312.jpg,Arcellinida,stressed,1,test,0.48454663
data/raw/Arcellinida/220926185508_112.jpg,Arcellinida,stressed,1,test,0.51884073
data/raw/Arcellinida/220921151620_276.jpg,Arcellinida,stressed,1,test,0.5181818
data/raw/Arcellinida/220812220906_17400.jpg,Arcellinida,stressed,1,test,0.47800466
data/raw/Arcellinida/220823214033_96300.jpg,Arcellinida,stressed,1,test,0.52809894
data/raw/Arcellinida/220923151606_110.jpg,Arcellinida,stressed,1,test,0.540685
data/raw/Arcellinida/220928110514_129.jpg,Arcellinida,stressed,1,test,0.47617248
data/raw/Arcellinida/220927183749_198.jpg,Arcellinida,stressed,1,test,0.4684484
data/raw/Arcellinida/220822212820_35400_2.jpg,Arcellinida,stressed,1,test,0.5130427
data/raw/Arcellinida/220927212046_189.jpg,Arcellinida,stressed,1,test,0.45886672
data/raw/Arcellinida/250820201731_2700.jpg,Arcellinida,stressed,1,test,0.5356571
data/raw/Arcellinida/250806193330_15100.jpg,Arcellinida,stressed,1,test,0.5078267
data/raw/Arcellinida/220922093805_63.jpg,Arcellinida,stressed,1,test,0.46561834
data/raw/Arcellinida/250718155419_16700.jpg,Arcellinida,stressed,1,test,0.4941259
data/raw/Arcellinida/220925193708_149_2.jpg,Arcellinida,stressed,1,test,0.5088938
data/raw/Arcellinida/221211111727_110.jpg,Arcellinida,stressed,1,test,0.48192593
data/raw/Arcellinida/220928215317_122.jpg,Arcellinida,stressed,1,test,0.5028064
data/raw/Arcellinida/220925193708_114.jpg,Arcellinida,stressed,1,test,0.4811372
data/raw/Arcellinida/220919143242_88.jpg,Arcellinida,stressed,1,test,0.5244054
data/raw/Arcellinida/220705205512_318900.jpg,Arcellinida,stressed,1,test,0.5038958
data/raw/Arcellinida/250822215625_10500_2.jpg,Arcellinida,stressed,1,test,0.57893264
data/raw/Arcellinida/250717184843_1300.jpg,Arcellinida,stressed,1,test,0.4966856
data/raw/Arcellinida/220705205512_246000.jpg,Arcellinida,stressed,1,test,0.49197903
data/raw/Arcellinida/250818192836_11900.jpg,Arcellinida,stressed,1,test,0.5323409
data/raw/Arcellinida/220928110514_329.jpg,Arcellinida,stressed,1,test,0.4818736
data/raw/Arcellinida/220711151704_45300.jpg,Arcellinida,stressed,1,test,0.54267526
data/raw/Arcellinida/220815230100_8700.jpg,Arcellinida,stressed,1,test,0.49745208
data/raw/Arcellinida/220919213921_24.jpg,Arcellinida,stressed,1,test,0.52678496
data/raw/Arcellinida/220926214629_111.jpg,Arcellinida,stressed,1,test,0.55255294
data/raw/Arcellinida/220925193708_188.jpg,Arcellinida,stressed,1,test,0.47361153
data/raw/Arcellinida/220713151019_220200.jpg,Arcellinida,stressed,1,test,0.49997878
data/raw/Arcellinida/220819192357_234300.jpg,Arcellinida,stressed,1,test,0.47595352
data/raw/Arcellinida/220925151714_245.jpg,Arcellinida,stressed,1,test,0.5347743
data/raw/Arcellinida/220924140904_150.jpg,Arcellinida,stressed,1,test,0.54268664
data/raw/Arcellinida/250822165008_4700_2.jpg,Arcellinida,stressed,1,test,0.533421
data/raw/Arcellinida/220924140904_297.jpg,Arcellinida,stressed,1,test,0.47836962
data/raw/Arcellinida/250822161857_3900_2.jpg,Arcellinida,stressed,1,test,0.515898
data/raw/Arcellinida/220714151918_262800.jpg,Arcellinida,stressed,1,test,0.5006707
data/raw/Arcellinida/221203134303_39.jpg,Arcellinida,stressed,1,test,0.4408063
data/raw/Arcellinida/250818203321_15100_2.jpg,Arcellinida,stressed,1,test,0.45899528
data/raw/Arcellinida/220919213921_35.jpg,Arcellinida,stressed,1,test,0.45494387
data/raw/Arcellinida/250719163223_7400.jpg,Arcellinida,stressed,1,test,0.59344596
data/raw/Arcellinida/220927150708_91.jpg,Arcellinida,stressed,1,test,0.51666707
data/raw/Arcellinida/250822212521_13100.jpg,Arcellinida,stressed,1,test,0.5242099
data/raw/Arcellinida/220823214033_120300.jpg,Arcellinida,stressed,1,test,0.49234855
data/raw/Arcellinida/220714151918_13500.jpg,Arcellinida,stressed,1,test,0.5297574
data/raw/Arcellinida/220822140537_300.jpg,Arcellinida,stressed,1,test,0.48354787
data/raw/Arcellinida/220823214033_18000.jpg,Arcellinida,stressed,1,test,0.5170221
data/raw/Arcellinida/220705133448_559200.jpg,Arcellinida,stressed,1,test,0.45755717
data/raw/Arcellinida/220820193018_88200.jpg,Arcellinida,stressed,1,test,0.48985258
data/raw/Arcellinida/220819104919_81900.jpg,Arcellinida,stressed,1,test,0.5136824
data/raw/Arcellinida/250820192622_3300_3.jpg,Arcellinida,stressed,1,test,0.49917367
data/raw/Arcellinida/250822151857_1500.jpg,Arcellinida,stressed,1,test,0.48019537
data/raw/Arcellinida/250717181032_17100.jpg,Arcellinida,stressed,1,test,0.5281481
data/raw/Arcellinida/220826192159_31200.jpg,Arcellinida,stressed,1,test,0.5068336
data/raw/Arcellinida/220819192357_232500.jpg,Arcellinida,stressed,1,test,0.55644315
data/raw/Arcellinida/220825160549_171900.jpg,Arcellinida,stressed,1,test,0.47488886
data/raw/Arcellinida/250807135930_14100.jpg,Arcellinida,stressed,1,test,0.4996736
data/raw/Arcellinida/221215094851_213.jpg,Arcellinida,stressed,1,test,0.5179549
data/raw/Arcellinida/220928110514_50.jpg,Arcellinida,stressed,1,test,0.4875864
data/raw/Arcellinida/220923151606_2_2.jpg,Arcellinida,stressed,1,test,0.46853328
data/raw/Arcellinida/220927150708_71.jpg,Arcellinida,stressed,1,test,0.49099588
data/raw/Arcellinida/221211111727_21.jpg,Arcellinida,stressed,1,test,0.53406477
data/raw/Arcellinida/220920090529_163.jpg,Arcellinida,stressed,1,test,0.48011917
data/raw/Arcellinida/220823134252_12600.jpg,Arcellinida,stressed,1,test,0.46948934
data/raw/Arcellinida/221210171926_34.jpg,Arcellinida,stressed,1,test,0.4888856
data/raw/Arcellinida/220919192752_155.jpg,Arcellinida,stressed,1,test,0.47017998
data/raw/Arcellinida/250818192836_11300.jpg,Arcellinida,stressed,1,test,0.52452564
data/raw/Arcellinida/220922102326_142.jpg,Arcellinida,stressed,1,test,0.50468916
data/raw/Arcellinida/220922191618_46.jpg,Arcellinida,stressed,1,test,0.47617826
data/raw/Arcellinida/250822121341_8600_3.jpg,Arcellinida,stressed,1,test,0.5476806
data/raw/Arcellinida/220823214033_14400.jpg,Arcellinida,stressed,1,test,0.50336385
data/raw/Arcellinida/220825221032_77400.jpg,Arcellinida,stressed,1,test,0.47699717
data/raw/Arcellinida/220815204959_71100_2.jpg,Arcellinida,stressed,1,test,0.50865316
data/raw/Arcellinida/220707145542_67800.jpg,Arcellinida,stressed,1,test,0.5568835
data/raw/Arcellinida/250818211401_2800.jpg,Arcellinida,stressed,1,test,0.55999166
data/raw/Arcellinida/250719153319_1800.jpg,Arcellinida,stressed,1,test,0.5392436
data/raw/Arcellinida/250819124516_7000.jpg,Arcellinida,stressed,1,test,0.50491506
data/raw/Arcellinida/221211095053_123.jpg,Arcellinida,stressed,1,test,0.44082806
data/raw/Arcellinida/220816110204_10200.jpg,Arcellinida,stressed,1,test,0.4896189
data/raw/Arcellinida/220923102431_311.jpg,Arcellinida,stressed,1,test,0.49163607
data/raw/Arcellinida/250815161735_3700.jpg,Arcellinida,stressed,1,test,0.5465351
data/raw/Arcellinida/220924140904_599.jpg,Arcellinida,stressed,1,test,0.4852985
data/raw/Arcellinida/250818174224_14200.jpg,Arcellinida,stressed,1,test,0.51895773
data/raw/Arcellinida/220927183749_147.jpg,Arcellinida,stressed,1,test,0.50038433
data/raw/Arcellinida/220928153740_113.jpg,Arcellinida,stressed,1,test,0.505692
data/raw/Arcellinida/220821192338_12600.jpg,Arcellinida,stressed,1,test,0.4586019
data/raw/Arcellinida/220711151704_247200.jpg,Arcellinida,stressed,1,test,0.51620394
data/raw/Arcellinida/220928110514_276.jpg,Arcellinida,stressed,1,test,0.4601242
data/raw/Arcellinida/220920090529_255.jpg,Arcellinida,stressed,1,test,0.492856
data/raw/Arcellinida/250717202858_6500.jpg,Arcellinida,stressed,1,test,0.5561298
data/raw/Arcellinida/220926185508_178.jpg,Arcellinida,stressed,1,test,0.48201904
data/raw/Arcellinida/220925102517_72.jpg,Arcellinida,stressed,1,test,0.4891613
data/raw/Arcellinida/250822165008_6600.jpg,Arcellinida,stressed,1,test,0.56802106
data/raw/Arcellinida/220707145542_100200.jpg,Arcellinida,stressed,1,test,0.51465946
data/raw/Arcellinida/220812220906_24000.jpg,Arcellinida,stressed,1,test,0.47654298
data/raw/Arcellinida/250807135930_6600.jpg,Arcellinida,stressed,1,test,0.5003364
data/raw/Arcellinida/220927183749_296.jpg,Arcellinida,stressed,1,test,0.4834723
data/raw/Arcellinida/220922132105_68_2.jpg,Arcellinida,stressed,1,test,0.49553257
data/raw/Arcellinida/250822165008_14800.jpg,Arcellinida,stressed,1,test,0.5283131
data/raw/Arcellinida/220922093805_187.jpg,Arcellinida,stressed,1,test,0.50030184
data/raw/Arcellinida/220711151704_342000.jpg,Arcellinida,stressed,1,test,0.5167736
data/raw/Arcellinida/220921151620_396.jpg,Arcellinida,stressed,1,test,0.47251588
data/raw/Arcellinida/250822212521_2000.jpg,Arcellinida,stressed,1,test,0.49589884
data/raw/Arcellinida/250822121341_15800.jpg,Arcellinida,stressed,1,test,0.53754497
data/raw/Arcellinida/250818192836_16800.jpg,Arcellinida,stressed,1,test,0.5243197
data/raw/Arcellinida/220812220906_16500.jpg,Arcellinida,stressed,1,test,0.48080754
data/raw/Arcellinida/250820201731_2800_3.jpg,Arcellinida,stressed,1,test,0.5137395
data/raw/Arcellinida/250717143235_8700.jpg,Arcellinida,stressed,1,test,0.51315457
data/raw/Arcellinida/220924140904_262.jpg,Arcellinida,stressed,1,test,0.50835437
data/raw/Arcellinida/250818203321_16100.jpg,Arcellinida,stressed,1,test,0.51656383
data/raw/Arcellinida/220710155007_26700_2.jpg,Arcellinida,stressed,1,test,0.52691483
data/raw/Arcellinida/250819211006_19700.jpg,Arcellinida,stressed,1,test,0.4811787
data/raw/Arcellinida/220823165512_146700_2.jpg,Arcellinida,stressed,1,test,0.47563758
data/raw/Arcellinida/250717163557_19100.jpg,Arcellinida,stressed,1,test,0.5675928
data/raw/Arcellinida/250818203321_15000.jpg,Arcellinida,stressed,1,test,0.4793354
data/raw/Arcellinida/250819211006_13200_2.jpg,Arcellinida,stressed,1,test,0.48812264
data/raw/Arcellinida/220710155007_96300.jpg,Arcellinida,stressed,1,test,0.50839096
data/raw/Arcellinida/220713151019_389100.jpg,Arcellinida,stressed,1,test,0.45482224
data/raw/Arcellinida/220825221032_79800.jpg,Arcellinida,stressed,1,test,0.45625997
data/raw/Arcellinida/250819214729_17900.jpg,Arcellinida,stressed,1,test,0.4925854
data/raw/Arcellinida/220922093805_101.jpg,Arcellinida,stressed,1,test,0.46761376
data/raw/Arcellinida/220922093805_90.jpg,Arcellinida,stressed,1,test,0.5070451
data/raw/Arcellinida/220701193719_310200.jpg,Arcellinida,stressed,1,test,0.4832254
data/raw/Arcellinida/250818182128_7600.jpg,Arcellinida,stressed,1,test,0.54232115
data/raw/Arcellinida/220823165512_157800.jpg,Arcellinida,stressed,1,test,0.4639155
data/raw/Arcellinida/220715103728_24900.jpg,Arcellinida,stressed,1,test,0.4821831
data/raw/Arcellinida/220710214438_129000.jpg,Arcellinida,stressed,1,test,0.5535184
data/raw/Arcellinida/220825221032_52800.jpg,Arcellinida,stressed,1,test,0.5038839
data/raw/Arcellinida/221219123632_105.jpg,Arcellinida,stressed,1,test,0.5059174
data/raw/Arcellinida/220705205512_202500.jpg,Arcellinida,stressed,1,test,0.47622856
data/raw/Arcellinida/250818160058_1600.jpg,Arcellinida,stressed,1,test,0.50197107
data/raw/Arcellinida/220920090529_57.jpg,Arcellinida,stressed,1,test,0.5159168
data/raw/Arcellinida/220924140904_300_2.jpg,Arcellinida,stressed,1,test,0.49978608
data/raw/Arcellinida/220826192159_12300.jpg,Arcellinida,stressed,1,test,0.5215606
data/raw/Arcellinida/220919213921_147_2.jpg,Arcellinida,stressed,1,test,0.47836387
data/raw/Arcellinida/220922132105_779.jpg,Arcellinida,stressed,1,test,0.50587976
data/raw/Arcellinida/250808201112_3200.jpg,Arcellinida,stressed,1,test,0.5468754
data/raw/Arcellinida/220715153913_142200.jpg,Arcellinida,stressed,1,test,0.49601302
data/raw/Arcellinida/220816152126_21900_2.jpg,Arcellinida,stressed,1,test,0.5410893
data/raw/Arcellinida/220710155007_15600.jpg,Arcellinida,stressed,1,test,0.49689832
data/raw/Arcellinida/220922132105_59.jpg,Arcellinida,stressed,1,test,0.4779449
data/raw/Arcellinida/250815144914_6200_2.jpg,Arcellinida,stressed,1,test,0.51932
data/raw/Arcellinida/250806200043_11800.jpg,Arcellinida,stressed,1,test,0.44917336
data/raw/Arcellinida/220922132105_67_2.jpg,Arcellinida,stressed,1,test,0.52790666
data/raw/Arcellinida/220822212820_20100.jpg,Arcellinida,stressed,1,test,0.47248775
data/raw/Arcellinida/250822161857_3900.jpg,Arcellinida,stressed,1,test,0.5336786
data/raw/Arcellinida/220711210818_84000.jpg,Arcellinida,stressed,1,test,0.4946818
data/raw/Arcellinida/250815152852_200.jpg,Arcellinida,stressed,1,test,0.55265456
data/raw/Arcellinida/250818174224_3600.jpg,Arcellinida,stressed,1,test,0.54899037
data/raw/Arcellinida/220926185508_2.jpg,Arcellinida,stressed,1,test,0.48583984
data/raw/Arcellinida/220927183749_6_3.jpg,Arcellinida,stressed,1,test,0.4731992
data/raw/Arcellinida/250717151549_10100.jpg,Arcellinida,stressed,1,test,0.53508687
data/raw/Arcellinida/220928110514_115.jpg,Arcellinida,stressed,1,test,0.487483
data/raw/Arcellinida/220919170459_136.jpg,Arcellinida,stressed,1,test,0.48461515
data/raw/Arcellinida/220823165512_135000.jpg,Arcellinida,stressed,1,test,0.4792766
data/raw/Arcellinida/221204173418_235.jpg,Arcellinida,stressed,1,test,0.4746434
data/raw/Arcellinida/220815230100_28200.jpg,Arcellinida,stressed,1,test,0.4846935
data/raw/Arcellinida/220819192357_193500.jpg,Arcellinida,stressed,1,test,0.47871912
data/raw/Arcellinida/220927183749_288_3.jpg,Arcellinida,stressed,1,test,0.5049229
data/raw/Arcellinida/221211111727_249.jpg,Arcellinida,stressed,1,test,0.48447737
data/raw/Arcellinida/220711151704_47700.jpg,Arcellinida,stressed,1,test,0.49739888
data/raw/Arcellinida/250719183759_2900.jpg,Arcellinida,stressed,1,test,0.55426395
data/raw/Arcellinida/220714151918_233700.jpg,Arcellinida,stressed,1,test,0.5129837
data/raw/Arcellinida/250822161857_5600.jpg,Arcellinida,stressed,1,test,0.59821695
data/raw/Arcellinida/220922102326_8.jpg,Arcellinida,stressed,1,test,0.47502
data/raw/Arcellinida/250818182128_14000.jpg,Arcellinida,stressed,1,test,0.46295127
data/raw/Arcellinida/250818160058_10600.jpg,Arcellinida,stressed,1,test,0.5209218
data/raw/Arcellinida/220928110514_128.jpg,Arcellinida,stressed,1,test,0.46734905
data/raw/Arcellinida/250822121341_1100.jpg,Arcellinida,stressed,1,test,0.5231409
data/raw/Arcellinida/220707145542_177000.jpg,Arcellinida,stressed,1,test,0.5180015
data/raw/Arcellinida/220707103914_124200.jpg,Arcellinida,stressed,1,test,0.5075011
data/raw/Arcellinida/221211111727_168.jpg,Arcellinida,stressed,1,test,0.48025247
data/raw/Arcellinida/220928194226_78.jpg,Arcellinida,stressed,1,test,0.4661828
data/raw/Arcellinida/250808185630_12500.jpg,Arcellinida,stressed,1,test,0.5658136
data/raw/Arcellinida/250822165008_6600_2.jpg,Arcellinida,stressed,1,test,0.49065635
data/raw/Arcellinida/220826105111_15900.jpg,Arcellinida,stressed,1,test,0.49489743
data/raw/Arcellinida/220922102326_104.jpg,Arcellinida,stressed,1,test,0.4939692
data/raw/Arcellinida/250815111212_5700.jpg,Arcellinida,stressed,1,test,0.5120413
data/raw/Arcellinida/220926185508_21_2.jpg,Arcellinida,stressed,1,test,0.5069549
data/raw/Arcellinida/220713151019_180000.jpg,Arcellinida,stressed,1,test,0.5346143
data/raw/Arcellinida/220923151606_100.jpg,Arcellinida,stressed,1,test,0.48663798
data/raw/Arcellinida/250822121341_2300.jpg,Arcellinida,stressed,1,test,0.5033178
data/raw/Arcellinida/220922132105_829.jpg,Arcellinida,stressed,1,test,0.49545896
data/raw/Arcellinida/250717184843_800.jpg,Arcellinida,stressed,1,test,0.565532
data/raw/Arcellinida/250822144447_8200.jpg,Arcellinida,stressed,1,test,0.5654629
data/raw/Arcellinida/220823134252_4200.jpg,Arcellinida,stressed,1,test,0.45990315
data/raw/Arcellinida/220923102431_302.jpg,Arcellinida,stressed,1,test,0.48698473
data/raw/Arcellinida/250717141432_0.jpg,Arcellinida,stressed,1,test,0.538645
data/raw/Arcellinida/220823110824_900.jpg,Arcellinida,stressed,1,test,0.5358776
data/raw/Arcellinida/220824101451_60000.jpg,Arcellinida,stressed,1,test,0.45538646
data/raw/Arcellinida/220822212820_162600.jpg,Arcellinida,stressed,1,test,0.49208444
data/raw/Arcellinida/220922102326_21.jpg,Arcellinida,stressed,1,test,0.48114523
data/raw/Arcellinida/221203122546_109.jpg,Arcellinida,stressed,1,test,0.5705081
data/raw/Arcellinida/220704164337_37500.jpg,Arcellinida,stressed,1,test,0.499855
data/raw/Arcellinida/220708152029_104100.jpg,Arcellinida,stressed,1,test,0.51385957
data/raw/Arcellinida/220926214629_7_2.jpg,Arcellinida,stressed,1,test,0.49354246
data/raw/Arcellinida/220822212820_18000.jpg,Arcellinida,stressed,1,test,0.5145922
data/raw/Arcellinida/220920090529_289.jpg,Arcellinida,stressed,1,test,0.5168086
data/raw/Arcellinida/250719190317_2300.jpg,Arcellinida,stressed,1,test,0.5161619
data/raw/Arcellinida/220825160549_192600.jpg,Arcellinida,stressed,1,test,0.5282628
data/raw/Arcellinida/220926185508_78.jpg,Arcellinida,stressed,1,test,0.52051514
data/raw/Arcellinida/220819104919_86400.jpg,Arcellinida,stressed,1,test,0.45143548
data/raw/Arcellinida/250820192622_5100.jpg,Arcellinida,stressed,1,test,0.5373519
data/raw/Arcellinida/220822212820_8400_2.jpg,Arcellinida,stressed,1,test,0.46984798
data/raw/Arcellinida/250717163557_5000.jpg,Arcellinida,stressed,1,test,0.502488
data/raw/Arcellinida/220825160549_93600.jpg,Arcellinida,stressed,1,test,0.4878685
data/raw/Arcellinida/220923151606_455.jpg,Arcellinida,stressed,1,test,0.4824031
data/raw/Arcellinida/220821212553_900_2.jpg,Arcellinida,stressed,1,test,0.52032423
data/raw/Arcellinida/220714151918_96600_2.jpg,Arcellinida,stressed,1,test,0.49247614
data/raw/Arcellinida/220822212820_170400.jpg,Arcellinida,stressed,1,test,0.46772373
data/raw/Arcellinida/221203122546_95_3.jpg,Arcellinida,stressed,1,test,0.6329564
data/raw/Arcellinida/220825160549_45300.jpg,Arcellinida,stressed,1,test,0.49306265
data/raw/Arcellinida/220929104728_13.jpg,Arcellinida,stressed,1,test,0.43720046
data/raw/Arcellinida/220924140904_542.jpg,Arcellinida,stressed,1,test,0.4912506
data/raw/Arcellinida/250822121341_9000.jpg,Arcellinida,stressed,1,test,0.4933818
data/raw/Arcellinida/221207152512_40.jpg,Arcellinida,stressed,1,test,0.5018037
data/raw/Arcellinida/220714151918_165000.jpg,Arcellinida,stressed,1,test,0.51516366
data/raw/Arcellinida/220823214033_93300.jpg,Arcellinida,stressed,1,test,0.49702606
data/raw/Arcellinida/220711132531_11400.jpg,Arcellinida,stressed,1,test,0.4656258
data/raw/Arcellinida/220923151606_322_3.jpg,Arcellinida,stressed,1,test,0.491369
data/raw/Arcellinida/250719163223_5400_3.jpg,Arcellinida,stressed,1,test,0.53009266
data/raw/Arcellinida/220920112849_15.jpg,Arcellinida,stressed,1,test,0.52870965
data/raw/Arcellinida/250822165008_6300_4.jpg,Arcellinida,stressed,1,test,0.513973
data/raw/Arcellinida/220929104728_11_2.jpg,Arcellinida,stressed,1,test,0.49000052
data/raw/Arcellinida/221211163745_262.jpg,Arcellinida,stressed,1,test,0.5085919
data/raw/Arcellinida/250815184307_18500.jpg,Arcellinida,stressed,1,test,0.53426313
data/raw/Arcellinida/250818160058_3800_2.jpg,Arcellinida,stressed,1,test,0.53883326
data/raw/Arcellinida/250719163223_3000_2.jpg,Arcellinida,stressed,1,test,0.5152448
data/raw/Arcellinida/220825160549_191100.jpg,Arcellinida,stressed,1,test,0.4486234
data/raw/Arcellinida/220922102326_108.jpg,Arcellinida,stressed,1,test,0.51263964
data/raw/Arcellinida/250819204323_13800.jpg,Arcellinida,stressed,1,test,0.48514214
data/raw/Arcellinida/220819132809_236400.jpg,Arcellinida,stressed,1,test,0.4843205
data/raw/Arcellinida/250815184307_17800.jpg,Arcellinida,stressed,1,test,0.5177782
data/raw/Arcellinida/250818203321_16700.jpg,Arcellinida,stressed,1,test,0.46962923
data/raw/Arcellinida/250818160058_11100.jpg,Arcellinida,stressed,1,test,0.48785797
data/raw/Arcellinida/221215125712_693.jpg,Arcellinida,stressed,1,test,0.48813695
data/raw/Arcellinida/220923191844_59.jpg,Arcellinida,stressed,1,test,0.48687616
data/raw/Arcellinida/220926185508_165.jpg,Arcellinida,stressed,1,test,0.47497845
data/raw/Arcellinida/220824211549_22200.jpg,Arcellinida,stressed,1,test,0.52140164
data/raw/Arcellinida/220920090529_363.jpg,Arcellinida,stressed,1,test,0.47141424
data/raw/Arcellinida/220818211606_166500.jpg,Arcellinida,stressed,1,test,0.5311386
data/raw/Arcellinida/250719181210_1900.jpg,Arcellinida,stressed,1,test,0.5303457
data/raw/Arcellinida/221214172456_428.jpg,Arcellinida,stressed,1,test,0.49863508
data/raw/Arcellinida/220928153740_5.jpg,Arcellinida,stressed,1,test,0.47490442
data/raw/Arcellinida/220924140904_432.jpg,Arcellinida,stressed,1,test,0.49384645
data/raw/Arcellinida/220822212820_900.jpg,Arcellinida,stressed,1,test,0.47819465
data/raw/Arcellinida/250818203321_3900.jpg,Arcellinida,stressed,1,test,0.49856886
data/raw/Arcellinida/220927150708_420.jpg,Arcellinida,stressed,1,test,0.5261577
data/raw/Arcellinida/220926185508_21.jpg,Arcellinida,stressed,1,test,0.48283586
data/raw/Arcellinida/220705111212_167100.jpg,Arcellinida,stressed,1,test,0.46897298
data/raw/Arcellinida/250717143235_9200.jpg,Arcellinida,stressed,1,test,0.50198185
data/raw/Arcellinida/221215094851_338.jpg,Arcellinida,stressed,1,test,0.46715274
data/raw/Arcellinida/220928194226_59.jpg,Arcellinida,stressed,1,test,0.5190312
data/raw/Arcellinida/220924140904_240.jpg,Arcellinida,stressed,1,test,0.5114056
data/raw/Arcellinida/250822121341_16000.jpg,Arcellinida,stressed,1,test,0.5353866
data/raw/Arcellinida/220823214033_108900.jpg,Arcellinida,stressed,1,test,0.4949821
data/raw/Arcellinida/220824154018_1200.jpg,Arcellinida,stressed,1,test,0.45876682
data/raw/Arcellinida/250719163223_6200.jpg,Arcellinida,stressed,1,test,0.4948071
data/raw/Arcellinida/250819164502_25600.jpg,Arcellinida,stressed,1,test,0.5258365
data/raw/Arcellinida/250822121341_0.jpg,Arcellinida,stressed,1,test,0.5080968
data/raw/Arcellinida/220928110514_366.jpg,Arcellinida,stressed,1,test,0.51565933
data/raw/Arcellinida/220923151606_340.jpg,Arcellinida,stressed,1,test,0.534946
data/raw/Arcellinida/220919192752_65.jpg,Arcellinida,stressed,1,test,0.5012638
data/raw/Arcellinida/250819124516_4100.jpg,Arcellinida,stressed,1,test,0.50271964
data/raw/Arcellinida/220816224427_71400.jpg,Arcellinida,stressed,1,test,0.49551478
data/raw/Arcellinida/250818192836_4000.jpg,Arcellinida,stressed,1,test,0.49980804
data/raw/Arcellinida/220822212820_199800.jpg,Arcellinida,stressed,1,test,0.4914413
data/raw/Arcellinida/250815184307_3600.jpg,Arcellinida,stressed,1,test,0.52634203
data/raw/Arcellinida/250719160003_7800_2.jpg,Arcellinida,stressed,1,test,0.52326983
data/raw/Arcellinida/220715153913_339300_2.jpg,Arcellinida,stressed,1,test,0.4939913
data/raw/Arcellinida/220819132809_236100.jpg,Arcellinida,stressed,1,test,0.5108237
data/raw/Arcellinida/250822121341_8800.jpg,Arcellinida,stressed,1,test,0.54855114
data/raw/Arcellinida/220922093805_89_2.jpg,Arcellinida,stressed,1,test,0.50517184
data/raw/Arcellinida/220716104346_55800.jpg,Arcellinida,stressed,1,test,0.5345257
data/raw/Arcellinida/221211111727_305.jpg,Arcellinida,stressed,1,test,0.48904517
data/raw/Arcellinida/250717184843_17500.jpg,Arcellinida,stressed,1,test,0.523992
data/raw/Arcellinida/250822165008_1700.jpg,Arcellinida,stressed,1,test,0.5258169
data/raw/Arcellinida/250822121341_1200_2.jpg,Arcellinida,stressed,1,test,0.5427183
data/raw/Arcellinida/221211205516_26.jpg,Arcellinida,stressed,1,test,0.5103649
data/raw/Arcellinida/220705133448_293700.jpg,Arcellinida,stressed,1,test,0.49467856
data/raw/Arcellinida/220922132105_671.jpg,Arcellinida,stressed,1,test,0.46315143
data/raw/Arcellinida/220927150708_297.jpg,Arcellinida,stressed,1,test,0.51985884
data/raw/Arcellinida/220715153913_145800.jpg,Arcellinida,stressed,1,test,0.4998951
data/raw/Arcellinida/221215171437_399.jpg,Arcellinida,stressed,1,test,0.4675133
data/raw/Arcellinida/220929083616_160.jpg,Arcellinida,stressed,1,test,0.47432145
data/raw/Arcellinida/250822154936_15500.jpg,Arcellinida,stressed,1,test,0.4710125
data/raw/Arcellinida/220928153740_36.jpg,Arcellinida,stressed,1,test,0.50081605
data/raw/Arcellinida/250822161857_6900.jpg,Arcellinida,stressed,1,test,0.56905276
data/raw/Arcellinida/220922132105_273.jpg,Arcellinida,stressed,1,test,0.51528144
data/raw/Arcellinida/250819214729_16100_2.jpg,Arcellinida,stressed,1,test,0.50525254
data/raw/Arcellinida/250819182407_3300.jpg,Arcellinida,stressed,1,test,0.51658285
data/raw/Arcellinida/220925125715_26.jpg,Arcellinida,stressed,1,test,0.4808786
data/raw/Arcellinida/250819211006_13700.jpg,Arcellinida,stressed,1,test,0.47765562
data/raw/Arcellinida/220819192357_97500.jpg,Arcellinida,stressed,1,test,0.49726957
data/raw/Arcellinida/220823110824_40800.jpg,Arcellinida,stressed,1,test,0.4829958
data/raw/Arcellinida/250820143224_16200.jpg,Arcellinida,stressed,1,test,0.4998035
data/raw/Arcellinida/220921151620_253.jpg,Arcellinida,stressed,1,test,0.46470103
data/raw/Arcellinida/220923131710_39.jpg,Arcellinida,stressed,1,test,0.51101625
data/raw/Arcellinida/250719143853_2000.jpg,Arcellinida,stressed,1,test,0.519199
data/raw/Arcellinida/220921151620_200_2.jpg,Arcellinida,stressed,1,test,0.4634346
data/raw/Arcellinida/250818174224_3300.jpg,Arcellinida,stressed,1,test,0.55243427
data/raw/Arcellinida/220920090529_40.jpg,Arcellinida,stressed,1,test,0.4676057
data/raw/Arcellinida/221211111727_111.jpg,Arcellinida,stressed,1,test,0.49674368
data/raw/Arcellinida/220923151606_101_2.jpg,Arcellinida,stressed,1,test,0.5035433
data/raw/Arcellinida/250819151211_14000.jpg,Arcellinida,stressed,1,test,0.5281389
data/raw/Arcellinida/220823165512_126900.jpg,Arcellinida,stressed,1,test,0.47418696
data/raw/Arcellinida/220714151918_286200.jpg,Arcellinida,stressed,1,test,0.49720243
data/raw/Arcellinida/250717151549_12500.jpg,Arcellinida,stressed,1,test,0.5375165
data/raw/Arcellinida/250718200053_20500.jpg,Arcellinida,stressed,1,test,0.51562583
data/raw/Arcellinida/220927183749_121_2.jpg,Arcellinida,stressed,1,test,0.54094887
data/raw/Arcellinida/250822203429_27100.jpg,Arcellinida,stressed,1,test,0.538911
data/raw/Arcellinida/220816152126_3900.jpg,Arcellinida,stressed,1,test,0.51098466
data/raw/Arcellinida/220926214629_38.jpg,Arcellinida,stressed,1,test,0.46107313
data/raw/Arcellinida/220711151704_69900.jpg,Arcellinida,stressed,1,test,0.51831627
data/raw/Arcellinida/220923102431_109.jpg,Arcellinida,stressed,1,test,0.52090263
data/raw/Arcellinida/250718191917_25000.jpg,Arcellinida,stressed,1,test,0.54649025
data/raw/Arcellinida/250822165008_8800.jpg,Arcellinida,stressed,1,test,0.50262326
data/raw/Arcellinida/250818160058_3800.jpg,Arcellinida,stressed,1,test,0.49160248
data/raw/Arcellinida/220823165512_103800.jpg,Arcellinida,stressed,1,test,0.49052233
data/raw/Arcellinida/250719143853_3500.jpg,Arcellinida,stressed,1,test,0.52974445
data/raw/Arcellinida/220926185508_241.jpg,Arcellinida,stressed,1,test,0.5063864
data/raw/Arcellinida/250806145357_6100_2.jpg,Arcellinida,stressed,1,test,0.4769118
data/raw/Arcellinida/220928110514_300.jpg,Arcellinida,stressed,1,test,0.4806595
data/raw/Arcellinida/250719143853_2900.jpg,Arcellinida,stressed,1,test,0.53083473
data/raw/Arcellinida/220818211606_162600.jpg,Arcellinida,stressed,1,test,0.49458516
data/raw/Arcellinida/220815230100_10800_2.jpg,Arcellinida,stressed,1,test,0.5073673
data/raw/Arcellinida/220816110204_30000.jpg,Arcellinida,stressed,1,test,0.5069336
data/raw/Arcellinida/220927103320_163.jpg,Arcellinida,stressed,1,test,0.4765191
data/raw/Arcellinida/220715153913_345900.jpg,Arcellinida,stressed,1,test,0.48362797
data/raw/Arcellinida/250719150530_6800.jpg,Arcellinida,stressed,1,test,0.56621355
data/raw/Arcellinida/221211095053_174.jpg,Arcellinida,stressed,1,test,0.4658953
data/raw/Arcellinida/250719163223_3900.jpg,Arcellinida,stressed,1,test,0.56177187
data/raw/Arcellinida/220713151019_224700.jpg,Arcellinida,stressed,1,test,0.4890832
data/raw/Arcellinida/220820193018_30300.jpg,Arcellinida,stressed,1,test,0.54224396
data/raw/Arcellinida/220922132105_147.jpg,Arcellinida,stressed,1,test,0.47258362
data/raw/Arcellinida/220922102326_29.jpg,Arcellinida,stressed,1,test,0.4819383
data/raw/Arcellinida/220919192752_101.jpg,Arcellinida,stressed,1,test,0.49136186
data/raw/Arcellinida/220924190628_30.jpg,Arcellinida,stressed,1,test,0.51181614
data/raw/Arcellinida/221209200616_158.jpg,Arcellinida,stressed,1,test,0.54383594
data/raw/Arcellinida/220819132809_249300.jpg,Arcellinida,stressed,1,test,0.48546723
data/raw/Arcellinida/220927150708_390.jpg,Arcellinida,stressed,1,test,0.48549217
data/raw/Arcellinida/221215125712_839.jpg,Arcellinida,stressed,1,test,0.50408566
data/raw/Arcellinida/220710155007_6900.jpg,Arcellinida,stressed,1,test,0.5601003
data/raw/Arcellinida/221217101450_208.jpg,Arcellinida,stressed,1,test,0.49493465
data/raw/Arcellinida/220714214255_41400.jpg,Arcellinida,stressed,1,test,0.5277202
data/raw/Arcellinida/250822144447_5500.jpg,Arcellinida,stressed,1,test,0.59729683
data/raw/Arcellinida/250819195743_9300.jpg,Arcellinida,stressed,1,test,0.52220565
data/raw/Arcellinida/250822165008_6400_5.jpg,Arcellinida,stressed,1,test,0.53159344
data/raw/Arcellinida/220707145542_85200.jpg,Arcellinida,stressed,1,test,0.47564635
data/raw/Arcellinida/220927212046_94.jpg,Arcellinida,stressed,1,test,0.5043781
data/raw/Arcellinida/250717163557_18100.jpg,Arcellinida,stressed,1,test,0.5251472
data/raw/Arcellinida/220928215317_124.jpg,Arcellinida,stressed,1,test,0.4707667
data/raw/Arcellinida/220928090731_13.jpg,Arcellinida,stressed,1,test,0.5262216
data/raw/Arcellinida/220812220906_3300.jpg,Arcellinida,stressed,1,test,0.5206497
data/raw/Arcellinida/250818203321_3500.jpg,Arcellinida,stressed,1,test,0.5211677
data/raw/Arcellinida/220708152029_112200.jpg,Arcellinida,stressed,1,test,0.50850666
data/raw/Arcellinida/220706161602_168300.jpg,Arcellinida,stressed,1,test,0.4991585
data/raw/Arcellinida/220926185508_169.jpg,Arcellinida,stressed,1,test,0.46869874
data/raw/Arcellinida/220714151918_360600.jpg,Arcellinida,stressed,1,test,0.50244224
data/raw/Arcellinida/250822191601_5800.jpg,Arcellinida,stressed,1,test,0.49685058
data/raw/Arcellinida/220928110514_366_2.jpg,Arcellinida,stressed,1,test,0.4802217
data/raw/Arcellinida/220928090731_13_2.jpg,Arcellinida,stressed,1,test,0.48722565
data/raw/Arcellinida/221212093526_616.jpg,Arcellinida,stressed,1,test,0.5443829
data/raw/Arcellinida/220822160429_89700.jpg,Arcellinida,stressed,1,test,0.44439656
data/raw/Arcellinida/220715103728_30000.jpg,Arcellinida,stressed,1,test,0.49363038
data/raw/Arcellinida/250717195045_3000.jpg,Arcellinida,stressed,1,test,0.5464718
data/raw/Arcellinida/220714151918_227400_2.jpg,Arcellinida,stressed,1,test,0.49516714
data/raw/Arcellinida/250807145440_14300.jpg,Arcellinida,stressed,1,test,0.49420843
data/raw/Arcellinida/250822215625_22400.jpg,Arcellinida,stressed,1,test,0.5293664
data/raw/Arcellinida/220927183749_6_2.jpg,Arcellinida,stressed,1,test,0.49743554
data/raw/Arcellinida/220926185508_10.jpg,Arcellinida,stressed,1,test,0.4618614
data/raw/Arcellinida/250718184126_1400.jpg,Arcellinida,stressed,1,test,0.52922696
data/raw/Arcellinida/250819164502_2600.jpg,Arcellinida,stressed,1,test,0.5490823
data/raw/Arcellinida/220715214149_31200.jpg,Arcellinida,stressed,1,test,0.4869097
data/raw/Arcellinida/220919213921_99.jpg,Arcellinida,stressed,1,test,0.49952868
data/raw/Arcellinida/250818203321_4900.jpg,Arcellinida,stressed,1,test,0.53389865
data/raw/Arcellinida/220823134252_18300.jpg,Arcellinida,stressed,1,test,0.50977075
data/raw/Arcellinida/220823165512_17100_2.jpg,Arcellinida,stressed,1,test,0.4936155
data/raw/Arcellinida/220925193708_4.jpg,Arcellinida,stressed,1,test,0.5455784
data/raw/Arcellinida/220714151918_242400.jpg,Arcellinida,stressed,1,test,0.48195276
data/raw/Arcellinida/220921151620_130.jpg,Arcellinida,stressed,1,test,0.4700608
data/raw/Arcellinida/220815141852_26100.jpg,Arcellinida,stressed,1,test,0.5307842
data/raw/Arcellinida/220815204959_47700.jpg,Arcellinida,stressed,1,test,0.46725455
data/raw/Arcellinida/220714151918_196200.jpg,Arcellinida,stressed,1,test,0.51624686
data/raw/Arcellinida/220924140904_299.jpg,Arcellinida,stressed,1,test,0.47646305
data/raw/Arcellinida/221205084652_166.jpg,Arcellinida,stressed,1,test,0.5139017
data/raw/Arcellinida/250822121341_7600_3.jpg,Arcellinida,stressed,1,test,0.50632715
data/raw/Arcellinida/220920150011_152.jpg,Arcellinida,stressed,1,test,0.53873634
data/raw/Arcellinida/220924095715_38.jpg,Arcellinida,stressed,1,test,0.48337305
data/raw/Arcellinida/220715153913_263400.jpg,Arcellinida,stressed,1,test,0.50843877
data/raw/Arcellinida/220920090529_151.jpg,Arcellinida,stressed,1,test,0.48400754
data/raw/Arcellinida/220715103728_25500.jpg,Arcellinida,stressed,1,test,0.4982584
data/raw/Arcellinida/220825110853_43800.jpg,Arcellinida,stressed,1,test,0.50133514
data/raw/Arcellinida/220712104445_21000_2.jpg,Arcellinida,stressed,1,test,0.49601877
data/raw/Arcellinida/220823165512_150300.jpg,Arcellinida,stressed,1,test,0.5350239
data/raw/Arcellinida/220817195919_27600_2.jpg,Arcellinida,stressed,1,test,0.4930467
data/raw/Arcellinida/220823165512_151200.jpg,Arcellinida,stressed,1,test,0.50669104
data/raw/Arcellinida/220924190628_67.jpg,Arcellinida,stressed,1,test,0.49462372
data/raw/Arcellinida/250820192622_2400_3.jpg,Arcellinida,stressed,1,test,0.48266175
data/raw/Arcellinida/220928215317_121.jpg,Arcellinida,stressed,1,test,0.48401615
data/raw/Arcellinida/220920150011_150.jpg,Arcellinida,stressed,1,test,0.5014897
data/raw/Arcellinida/250820192622_900.jpg,Arcellinida,stressed,1,test,0.51575446
data/raw/Arcellinida/220708152029_143400.jpg,Arcellinida,stressed,1,test,0.4626969
data/raw/Arcellinida/250719181210_12500.jpg,Arcellinida,stressed,1,test,0.5500986
data/raw/Arcellinida/220823110824_15300.jpg,Arcellinida,stressed,1,test,0.4820433
data/raw/Arcellinida/220919134357_18.jpg,Arcellinida,stressed,1,test,0.51935774
data/raw/Arcellinida/250818203321_14200.jpg,Arcellinida,stressed,1,test,0.48989773
data/raw/Arcellinida/250815111212_300_2.jpg,Arcellinida,stressed,1,test,0.5047698
data/raw/Arcellinida/220711210818_104100.jpg,Arcellinida,stressed,1,test,0.4998982
data/raw/Arcellinida/220824154018_46500.jpg,Arcellinida,stressed,1,test,0.49772328
data/raw/Arcellinida/250819214729_8300.jpg,Arcellinida,stressed,1,test,0.52459943
data/raw/Arcellinida/220714223843_33000.jpg,Arcellinida,stressed,1,test,0.4949166
data/raw/Arcellinida/220920155615_21.jpg,Arcellinida,stressed,1,test,0.49953416
data/raw/Arcellinida/250822165008_7300_2.jpg,Arcellinida,stressed,1,test,0.5476984
data/raw/Arcellinida/220706161602_167100.jpg,Arcellinida,stressed,1,test,0.52177304
data/raw/Arcellinida/220822212820_900_2.jpg,Arcellinida,stressed,1,test,0.49580508
data/raw/Arcellinida/220927150708_102.jpg,Arcellinida,stressed,1,test,0.5158358
data/raw/Arcellinida/220711151704_76500_2.jpg,Arcellinida,stressed,1,test,0.4893706
data/raw/Arcellinida/220826211851_15300.jpg,Arcellinida,stressed,1,test,0.47661453
data/raw/Arcellinida/250818211401_20000.jpg,Arcellinida,stressed,1,test,0.55291736
data/raw/Arcellinida/220928153740_40.jpg,Arcellinida,stressed,1,test,0.5434889
data/raw/Arcellinida/220919192752_108.jpg,Arcellinida,stressed,1,test,0.4871792
data/raw/Arcellinida/220824211549_11400.jpg,Arcellinida,stressed,1,test,0.47990856
data/raw/Arcellinida/250818185500_15900.jpg,Arcellinida,stressed,1,test,0.473305
data/raw/Arcellinida/220823110824_16800.jpg,Arcellinida,stressed,1,test,0.51659983
data/raw/Arcellinida/220712104445_72300.jpg,Arcellinida,stressed,1,test,0.47126326
data/raw/Arcellinida/250818203321_6800.jpg,Arcellinida,stressed,1,test,0.54701865
data/raw/Arcellinida/220711151704_250500.jpg,Arcellinida,stressed,1,test,0.4832967
data/raw/Arcellinida/220715153913_263700.jpg,Arcellinida,stressed,1,test,0.5084785
data/raw/Arcellinida/250819214729_3200.jpg,Arcellinida,stressed,1,test,0.48987266
data/raw/Arcellinida/220923151606_2.jpg,Arcellinida,stressed,1,test,0.54914343
data/raw/Arcellinida/220922191618_467.jpg,Arcellinida,stressed,1,test,0.62121296
data/raw/Arcellinida/220924140904_155_2.jpg,Arcellinida,stressed,1,test,0.52764297
data/raw/Arcellinida/220822160429_100200.jpg,Arcellinida,stressed,1,test,0.5325819
data/raw/Arcellinida/250818203321_14000_2.jpg,Arcellinida,stressed,1,test,0.47252482
data/raw/Arcellinida/220922093805_204.jpg,Arcellinida,stressed,1,test,0.5493239
data/raw/Arcellinida/220815204959_144600.jpg,Arcellinida,stressed,1,test,0.49589607
data/raw/Arcellinida/220927150708_325.jpg,Arcellinida,stressed,1,test,0.542403
data/raw/Arcellinida/220919213921_161_2.jpg,Arcellinida,stressed,1,test,0.47227728
data/raw/Arcellinida/250819132240_700.jpg,Arcellinida,stressed,1,test,0.52463406
data/raw/Arcellinida/220929083616_35_2.jpg,Arcellinida,stressed,1,test,0.46572268
data/raw/Arcellinida/250822121341_5800_2.jpg,Arcellinida,stressed,1,test,0.54164565
data/raw/Arcellinida/221217101450_205.jpg,Arcellinida,stressed,1,test,0.5384208
data/raw/Arcellinida/220826130431_310800.jpg,Arcellinida,stressed,1,test,0.47994655
data/raw/Arcellinida/250822183059_6700.jpg,Arcellinida,stressed,1,test,0.5174952
data/raw/Arcellinida/220710155007_78600.jpg,Arcellinida,stressed,1,test,0.5165897
data/raw/Arcellinida/220919192752_36.jpg,Arcellinida,stressed,1,test,0.48679218
data/raw/Arcellinida/220817195919_30000.jpg,Arcellinida,stressed,1,test,0.5180596
data/raw/Arcellinida/220921151620_31.jpg,Arcellinida,stressed,1,test,0.5021754
data/raw/Arcellinida/250822144447_300.jpg,Arcellinida,stressed,1,test,0.51100236
data/raw/Arcellinida/250819192054_10000.jpg,Arcellinida,stressed,1,test,0.52664715
data/raw/Arcellinida/220919213921_101.jpg,Arcellinida,stressed,1,test,0.5247143
data/raw/Arcellinida/250822165008_8400.jpg,Arcellinida,stressed,1,test,0.50516397
data/raw/Arcellinida/250818160058_13000.jpg,Arcellinida,stressed,1,test,0.51998067
data/raw/Arcellinida/250818192836_17900_2.jpg,Arcellinida,stressed,1,test,0.5342935
data/raw/Arcellinida/220919213921_46.jpg,Arcellinida,stressed,1,test,0.47095555
data/raw/Arcellinida/221129202130_279.jpg,Arcellinida,stressed,1,test,0.46071413
data/raw/Arcellinida/220821132750_42300.jpg,Arcellinida,stressed,1,test,0.48923892
data/raw/Arcellinida/220927183749_204.jpg,Arcellinida,stressed,1,test,0.50876987
data/raw/Arcellinida/220925151714_228.jpg,Arcellinida,stressed,1,test,0.5118195
data/raw/Arcellinida/220708152029_129000.jpg,Arcellinida,stressed,1,test,0.48460186
data/raw/Arcellinida/221215125712_177.jpg,Arcellinida,stressed,1,test,0.4805995
data/raw/Arcellinida/250820201138_200.jpg,Arcellinida,stressed,1,test,0.5294694
data/raw/Arcellinida/221214172456_95.jpg,Arcellinida,stressed,1,test,0.5669494
data/raw/Arcellinida/220927150708_132.jpg,Arcellinida,stressed,1,test,0.5127932
data/raw/Arcellinida/221129202130_193.jpg,Arcellinida,stressed,1,test,0.45362025
data/raw/Arcellinida/220823165512_152700.jpg,Arcellinida,stressed,1,test,0.479458
data/raw/Arcellinida/250806190337_10600.jpg,Arcellinida,stressed,1,test,0.5168328
data/raw/Arcellinida/220920143151_115.jpg,Arcellinida,stressed,1,test,0.49735466
data/raw/Arcellinida/220922102326_260.jpg,Arcellinida,stressed,1,test,0.5256111
data/raw/Arcellinida/250822203429_15600.jpg,Arcellinida,stressed,1,test,0.5439477
data/raw/Arcellinida/220714151918_283800.jpg,Arcellinida,stressed,1,test,0.49611586
data/raw/Arcellinida/220823165512_112800.jpg,Arcellinida,stressed,1,test,0.49787644
data/raw/Arcellinida/220927212046_274.jpg,Arcellinida,stressed,1,test,0.48208717
data/raw/Arcellinida/220822160429_44400.jpg,Arcellinida,stressed,1,test,0.45227668
data/raw/Arcellinida/220928153740_43.jpg,Arcellinida,stressed,1,test,0.5088933
data/raw/Arcellinida/220928153740_57_3.jpg,Arcellinida,stressed,1,test,0.50670856
data/raw/Arcellinida/220819192357_223200.jpg,Arcellinida,stressed,1,test,0.45221224
data/raw/Arcellinida/220921151620_299.jpg,Arcellinida,stressed,1,test,0.49129513
data/raw/Arcellinida/220824211549_1500.jpg,Arcellinida,stressed,1,test,0.52139693
data/raw/Arcellinida/220704164337_57300.jpg,Arcellinida,stressed,1,test,0.5148328
data/raw/Arcellinida/220921151620_191.jpg,Arcellinida,stressed,1,test,0.5487154
data/raw/Arcellinida/220819192357_232800.jpg,Arcellinida,stressed,1,test,0.5364729
data/raw/Arcellinida/220923151606_370.jpg,Arcellinida,stressed,1,test,0.47457558
data/raw/Arcellinida/220822212820_46800.jpg,Arcellinida,stressed,1,test,0.47384948
data/raw/Arcellinida/220705205512_79200.jpg,Arcellinida,stressed,1,test,0.48379382
data/raw/Arcellinida/220924140904_393.jpg,Arcellinida,stressed,1,test,0.47941336
data/raw/Arcellinida/221128131012_40.jpg,Arcellinida,stressed,1,test,0.48637837
data/raw/Arcellinida/220823214033_19500.jpg,Arcellinida,stressed,1,test,0.49764124
data/raw/Arcellinida/220815230100_600.jpg,Arcellinida,stressed,1,test,0.5030015
data/raw/Arcellinida/220710155007_102000.jpg,Arcellinida,stressed,1,test,0.5191532
data/raw/Arcellinida/220922174312_19.jpg,Arcellinida,stressed,1,test,0.47849756
data/raw/Arcellinida/220924095715_42.jpg,Arcellinida,stressed,1,test,0.485342
data/raw/Arcellinida/220919213921_107_2.jpg,Arcellinida,stressed,1,test,0.462412
data/raw/Arcellinida/220711151704_90600.jpg,Arcellinida,stressed,1,test,0.47921315
data/raw/Arcellinida/220819192357_193800.jpg,Arcellinida,stressed,1,test,0.501822
data/raw/Arcellinida/250819195743_16100.jpg,Arcellinida,stressed,1,test,0.53246474
data/raw/Arcellinida/250819204323_10200.jpg,Arcellinida,stressed,1,test,0.5079531
data/raw/Arcellinida/220823165512_146700.jpg,Arcellinida,stressed,1,test,0.47089228
data/raw/Arcellinida/250806145357_6100.jpg,Arcellinida,stressed,1,test,0.49364427
data/raw/Arcellinida/220926185508_251_2.jpg,Arcellinida,stressed,1,test,0.4720532
data/raw/Arcellinida/220920143151_116.jpg,Arcellinida,stressed,1,test,0.5382377
data/raw/Arcellinida/220716104346_96000.jpg,Arcellinida,stressed,1,test,0.5087443
data/raw/Arcellinida/250822154936_2000_3.jpg,Arcellinida,stressed,1,test,0.5165658
data/raw/Arcellinida/221129202130_169.jpg,Arcellinida,stressed,1,test,0.46051562
data/raw/Arcellinida/220929083616_57.jpg,Arcellinida,stressed,1,test,0.49356276
data/raw/Arcellinida/220922093805_176_2.jpg,Arcellinida,stressed,1,test,0.47786972
data/raw/Arcellinida/250819195743_24800.jpg,Arcellinida,stressed,1,test,0.6062737
data/raw/Arcellinida/250819195743_11600.jpg,Arcellinida,stressed,1,test,0.56525636
data/raw/Arcellinida/250822215625_25300.jpg,Arcellinida,stressed,1,test,0.4972837
data/raw/Arcellinida/221129202130_280.jpg,Arcellinida,stressed,1,test,0.46274588
data/raw/Arcellinida/220924095715_73.jpg,Arcellinida,stressed,1,test,0.5222529
data/raw/Arcellinida/220925151714_111.jpg,Arcellinida,stressed,1,test,0.4806703
data/raw/Arcellinida/220821152638_98700.jpg,Arcellinida,stressed,1,test,0.5144652
data/raw/Arcellinida/250822183059_15200.jpg,Arcellinida,stressed,1,test,0.5065202
data/raw/Arcellinida/220923102431_290.jpg,Arcellinida,stressed,1,test,0.5529847
data/raw/Arcellinida/220824154018_66000.jpg,Arcellinida,stressed,1,test,0.5118688
data/raw/Arcellinida/220816110204_24900_2.jpg,Arcellinida,stressed,1,test,0.52027565
data/raw/Arcellinida/250819204323_12400_2.jpg,Arcellinida,stressed,1,test,0.5635753
data/raw/Arcellinida/220711151704_46200.jpg,Arcellinida,stressed,1,test,0.49524418
data/raw/Arcellinida/250819151211_5600.jpg,Arcellinida,stressed,1,test,0.50540423
data/raw/Arcellinida/250718151647_15800.jpg,Arcellinida,stressed,1,test,0.5079536
data/raw/Arcellinida/220927183749_65.jpg,Arcellinida,stressed,1,test,0.49361926
data/raw/Arcellinida/250819214729_6100.jpg,Arcellinida,stressed,1,test,0.5245863
data/raw/Arcellinida/220714151918_159600_2.jpg,Arcellinida,stressed,1,test,0.49943522
data/raw/Arcellinida/220921151620_298.jpg,Arcellinida,stressed,1,test,0.47129855
data/raw/Arcellinida/250822154936_3000.jpg,Arcellinida,stressed,1,test,0.5151748
data/raw/Arcellinida/220824211549_113100.jpg,Arcellinida,stressed,1,test,0.5031644
data/raw/Arcellinida/220825110853_44700.jpg,Arcellinida,stressed,1,test,0.52966017
data/raw/Arcellinida/250807130843_4000.jpg,Arcellinida,stressed,1,test,0.4966844
data/raw/Arcellinida/250718132208_13800.jpg,Arcellinida,stressed,1,test,0.5148969
data/raw/Arcellinida/220825110853_40200.jpg,Arcellinida,stressed,1,test,0.4598697
data/raw/Arcellinida/220825110853_300.jpg,Arcellinida,stressed,1,test,0.5143586
data/raw/Arcellinida/220815162809_600.jpg,Arcellinida,stressed,1,test,0.49253723
data/raw/Arcellinida/220825221032_54600_2.jpg,Arcellinida,stressed,1,test,0.46630782
data/raw/Arcellinida/220922132105_34.jpg,Arcellinida,stressed,1,test,0.4939933
data/raw/Arcellinida/250820145905_4100.jpg,Arcellinida,stressed,1,test,0.5081735
data/raw/Arcellinida/220927212046_97.jpg,Arcellinida,stressed,1,test,0.49616462
data/raw/Arcellinida/250717173415_19000.jpg,Arcellinida,stressed,1,test,0.50932056
data/raw/Arcellinida/220927183749_145_2.jpg,Arcellinida,stressed,1,test,0.4611123
data/raw/Arcellinida/220819192357_71400.jpg,Arcellinida,stressed,1,test,0.54821634
data/raw/Arcellinida/250719140643_13200.jpg,Arcellinida,stressed,1,test,0.51802593
data/raw/Arcellinida/250717173415_6500.jpg,Arcellinida,stressed,1,test,0.52190834
data/raw/Arcellinida/220920141408_6.jpg,Arcellinida,stressed,1,test,0.4876919
data/raw/Arcellinida/250819195743_8300.jpg,Arcellinida,stressed,1,test,0.5092914
data/raw/Arcellinida/220928110514_114.jpg,Arcellinida,stressed,1,test,0.4666882
data/raw/Arcellinida/250818203321_9400.jpg,Arcellinida,stressed,1,test,0.5198369
data/raw/Arcellinida/220821192338_55200.jpg,Arcellinida,stressed,1,test,0.47748414
data/raw/Arcellinida/220924140904_504_2.jpg,Arcellinida,stressed,1,test,0.48952952
data/raw/Arcellinida/250717163557_10100.jpg,Arcellinida,stressed,1,test,0.54289323
data/raw/Arcellinida/250815152852_16100.jpg,Arcellinida,stressed,1,test,0.5630651
data/raw/Arcellinida/220922132105_158.jpg,Arcellinida,stressed,1,test,0.4746526
data/raw/Arcellinida/250822212521_300.jpg,Arcellinida,stressed,1,test,0.5367509
data/raw/Arcellinida/250819211006_11800.jpg,Arcellinida,stressed,1,test,0.504796
data/raw/Arcellinida/250818185500_4100_2.jpg,Arcellinida,stressed,1,test,0.55661
data/raw/Arcellinida/250822203429_16300.jpg,Arcellinida,stressed,1,test,0.56299704
data/raw/Arcellinida/220927212046_415.jpg,Arcellinida,stressed,1,test,0.50030446
data/raw/Arcellinida/220919192752_66.jpg,Arcellinida,stressed,1,test,0.5184049
data/raw/Arcellinida/220824154018_300.jpg,Arcellinida,stressed,1,test,0.47878623
data/raw/Arcellinida/250717173415_19900_2.jpg,Arcellinida,stressed,1,test,0.50895023
data/raw/Arcellinida/250819192054_8300.jpg,Arcellinida,stressed,1,test,0.46145085
data/raw/Arcellinida/220919213921_95_2.jpg,Arcellinida,stressed,1,test,0.5100052
data/raw/Arcellinida/220926103306_4.jpg,Arcellinida,stressed,1,test,0.51073366
data/raw/Arcellinida/250822161857_5700.jpg,Arcellinida,stressed,1,test,0.6096032
data/raw/Arcellinida/220817195919_216900.jpg,Arcellinida,stressed,1,test,0.47444722
data/raw/Arcellinida/220714223843_8400.jpg,Arcellinida,stressed,1,test,0.5468496
data/raw/Arcellinida/220823165512_15900.jpg,Arcellinida,stressed,1,test,0.49179193
data/raw/Arcellinida/220823165512_90900_2.jpg,Arcellinida,stressed,1,test,0.5185974
data/raw/Arcellinida/250806145357_12600.jpg,Arcellinida,stressed,1,test,0.49458408
data/raw/Arcellinida/250717143235_2400.jpg,Arcellinida,stressed,1,test,0.50562966
data/raw/Arcellinida/220927212046_469.jpg,Arcellinida,stressed,1,test,0.47568983
data/raw/Arcellinida/220926185508_96.jpg,Arcellinida,stressed,1,test,0.45020154
data/raw/Arcellinida/221212093526_625.jpg,Arcellinida,stressed,1,test,0.51420087
data/raw/Arcellinida/220927103320_46.jpg,Arcellinida,stressed,1,test,0.47226465
data/raw/Arcellinida/250822121341_6700.jpg,Arcellinida,stressed,1,test,0.48601195
data/raw/Arcellinida/250806145357_2500.jpg,Arcellinida,stressed,1,test,0.48228398
data/raw/Arcellinida/220920143151_116_2.jpg,Arcellinida,stressed,1,test,0.48121536
data/raw/Arcellinida/220823214033_108600.jpg,Arcellinida,stressed,1,test,0.5063985
data/raw/Arcellinida/250822161857_4700_3.jpg,Arcellinida,stressed,1,test,0.5236468
data/raw/Arcellinida/220714151918_132000.jpg,Arcellinida,stressed,1,test,0.5102242
data/raw/Arcellinida/220823214033_138300.jpg,Arcellinida,stressed,1,test,0.51897293
data/raw/Arcellinida/220825110853_1500.jpg,Arcellinida,stressed,1,test,0.5073247
data/raw/Arcellinida/220827131622_2700.jpg,Arcellinida,stressed,1,test,0.4884098
data/raw/Arcellinida/250717163557_1800.jpg,Arcellinida,stressed,1,test,0.4891295
data/raw/Arcellinida/220822212820_81300.jpg,Arcellinida,stressed,1,test,0.47104174
data/raw/Arcellinida/250819211006_7900.jpg,Arcellinida,stressed,1,test,0.5133607
data/raw/Arcellinida/250719160003_10500.jpg,Arcellinida,stressed,1,test,0.509797
data/raw/Arcellinida/250822121341_6800.jpg,Arcellinida,stressed,1,test,0.51637435
data/raw/Arcellinida/220921151620_430.jpg,Arcellinida,stressed,1,test,0.50353104
data/raw/Arcellinida/220819132809_198300.jpg,Arcellinida,stressed,1,test,0.51623327
data/raw/Arcellinida/220822160429_27300.jpg,Arcellinida,stressed,1,test,0.519309
data/raw/Arcellinida/220928110514_265.jpg,Arcellinida,stressed,1,test,0.49340028
data/raw/Arcellinida/220825221032_66900_3.jpg,Arcellinida,stressed,1,test,0.55757177
data/raw/Arcellinida/220922102326_15.jpg,Arcellinida,stressed,1,test,0.5584326
data/raw/Arcellinida/250717173415_9500.jpg,Arcellinida,stressed,1,test,0.4992699
data/raw/Arcellinida/220927183749_161.jpg,Arcellinida,stressed,1,test,0.48944345
data/raw/Arcellinida/250717143235_700.jpg,Arcellinida,stressed,1,test,0.5161256
data/raw/Arcellinida/220925193708_26.jpg,Arcellinida,stressed,1,test,0.4832571
data/raw/Arcellinida/221211132350_463.jpg,Arcellinida,stressed,1,test,0.46719572
data/raw/Arcellinida/220926103306_97.jpg,Arcellinida,stressed,1,test,0.47132686
data/raw/Arcellinida/220922132105_818.jpg,Arcellinida,stressed,1,test,0.5095039
data/raw/Arcellinida/220714151918_184200.jpg,Arcellinida,stressed,1,test,0.5233072
data/raw/Arcellinida/220926103306_213.jpg,Arcellinida,stressed,1,test,0.5170321
data/raw/Arcellinida/220714223843_61500.jpg,Arcellinida,stressed,1,test,0.5074632
data/raw/Arcellinida/220825160549_84600.jpg,Arcellinida,stressed,1,test,0.5131728
data/raw/Arcellinida/250818182128_10800.jpg,Arcellinida,stressed,1,test,0.49580422
data/raw/Arcellinida/250819111524_25300.jpg,Arcellinida,stressed,1,test,0.49946028
data/raw/Arcellinida/220819192357_95700.jpg,Arcellinida,stressed,1,test,0.47005168
data/raw/Arcellinida/220927150708_101.jpg,Arcellinida,stressed,1,test,0.51639116
data/raw/Arcellinida/220925102517_79.jpg,Arcellinida,stressed,1,test,0.47776043
data/raw/Arcellinida/220923151606_101.jpg,Arcellinida,stressed,1,test,0.47622505
data/raw/Arcellinida/220823165512_12900.jpg,Arcellinida,stressed,1,test,0.48373345
data/raw/Arcellinida/220921151620_179.jpg,Arcellinida,stressed,1,test,0.49636474
data/raw/Arcellinida/250818174224_13400.jpg,Arcellinida,stressed,1,test,0.52467805
data/raw/Arcellinida/220927150708_400.jpg,Arcellinida,stressed,1,test,0.52683645
data/raw/Arcellinida/250717141432_7600_2.jpg,Arcellinida,stressed,1,test,0.54789746
data/raw/Arcellinida/220927150708_389_2.jpg,Arcellinida,stressed,1,test,0.5012098
data/raw/Arcellinida/250822165008_7200.jpg,Arcellinida,stressed,1,test,0.52754164
data/raw/Arcellinida/220824211549_134700.jpg,Arcellinida,stressed,1,test,0.52222335
data/raw/Arcellinida/250815134137_3100.jpg,Arcellinida,stressed,1,test,0.5192517
data/raw/Arcellinida/220919143242_69.jpg,Arcellinida,stressed,1,test,0.51676327
data/raw/Arcellinida/220919134357_8.jpg,Arcellinida,stressed,1,test,0.5264238
data/raw/Arcellinida/250822154936_1200.jpg,Arcellinida,stressed,1,test,0.5163001
data/raw/Arcellinida/250717184843_19500.jpg,Arcellinida,stressed,1,test,0.5030335
data/raw/Nematoda/221204211250_20.jpg,Nematoda,stressed,1,test,0.4754399
data/raw/Nematoda/220822212820_199800.jpg,Nematoda,stressed,1,test,0.52539957
data/raw/Nematoda/220827111145_4800.jpg,Nematoda,stressed,1,test,0.46990785
data/raw/Nematoda/220819132809_247800.jpg,Nematoda,stressed,1,test,0.4773935
data/raw/Nematoda/220712154002_43800.jpg,Nematoda,stressed,1,test,0.6100459
data/raw/Nematoda/220712211907_12000.jpg,Nematoda,stressed,1,test,0.5970742
data/raw/Nematoda/220707145542_348000.jpg,Nematoda,stressed,1,test,0.55430007
data/raw/Nematoda/221214172456_229.jpg,Nematoda,stressed,1,test,0.58492917
data/raw/Nematoda/220815162809_35100.jpg,Nematoda,stressed,1,test,0.47559685
data/raw/Nematoda/220825221032_74400.jpg,Nematoda,stressed,1,test,0.52053875
data/raw/Nematoda/221212213734_130.jpg,Nematoda,stressed,1,test,0.50071865
data/raw/Nematoda/220820193018_37800.jpg,Nematoda,stressed,1,test,0.55669546
data/raw/Nematoda/220826105111_11400.jpg,Nematoda,stressed,1,test,0.5095742
data/raw/Nematoda/220825135254_35400.jpg,Nematoda,stressed,1,test,0.4684446
data/raw/Nematoda/220827111145_5700_2.jpg,Nematoda,stressed,1,test,0.55276024
data/raw/Nematoda/220825110853_12900.jpg,Nematoda,stressed,1,test,0.4845021
data/raw/Nematoda/220823165512_157800.jpg,Nematoda,stressed,1,test,0.53199077
data/raw/Nematoda/220823165512_127800.jpg,Nematoda,stressed,1,test,0.54833573
data/raw/Nematoda/220827192508_25800.jpg,Nematoda,stressed,1,test,0.53026116
data/raw/Nematoda/220825160549_112200_2.jpg,Nematoda,stressed,1,test,0.5695523
data/raw/Nematoda/220705205512_311400.jpg,Nematoda,stressed,1,test,0.5382811
data/raw/Nematoda/220815204959_41100.jpg,Nematoda,stressed,1,test,0.5298558
data/raw/Nematoda/220823110824_4500.jpg,Nematoda,stressed,1,test,0.5008608
data/raw/Nematoda/220826105111_18600.jpg,Nematoda,stressed,1,test,0.45556197
data/raw/Nematoda/220824211549_9000.jpg,Nematoda,stressed,1,test,0.50122637
data/raw/Nematoda/220823214033_7800.jpg,Nematoda,stressed,1,test,0.47938165
data/raw/Nematoda/220827111145_5700.jpg,Nematoda,stressed,1,test,0.46772197
data/raw/Nematoda/220822160429_73800.jpg,Nematoda,stressed,1,test,0.48105183
data/raw/Nematoda/220825221032_13500.jpg,Nematoda,stressed,1,test,0.47326028
data/raw/Nematoda/220823165512_117600.jpg,Nematoda,stressed,1,test,0.54869527
data/raw/Nematoda/220711151704_327000.jpg,Nematoda,stressed,1,test,0.55959916
data/raw/Nematoda/220712162334_232200.jpg,Nematoda,stressed,1,test,0.56067115
data/raw/Nematoda/220708152029_47100.jpg,Nematoda,stressed,1,test,0.503011
data/raw/Nematoda/220823134252_11400.jpg,Nematoda,stressed,1,test,0.5225654
data/raw/Nematoda/220823214033_51000.jpg,Nematoda,stressed,1,test,0.5372948
data/raw/Nematoda/220707221712_346500.jpg,Nematoda,stressed,1,test,0.6115935
data/raw/Nematoda/220823165512_108600.jpg,Nematoda,stressed,1,test,0.4734785
data/raw/Nematoda/220710214438_245100.jpg,Nematoda,stressed,1,test,0.51997346
data/raw/Nematoda/220704212204_29700.jpg,Nematoda,stressed,1,test,0.5352672
data/raw/Nematoda/220711151704_338100.jpg,Nematoda,stressed,1,test,0.5558173
data/raw/Nematoda/220707145542_97500.jpg,Nematoda,stressed,1,test,0.5447219
data/raw/Nematoda/220825221032_32700.jpg,Nematoda,stressed,1,test,0.445124
data/raw/Nematoda/220824211549_10200_2.jpg,Nematoda,stressed,1,test,0.4490794
data/raw/Nematoda/220826130431_280200.jpg,Nematoda,stressed,1,test,0.51541084
data/raw/Nematoda/220825160549_88500.jpg,Nematoda,stressed,1,test,0.54258144
data/raw/Nematoda/220715153913_82500.jpg,Nematoda,stressed,1,test,0.5658209
data/raw/Nematoda/220705205512_111000.jpg,Nematoda,stressed,1,test,0.56010234
data/raw/Nematoda/220711151704_381300.jpg,Nematoda,stressed,1,test,0.5174582
data/raw/Nematoda/220826130431_310800.jpg,Nematoda,stressed,1,test,0.5484271
data/raw/Nematoda/220826192159_9000.jpg,Nematoda,stressed,1,test,0.47926876
data/raw/Nematoda/220827131622_21000.jpg,Nematoda,stressed,1,test,0.46566713
data/raw/Nematoda/220716104346_113400.jpg,Nematoda,stressed,1,test,0.5154222
data/raw/Nematoda/220713151019_153000.jpg,Nematoda,stressed,1,test,0.49745136
data/raw/Nematoda/220823214033_28800.jpg,Nematoda,stressed,1,test,0.5375943
data/raw/Nematoda/220823214033_126300.jpg,Nematoda,stressed,1,test,0.4712028
data/raw/Nematoda/220825160549_86700.jpg,Nematoda,stressed,1,test,0.5440419
data/raw/Nematoda/221215171437_240.jpg,Nematoda,stressed,1,test,0.599383
data/raw/Nematoda/220707221712_28200.jpg,Nematoda,stressed,1,test,0.63052386
data/raw/Nematoda/220825221032_50700.jpg,Nematoda,stressed,1,test,0.5240029
data/raw/Nematoda/220712211907_16200.jpg,Nematoda,stressed,1,test,0.5411164
data/raw/Nematoda/220823214033_7500.jpg,Nematoda,stressed,1,test,0.59974456
data/raw/Nematoda/221212213734_131.jpg,Nematoda,stressed,1,test,0.5377908
data/raw/Nematoda/220826130431_276300.jpg,Nematoda,stressed,1,test,0.49944502
data/raw/Nematoda/220713151019_38700.jpg,Nematoda,stressed,1,test,0.5301237
data/raw/Nematoda/220711151704_170100.jpg,Nematoda,stressed,1,test,0.55114603
data/raw/Nematoda/220712211907_74400.jpg,Nematoda,stressed,1,test,0.6158852
data/raw/Nematoda/220707145542_97800.jpg,Nematoda,stressed,1,test,0.5529947
data/raw/Nematoda/220706161602_284700.jpg,Nematoda,stressed,1,test,0.57572746
data/raw/Nematoda/220705133448_237900.jpg,Nematoda,stressed,1,test,0.5724994
data/raw/Nematoda/220822160429_43500.jpg,Nematoda,stressed,1,test,0.555418
data/raw/Nematoda/220706100742_36000.jpg,Nematoda,stressed,1,test,0.5343298
data/raw/Nematoda/220710155007_4500.jpg,Nematoda,stressed,1,test,0.4760359
data/raw/Nematoda/220823110824_4200.jpg,Nematoda,stressed,1,test,0.5284994
data/raw/Nematoda/220825221032_62700.jpg,Nematoda,stressed,1,test,0.47579193
data/raw/Nematoda/220711151704_95700.jpg,Nematoda,stressed,1,test,0.49139994
data/raw/Nematoda/220826130431_290700.jpg,Nematoda,stressed,1,test,0.45657235
data/raw/Nematoda/220826105111_33000.jpg,Nematoda,stressed,1,test,0.55137104
data/raw/Nematoda/220823214033_100500_2.jpg,Nematoda,stressed,1,test,0.5467222
data/raw/Nematoda/221128131012_87.jpg,Nematoda,stressed,1,test,0.5401203
data/raw/Nematoda/220714151918_383700.jpg,Nematoda,stressed,1,test,0.5688778
data/raw/Nematoda/220708152029_47400.jpg,Nematoda,stressed,1,test,0.5182692
data/raw/Nematoda/220712211907_55500.jpg,Nematoda,stressed,1,test,0.5916219
data/raw/Nematoda/220823214033_4500.jpg,Nematoda,stressed,1,test,0.52160656
data/raw/Nematoda/220710155007_59700.jpg,Nematoda,stressed,1,test,0.5777823
data/raw/Nematoda/220714151918_261900.jpg,Nematoda,stressed,1,test,0.5790114
data/raw/Nematoda/220823214033_144900.jpg,Nematoda,stressed,1,test,0.54629105
data/raw/Nematoda/220826211851_121200.jpg,Nematoda,stressed,1,test,0.49322087
data/raw/Nematoda/220710155007_104400.jpg,Nematoda,stressed,1,test,0.5093658
data/raw/Nematoda/220824211549_7500.jpg,Nematoda,stressed,1,test,0.4913519
data/raw/Nematoda/220823165512_16200.jpg,Nematoda,stressed,1,test,0.5448197
data/raw/Nematoda/220710155007_109500.jpg,Nematoda,stressed,1,test,0.52057195
data/raw/Nematoda/220825221032_76500.jpg,Nematoda,stressed,1,test,0.5864762
data/raw/Nematoda/220826105111_18900.jpg,Nematoda,stressed,1,test,0.556263
data/raw/Nematoda/220824211549_131400.jpg,Nematoda,stressed,1,test,0.4704104
data/raw/Nematoda/220710155007_60000.jpg,Nematoda,stressed,1,test,0.49867585
data/raw/Nematoda/220827131622_13800_2.jpg,Nematoda,stressed,1,test,0.49876133
data/raw/Nematoda/220716104346_101400.jpg,Nematoda,stressed,1,test,0.4892561
data/raw/Nematoda/220824101451_15600.jpg,Nematoda,stressed,1,test,0.48239222
data/raw/Nematoda/220827131622_3600_2.jpg,Nematoda,stressed,1,test,0.45242757
data/raw/Nematoda/220823165512_158400.jpg,Nematoda,stressed,1,test,0.4943144
data/raw/Nematoda/220710214438_19200.jpg,Nematoda,stressed,1,test,0.5151683
data/raw/Nematoda/220825221032_70200_3.jpg,Nematoda,stressed,1,test,0.55666566
data/raw/Nematoda/220826192159_63600.jpg,Nematoda,stressed,1,test,0.46995997
data/raw/Nematoda/220822212820_4200.jpg,Nematoda,stressed,1,test,0.49827254
data/raw/Nematoda/220827155746_20700.jpg,Nematoda,stressed,1,test,0.49703962
data/raw/Nematoda/220823165512_110400.jpg,Nematoda,stressed,1,test,0.49197093
data/raw/Nematoda/220715153913_82800.jpg,Nematoda,stressed,1,test,0.50935763
data/raw/Nematoda/220713091344_237300.jpg,Nematoda,stressed,1,test,0.536407
data/raw/Nematoda/220707145542_217800.jpg,Nematoda,stressed,1,test,0.5218885
data/raw/Nematoda/220827111145_5100_2.jpg,Nematoda,stressed,1,test,0.5473404
data/raw/Nematoda/220820193018_39900.jpg,Nematoda,stressed,1,test,0.5383039
data/raw/Nematoda/220707103914_261000.jpg,Nematoda,stressed,1,test,0.50037897
data/raw/Nematoda/220820132438_144000.jpg,Nematoda,stressed,1,test,0.59213084
data/raw/Nematoda/220707145542_382200.jpg,Nematoda,stressed,1,test,0.58083206
data/raw/Nematoda/220823165512_110400_2.jpg,Nematoda,stressed,1,test,0.5273521
data/raw/Nematoda/220816110204_3900.jpg,Nematoda,stressed,1,test,0.55795723
data/raw/Nematoda/220826211851_155100.jpg,Nematoda,stressed,1,test,0.5020824
data/raw/Nematoda/220826211851_6000.jpg,Nematoda,stressed,1,test,0.49125218
data/raw/Nematoda/220712162334_232800.jpg,Nematoda,stressed,1,test,0.56996346
data/raw/Nematoda/220827131622_4500.jpg,Nematoda,stressed,1,test,0.4905906
data/raw/Nematoda/220706161602_106800.jpg,Nematoda,stressed,1,test,0.49639452
data/raw/Nematoda/220825160549_116700.jpg,Nematoda,stressed,1,test,0.44824138
data/raw/Nematoda/220825110853_46800.jpg,Nematoda,stressed,1,test,0.5916824
data/raw/Nematoda/220704212204_130200.jpg,Nematoda,stressed,1,test,0.53212756
data/raw/Nematoda/220820193018_41400.jpg,Nematoda,stressed,1,test,0.50080043
data/raw/Nematoda/220715153913_139500.jpg,Nematoda,stressed,1,test,0.52766114
data/raw/Nematoda/220827192508_13500.jpg,Nematoda,stressed,1,test,0.49832636
data/raw/Nematoda/220826130431_1800_2.jpg,Nematoda,stressed,1,test,0.53963596
data/raw/Nematoda/220825221032_70200.jpg,Nematoda,stressed,1,test,0.48357177
data/raw/Nematoda/220823214033_117600.jpg,Nematoda,stressed,1,test,0.55720997
data/raw/Nematoda/220827131622_11400.jpg,Nematoda,stressed,1,test,0.56984943
data/raw/Nematoda/220819192357_232200.jpg,Nematoda,stressed,1,test,0.49077708
data/raw/Nematoda/220824184740_0.jpg,Nematoda,stressed,1,test,0.571271
data/raw/Nematoda/221213180049_4.jpg,Nematoda,stressed,1,test,0.6067398
data/raw/Nematoda/220827142139_1200.jpg,Nematoda,stressed,1,test,0.4930283
data/raw/Nematoda/220823214033_101100_3.jpg,Nematoda,stressed,1,test,0.50835264
data/raw/Nematoda/220707145542_64500.jpg,Nematoda,stressed,1,test,0.56640154
data/raw/Nematoda/220706120715_81900.jpg,Nematoda,stressed,1,test,0.5351146
data/raw/Nematoda/220823214033_10200.jpg,Nematoda,stressed,1,test,0.53864694
data/raw/Nematoda/220826105111_24300.jpg,Nematoda,stressed,1,test,0.49878424
data/raw/Nematoda/220708152029_129300.jpg,Nematoda,stressed,1,test,0.50820744
data/raw/Nematoda/220823214033_91200.jpg,Nematoda,stressed,1,test,0.5278422
data/raw/Nematoda/220710214438_71700.jpg,Nematoda,stressed,1,test,0.626513
data/raw/Nematoda/220826192159_56100_2.jpg,Nematoda,stressed,1,test,0.5233852
data/raw/Nematoda/220704164337_49200.jpg,Nematoda,stressed,1,test,0.60864615
data/raw/Nematoda/220827111145_49800.jpg,Nematoda,stressed,1,test,0.5389425
data/raw/Nematoda/220823165512_110100_2.jpg,Nematoda,stressed,1,test,0.49093857
data/raw/Nematoda/220826211851_5700.jpg,Nematoda,stressed,1,test,0.46586037
data/raw/Nematoda/220826211851_113400.jpg,Nematoda,stressed,1,test,0.5010257
data/raw/Nematoda/220821212553_35100.jpg,Nematoda,stressed,1,test,0.48114154
data/raw/Nematoda/220826130431_284700.jpg,Nematoda,stressed,1,test,0.5085561
data/raw/Nematoda/220826105111_20400.jpg,Nematoda,stressed,1,test,0.5280578
data/raw/Nematoda/220823214033_14400.jpg,Nematoda,stressed,1,test,0.5348452
data/raw/Nematoda/220825221032_69900_2.jpg,Nematoda,stressed,1,test,0.566618
data/raw/Nematoda/220826211851_138000_2.jpg,Nematoda,stressed,1,test,0.45413715
data/raw/Nematoda/220825160549_112500.jpg,Nematoda,stressed,1,test,0.47432873
data/raw/Nematoda/220824154018_66000.jpg,Nematoda,stressed,1,test,0.5454672
data/raw/Nematoda/220705133448_560700.jpg,Nematoda,stressed,1,test,0.5579331
data/raw/Nematoda/220714151918_189000.jpg,Nematoda,stressed,1,test,0.5805502
data/raw/Nematoda/220707145542_64200.jpg,Nematoda,stressed,1,test,0.59314114
data/raw/Nematoda/220712162334_12300.jpg,Nematoda,stressed,1,test,0.5248573
data/raw/Nematoda/220823214033_118200.jpg,Nematoda,stressed,1,test,0.46403587
data/raw/Nematoda/220823165512_150600.jpg,Nematoda,stressed,1,test,0.5777822
data/raw/Nematoda/220823165512_135900_2.jpg,Nematoda,stressed,1,test,0.47774336
data/raw/Nematoda/220822212820_184500.jpg,Nematoda,stressed,1,test,0.5480774
data/raw/Nematoda/220826105111_10500.jpg,Nematoda,stressed,1,test,0.4744732
data/raw/Nematoda/220826192159_15600.jpg,Nematoda,stressed,1,test,0.5831998
data/raw/Nematoda/220824211549_121500.jpg,Nematoda,stressed,1,test,0.47227487
data/raw/Nematoda/220714151918_383400.jpg,Nematoda,stressed,1,test,0.55287075
data/raw/Nematoda/220823165512_21000.jpg,Nematoda,stressed,1,test,0.5123869
data/raw/Nematoda/220825160549_112200.jpg,Nematoda,stressed,1,test,0.46189818
data/raw/Nematoda/220712162334_11700.jpg,Nematoda,stressed,1,test,0.48378274
data/raw/Nematoda/220826211851_6600_2.jpg,Nematoda,stressed,1,test,0.58729374
data/raw/Nematoda/220826130431_295800.jpg,Nematoda,stressed,1,test,0.5075978
data/raw/Nematoda/220826192159_55200.jpg,Nematoda,stressed,1,test,0.49060676
data/raw/Nematoda/220826130431_303900.jpg,Nematoda,stressed,1,test,0.5435457
data/raw/Nematoda/220825221032_75000.jpg,Nematoda,stressed,1,test,0.513524
data/raw/Nematoda/220825221032_63900.jpg,Nematoda,stressed,1,test,0.47215384
data/raw/Nematoda/220823165512_108000.jpg,Nematoda,stressed,1,test,0.54364485
data/raw/Nematoda/220827111145_24600.jpg,Nematoda,stressed,1,test,0.5390374
data/raw/Nematoda/220823165512_135900.jpg,Nematoda,stressed,1,test,0.5206019
data/raw/Nematoda/221209140505_93.jpg,Nematoda,stressed,1,test,0.51833016
data/raw/Nematoda/220826105111_25200.jpg,Nematoda,stressed,1,test,0.46431503
data/raw/Nematoda/221210093417_111.jpg,Nematoda,stressed,1,test,0.54322183
data/raw/Nematoda/220824211549_4800_2.jpg,Nematoda,stressed,1,test,0.47684008
data/raw/Nematoda/220823214033_121800.jpg,Nematoda,stressed,1,test,0.49849916
data/raw/Nematoda/220823214033_96300.jpg,Nematoda,stressed,1,test,0.505963
data/raw/Nematoda/220825160549_86100.jpg,Nematoda,stressed,1,test,0.49425605
data/raw/Nematoda/220825110853_38400.jpg,Nematoda,stressed,1,test,0.53715163
data/raw/Nematoda/220823214033_115500.jpg,Nematoda,stressed,1,test,0.5309758
data/raw/Nematoda/220823214033_104400.jpg,Nematoda,stressed,1,test,0.52446795
data/raw/Nematoda/220707221712_282900.jpg,Nematoda,stressed,1,test,0.5738541
data/raw/Nematoda/220824211549_9300_2.jpg,Nematoda,stressed,1,test,0.5593956
data/raw/Nematoda/221209200616_163.jpg,Nematoda,stressed,1,test,0.6010316
data/raw/Nematoda/221215171437_463.jpg,Nematoda,stressed,1,test,0.48542818
data/raw/Nematoda/220827111145_47100.jpg,Nematoda,stressed,1,test,0.45735288
data/raw/Nematoda/220826192159_67500.jpg,Nematoda,stressed,1,test,0.4856089
data/raw/Nematoda/220706161602_63900.jpg,Nematoda,stressed,1,test,0.4920848
data/raw/Nematoda/220826192159_72000.jpg,Nematoda,stressed,1,test,0.46913043
data/raw/Nematoda/220822140537_31800_2.jpg,Nematoda,stressed,1,test,0.5592496
data/raw/Nematoda/220822140537_31800.jpg,Nematoda,stressed,1,test,0.61432576
data/raw/Nematoda/220827192508_17700.jpg,Nematoda,stressed,1,test,0.48077407
data/raw/Nematoda/220827192508_27000.jpg,Nematoda,stressed,1,test,0.5150305
data/raw/Nematoda/220704212204_135300.jpg,Nematoda,stressed,1,test,0.5787904
data/raw/Nematoda/221209200616_88.jpg,Nematoda,stressed,1,test,0.54420257
data/raw/Nematoda/220823214033_100800.jpg,Nematoda,stressed,1,test,0.49189192
data/raw/Nematoda/220824211549_134400.jpg,Nematoda,stressed,1,test,0.53332126
data/raw/Nematoda/220826211851_139800.jpg,Nematoda,stressed,1,test,0.55587363
data/raw/Nematoda/220825160549_92700.jpg,Nematoda,stressed,1,test,0.5201784
data/raw/Nematoda/220715153913_139800.jpg,Nematoda,stressed,1,test,0.48871917
data/raw/Nematoda/220823214033_119400.jpg,Nematoda,stressed,1,test,0.5574018
data/raw/Nematoda/220827111145_47700.jpg,Nematoda,stressed,1,test,0.5373782
data/raw/Nematoda/220706212903_338100.jpg,Nematoda,stressed,1,test,0.5094394
data/raw/Nematoda/220822212820_76200.jpg,Nematoda,stressed,1,test,0.55828816
data/raw/Nematoda/220821192338_118800.jpg,Nematoda,stressed,1,test,0.5801179
data/raw/Nematoda/220706120715_168300.jpg,Nematoda,stressed,1,test,0.51048785
data/raw/Nematoda/220821212553_32700.jpg,Nematoda,stressed,1,test,0.5547622
data/raw/Nematoda/220825221032_89100.jpg,Nematoda,stressed,1,test,0.4600278
data/raw/Nematoda/220710155007_104700.jpg,Nematoda,stressed,1,test,0.5939289
data/raw/Nematoda/220826211851_154200.jpg,Nematoda,stressed,1,test,0.49617305
data/raw/Nematoda/220715103728_24600.jpg,Nematoda,stressed,1,test,0.5649565
data/raw/Nematoda/220706161602_90300.jpg,Nematoda,stressed,1,test,0.49639547
data/raw/Nematoda/220707145542_75600.jpg,Nematoda,stressed,1,test,0.62403834
data/raw/Nematoda/250808201112_8600.jpg,Nematoda,stressed,1,test,0.5532811
data/raw/Nematoda/220827111145_46800.jpg,Nematoda,stressed,1,test,0.479634
data/raw/Nematoda/220827155746_71400.jpg,Nematoda,stressed,1,test,0.4722168
data/raw/Nematoda/220824211549_136500.jpg,Nematoda,stressed,1,test,0.5444964
data/raw/Nematoda/220823110824_39600_2.jpg,Nematoda,stressed,1,test,0.50070417
data/raw/Nematoda/220714223843_11100.jpg,Nematoda,stressed,1,test,0.53316855
data/raw/Nematoda/220827192508_12300.jpg,Nematoda,stressed,1,test,0.5163868
data/raw/Nematoda/220826192159_67500_3.jpg,Nematoda,stressed,1,test,0.541372
data/raw/Nematoda/220825221032_82200.jpg,Nematoda,stressed,1,test,0.49863186
data/raw/Nematoda/220825160549_90000.jpg,Nematoda,stressed,1,test,0.5997754
data/raw/Nematoda/220704164337_2400.jpg,Nematoda,stressed,1,test,0.5922444
data/raw/Nematoda/220827192508_68100.jpg,Nematoda,stressed,1,test,0.5102422
data/raw/Nematoda/220708152029_99000.jpg,Nematoda,stressed,1,test,0.5014438
data/raw/Nematoda/220825135254_37200.jpg,Nematoda,stressed,1,test,0.47923455
data/raw/Nematoda/220825160549_94200_2.jpg,Nematoda,stressed,1,test,0.5407343
data/raw/Nematoda/220823165512_15900.jpg,Nematoda,stressed,1,test,0.4840792
data/raw/Nematoda/220823165512_94200.jpg,Nematoda,stressed,1,test,0.52434134
data/raw/Nematoda/220826211851_4200.jpg,Nematoda,stressed,1,test,0.513716
data/raw/Nematoda/220823214033_50100.jpg,Nematoda,stressed,1,test,0.4913233
data/raw/Nematoda/220705205512_101400.jpg,Nematoda,stressed,1,test,0.5383589
data/raw/Nematoda/220815162809_35400.jpg,Nematoda,stressed,1,test,0.48839927
data/raw/Nematoda/220821212553_30900.jpg,Nematoda,stressed,1,test,0.5659847
data/raw/Nematoda/250717143235_5100.jpg,Nematoda,stressed,1,test,0.4941949
data/raw/Nematoda/220820193018_40200.jpg,Nematoda,stressed,1,test,0.5116273
data/raw/Nematoda/220715214149_26400.jpg,Nematoda,stressed,1,test,0.5284816
data/raw/Nematoda/220827111145_31800.jpg,Nematoda,stressed,1,test,0.538342
data/raw/Nematoda/220710214438_231000.jpg,Nematoda,stressed,1,test,0.57349867
data/raw/Nematoda/220823214033_9000.jpg,Nematoda,stressed,1,test,0.5988656
data/raw/Nematoda/220827131622_6000.jpg,Nematoda,stressed,1,test,0.48640913
data/raw/Nematoda/220706100742_13500.jpg,Nematoda,stressed,1,test,0.5591864
data/raw/Nematoda/220823165512_112800.jpg,Nematoda,stressed,1,test,0.57495236
data/raw/Nematoda/220826105111_20700.jpg,Nematoda,stressed,1,test,0.51239085
data/raw/Nematoda/220825221032_11100.jpg,Nematoda,stressed,1,test,0.50625557
data/raw/Nematoda/220817195919_79500.jpg,Nematoda,stressed,1,test,0.505087
data/raw/Nematoda/220823165512_97500.jpg,Nematoda,stressed,1,test,0.5275606
data/raw/Nematoda/220823165512_156000.jpg,Nematoda,stressed,1,test,0.488281
data/raw/Nematoda/220825160549_86100_2.jpg,Nematoda,stressed,1,test,0.4736245
data/raw/Nematoda/220827155746_20400.jpg,Nematoda,stressed,1,test,0.48552063
data/raw/Nematoda/220706212903_449700.jpg,Nematoda,stressed,1,test,0.57074493
data/raw/Nematoda/221215171437_465.jpg,Nematoda,stressed,1,test,0.54808235
data/raw/Nematoda/220825160549_88200.jpg,Nematoda,stressed,1,test,0.4998301
data/raw/Nematoda/220826130431_300900.jpg,Nematoda,stressed,1,test,0.51821584
data/raw/Nematoda/220827111145_48900.jpg,Nematoda,stressed,1,test,0.5089704
data/raw/Nematoda/220824211549_7200.jpg,Nematoda,stressed,1,test,0.57188994
data/raw/Nematoda/220824211549_113400.jpg,Nematoda,stressed,1,test,0.4855706
data/raw/Nematoda/220822140537_0.jpg,Nematoda,stressed,1,test,0.45720962
data/raw/Nematoda/220815194957_8700.jpg,Nematoda,stressed,1,test,0.623605
data/raw/Nematoda/220824211549_15900.jpg,Nematoda,stressed,1,test,0.52008337
data/raw/Nematoda/220707103914_76500.jpg,Nematoda,stressed,1,test,0.54944354
data/raw/Nematoda/220826211851_23400.jpg,Nematoda,stressed,1,test,0.45553735
data/raw/Nematoda/220823214033_101100_2.jpg,Nematoda,stressed,1,test,0.49033383
data/raw/Nematoda/220827192508_16200.jpg,Nematoda,stressed,1,test,0.44697353
data/raw/Nematoda/220823214033_8100_2.jpg,Nematoda,stressed,1,test,0.5237055
data/raw/Nematoda/220705205512_85800.jpg,Nematoda,stressed,1,test,0.47959548
data/raw/Nematoda/220706212903_256800.jpg,Nematoda,stressed,1,test,0.54583585
data/raw/Nematoda/221209200616_169.jpg,Nematoda,stressed,1,test,0.5374801
data/raw/Nematoda/220715153913_147600.jpg,Nematoda,stressed,1,test,0.542231
data/raw/Nematoda/220827192508_68700.jpg,Nematoda,stressed,1,test,0.5009448
data/raw/Nematoda/220822212820_35400.jpg,Nematoda,stressed,1,test,0.4789439
data/raw/Nematoda/250719143853_6900.jpg,Nematoda,stressed,1,test,0.535055
data/raw/Nematoda/220825160549_91200.jpg,Nematoda,stressed,1,test,0.5692865
data/raw/Nematoda/220825160549_94200.jpg,Nematoda,stressed,1,test,0.5320798
data/raw/Nematoda/220826211851_16800.jpg,Nematoda,stressed,1,test,0.48384324
data/raw/Nematoda/220827131622_13200.jpg,Nematoda,stressed,1,test,0.53139126
data/raw/Nematoda/220707221712_19800.jpg,Nematoda,stressed,1,test,0.625772
data/raw/Nematoda/220823165512_107700.jpg,Nematoda,stressed,1,test,0.52835214
data/raw/Nematoda/220823214033_117600_2.jpg,Nematoda,stressed,1,test,0.5780679
data/raw/Nematoda/220826192159_33000.jpg,Nematoda,stressed,1,test,0.4841079
data/raw/Nematoda/220823134252_11700.jpg,Nematoda,stressed,1,test,0.56162554
data/raw/Nematoda/220714223843_11400.jpg,Nematoda,stressed,1,test,0.5127682
data/raw/Nematoda/220823214033_8100.jpg,Nematoda,stressed,1,test,0.4896419
data/raw/Nematoda/220823214033_82800.jpg,Nematoda,stressed,1,test,0.5671281
data/raw/Nematoda/220827192508_58500.jpg,Nematoda,stressed,1,test,0.47394744
data/raw/Nematoda/221214172456_230.jpg,Nematoda,stressed,1,test,0.5305029
data/raw/Nematoda/220823165512_160500.jpg,Nematoda,stressed,1,test,0.52333605
data/raw/Nematoda/220825221032_78000.jpg,Nematoda,stressed,1,test,0.53372157
data/raw/Nematoda/220825191956_13500.jpg,Nematoda,stressed,1,test,0.4952166
data/raw/Nematoda/220815194957_9000.jpg,Nematoda,stressed,1,test,0.60215837
data/raw/Nematoda/221213180049_3.jpg,Nematoda,stressed,1,test,0.63262945
data/raw/Nematoda/220825135254_36000.jpg,Nematoda,stressed,1,test,0.5731274
data/raw/Nematoda/220823165512_123600.jpg,Nematoda,stressed,1,test,0.4711265
data/raw/Nematoda/220825221032_63600.jpg,Nematoda,stressed,1,test,0.5433748
data/raw/Nematoda/220707221712_346800.jpg,Nematoda,stressed,1,test,0.625165
data/raw/Nematoda/220625152853_6300.jpg,Nematoda,stressed,1,test,0.55137265
data/raw/Nematoda/220705133448_432300.jpg,Nematoda,stressed,1,test,0.5477565
data/raw/Nematoda/220710214438_72000.jpg,Nematoda,stressed,1,test,0.61050075
data/raw/Nematoda/220825135254_34800.jpg,Nematoda,stressed,1,test,0.4672432
data/raw/Nematoda/220824101451_57900.jpg,Nematoda,stressed,1,test,0.5437626
data/raw/Nematoda/220706100742_112500.jpg,Nematoda,stressed,1,test,0.5792405
data/raw/Nematoda/220821192338_92400_2.jpg,Nematoda,stressed,1,test,0.51913655
data/raw/Nematoda/220821192338_43500_2.jpg,Nematoda,stressed,1,test,0.5060074
data/raw/Nematoda/220714151918_261600_2.jpg,Nematoda,stressed,1,test,0.6205217
data/raw/Nematoda/220826211851_138300.jpg,Nematoda,stressed,1,test,0.47201243
data/raw/Nematoda/220823214033_19500.jpg,Nematoda,stressed,1,test,0.5933187
data/raw/Nematoda/220704212204_51900.jpg,Nematoda,stressed,1,test,0.5447478
data/raw/Nematoda/221218205314_2.jpg,Nematoda,stressed,1,test,0.53102845
data/raw/Nematoda/220826130431_284700_2.jpg,Nematoda,stressed,1,test,0.51522255
data/raw/Nematoda/220825191956_0.jpg,Nematoda,stressed,1,test,0.47020268
data/raw/Nematoda/220826192159_12000.jpg,Nematoda,stressed,1,test,0.503523
data/raw/Nematoda/220708152029_180600.jpg,Nematoda,stressed,1,test,0.53082573
data/raw/Nematoda/220826192159_55800.jpg,Nematoda,stressed,1,test,0.51145977
data/raw/Nematoda/221215171437_300.jpg,Nematoda,stressed,1,test,0.55211234
data/raw/Nematoda/220823214033_67200_2.jpg,Nematoda,stressed,1,test,0.5063968
data/raw/Nematoda/220824101451_18000.jpg,Nematoda,stressed,1,test,0.48699123
data/raw/Nematoda/220826130431_310500.jpg,Nematoda,stressed,1,test,0.52731526
data/raw/Nematoda/220823165512_110100.jpg,Nematoda,stressed,1,test,0.5090642
data/raw/Nematoda/220823165512_86400.jpg,Nematoda,stressed,1,test,0.5265895
data/raw/Nematoda/220823214033_85200.jpg,Nematoda,stressed,1,test,0.51930046
data/raw/Nematoda/220715214149_15300.jpg,Nematoda,stressed,1,test,0.52901405
data/raw/Nematoda/220712162334_232500.jpg,Nematoda,stressed,1,test,0.6444754
data/raw/Nematoda/220827142139_7200_3.jpg,Nematoda,stressed,1,test,0.5471276
data/raw/Nematoda/220704164337_300.jpg,Nematoda,stressed,1,test,0.42806187
data/raw/Nematoda/220823165512_82800.jpg,Nematoda,stressed,1,test,0.5367638
data/raw/Nematoda/221215171437_299.jpg,Nematoda,stressed,1,test,0.5381896
data/raw/Nematoda/220823214033_9300.jpg,Nematoda,stressed,1,test,0.54926467
data/raw/Nematoda/220827111145_26400.jpg,Nematoda,stressed,1,test,0.54599845
data/raw/Nematoda/220707103914_259500.jpg,Nematoda,stressed,1,test,0.49778795
data/raw/Nematoda/220827111145_20400.jpg,Nematoda,stressed,1,test,0.5312988
data/raw/Nematoda/220823165512_20100.jpg,Nematoda,stressed,1,test,0.51583314
data/raw/Nematoda/220827131622_3300.jpg,Nematoda,stressed,1,test,0.57732385
data/raw/Nematoda/220823165512_104100.jpg,Nematoda,stressed,1,test,0.49824023
data/raw/Nematoda/220826192159_5100.jpg,Nematoda,stressed,1,test,0.4719268
data/raw/Nematoda/220826192159_64800.jpg,Nematoda,stressed,1,test,0.5498398
data/raw/Nematoda/220826130431_1800_3.jpg,Nematoda,stressed,1,test,0.5192277
data/raw/Nematoda/220826211851_300.jpg,Nematoda,stressed,1,test,0.5738229
data/raw/Nematoda/220712154002_30600.jpg,Nematoda,stressed,1,test,0.6137805
data/raw/Nematoda/220826211851_2100.jpg,Nematoda,stressed,1,test,0.45805895
data/raw/Nematoda/220708152029_139500.jpg,Nematoda,stressed,1,test,0.5121004
data/raw/Nematoda/220711151704_317100.jpg,Nematoda,stressed,1,test,0.54673046
data/raw/Nematoda/220826211851_6600.jpg,Nematoda,stressed,1,test,0.47399047
data/raw/Nematoda/220712154002_44100.jpg,Nematoda,stressed,1,test,0.5900132
data/raw/Nematoda/220705133448_526800.jpg,Nematoda,stressed,1,test,0.56293905
data/raw/Nematoda/220827142139_7200_2.jpg,Nematoda,stressed,1,test,0.4884909
data/raw/Nematoda/220826211851_143700.jpg,Nematoda,stressed,1,test,0.5184365
data/raw/Nematoda/250717173415_1700.jpg,Nematoda,stressed,1,test,0.48004827
data/raw/Nematoda/220825160549_90900.jpg,Nematoda,stressed,1,test,0.48978773
data/raw/Nematoda/220823214033_7800_2.jpg,Nematoda,stressed,1,test,0.47255725
data/raw/Nematoda/220708152029_92100.jpg,Nematoda,stressed,1,test,0.5190898
data/raw/Nematoda/220827155746_18600.jpg,Nematoda,stressed,1,test,0.54725283
data/raw/Nematoda/220823134252_12600.jpg,Nematoda,stressed,1,test,0.51844424
data/raw/Nematoda/220825110853_22200.jpg,Nematoda,stressed,1,test,0.533785
data/raw/Nematoda/220710155007_56400.jpg,Nematoda,stressed,1,test,0.5320039
data/raw/Nematoda/220823214033_73800.jpg,Nematoda,stressed,1,test,0.48113522
data/raw/Nematoda/220823214033_83100.jpg,Nematoda,stressed,1,test,0.52046466
data/raw/Nematoda/220826211851_158100.jpg,Nematoda,stressed,1,test,0.50919366
data/raw/Nematoda/221213180049_196.jpg,Nematoda,stressed,1,test,0.53841716
data/raw/Nematoda/220823165512_135600.jpg,Nematoda,stressed,1,test,0.51140857
data/raw/Nematoda/220706212903_302400.jpg,Nematoda,stressed,1,test,0.57855034
data/raw/Nematoda/220707221712_30300.jpg,Nematoda,stressed,1,test,0.5306002
data/raw/Nematoda/221213180049_2.jpg,Nematoda,stressed,1,test,0.6258563
data/raw/Nematoda/220825221032_92400.jpg,Nematoda,stressed,1,test,0.5305856
data/raw/Nematoda/220826130431_290700_2.jpg,Nematoda,stressed,1,test,0.500181
data/raw/Nematoda/220704212204_129900.jpg,Nematoda,stressed,1,test,0.53181463
data/raw/Nematoda/220821212553_31800.jpg,Nematoda,stressed,1,test,0.51087815
data/raw/Nematoda/220823165512_155700.jpg,Nematoda,stressed,1,test,0.50150204
data/raw/Nematoda/220827111145_28500.jpg,Nematoda,stressed,1,test,0.57274747
data/raw/Nematoda/220712154002_30900.jpg,Nematoda,stressed,1,test,0.59345126
data/raw/Nematoda/220825221032_40500_2.jpg,Nematoda,stressed,1,test,0.46146104
data/raw/Nematoda/221203134303_110.jpg,Nematoda,stressed,1,test,0.62094605
data/raw/Nematoda/220706100742_2700.jpg,Nematoda,stressed,1,test,0.5460233
data/raw/Nematoda/220707221712_219300.jpg,Nematoda,stressed,1,test,0.5393612
data/raw/Nematoda/220824211549_135300.jpg,Nematoda,stressed,1,test,0.53463644
data/raw/Nematoda/220716104346_76800.jpg,Nematoda,stressed,1,test,0.4976356
data/raw/Nematoda/220826211851_129600.jpg,Nematoda,stressed,1,test,0.480072
data/raw/Nematoda/221203134303_109.jpg,Nematoda,stressed,1,test,0.5563583
data/raw/Nematoda/220822184727_6300.jpg,Nematoda,stressed,1,test,0.51243496
data/raw/Nematoda/220712211907_15900.jpg,Nematoda,stressed,1,test,0.62272257
data/raw/Nematoda/220821192338_43500.jpg,Nematoda,stressed,1,test,0.54026437
data/raw/Nematoda/220824211549_10200.jpg,Nematoda,stressed,1,test,0.5427303
data/raw/Nematoda/220824184740_24000.jpg,Nematoda,stressed,1,test,0.4663196
data/raw/Nematoda/220711151704_74700.jpg,Nematoda,stressed,1,test,0.53232163
data/raw/Nematoda/220821212553_35400.jpg,Nematoda,stressed,1,test,0.52129406
data/raw/Nematoda/220825221032_20100.jpg,Nematoda,stressed,1,test,0.51292896
data/raw/Nematoda/220823214033_91500.jpg,Nematoda,stressed,1,test,0.58411795
data/raw/Nematoda/220705205512_160800.jpg,Nematoda,stressed,1,test,0.5187056
data/raw/Nematoda/220821192338_119100.jpg,Nematoda,stressed,1,test,0.52885807
data/raw/Nematoda/220706161602_294000.jpg,Nematoda,stressed,1,test,0.60753226
data/raw/Nematoda/220824211549_117900.jpg,Nematoda,stressed,1,test,0.52187777
data/raw/Nematoda/220712211907_17100.jpg,Nematoda,stressed,1,test,0.5716635
data/raw/Nematoda/220823165512_158400_2.jpg,Nematoda,stressed,1,test,0.49912316
data/raw/Nematoda/220713151019_38400.jpg,Nematoda,stressed,1,test,0.54420483
data/raw/Nematoda/220823214033_23100.jpg,Nematoda,stressed,1,test,0.5145507
data/raw/Nematoda/220825135254_37500.jpg,Nematoda,stressed,1,test,0.5291728
data/raw/Nematoda/220824211549_130800_2.jpg,Nematoda,stressed,1,test,0.53410035
data/raw/Nematoda/220823165512_158700.jpg,Nematoda,stressed,1,test,0.536552
data/raw/Nematoda/220710155007_109800.jpg,Nematoda,stressed,1,test,0.5510277
data/raw/Nematoda/220710155007_109200.jpg,Nematoda,stressed,1,test,0.5873723
data/raw/Nematoda/220824211549_9300.jpg,Nematoda,stressed,1,test,0.4970703
data/raw/Nematoda/220825221032_82200_2.jpg,Nematoda,stressed,1,test,0.5390973
data/raw/Nematoda/220711151704_327300.jpg,Nematoda,stressed,1,test,0.5229367
data/raw/Nematoda/221216103701_107.jpg,Nematoda,stressed,1,test,0.60028327
data/raw/Nematoda/220824211549_15600.jpg,Nematoda,stressed,1,test,0.5831541
data/raw/Nematoda/220823214033_7200.jpg,Nematoda,stressed,1,test,0.5994526
data/raw/Nematoda/220708152029_85800.jpg,Nematoda,stressed,1,test,0.46636188
data/raw/Nematoda/220823165512_150900.jpg,Nematoda,stressed,1,test,0.48078945
data/raw/Nematoda/220821192338_125100.jpg,Nematoda,stressed,1,test,0.5075662
data/raw/Nematoda/220823214033_88800.jpg,Nematoda,stressed,1,test,0.48620176
data/raw/Nematoda/220707221712_363900.jpg,Nematoda,stressed,1,test,0.5708655
data/raw/Nematoda/220827131622_15600.jpg,Nematoda,stressed,1,test,0.50423217
data/raw/Nematoda/220827111145_5400.jpg,Nematoda,stressed,1,test,0.5747902
data/raw/Nematoda/220826211851_138000.jpg,Nematoda,stressed,1,test,0.5133854
data/raw/Nematoda/220826211851_9900.jpg,Nematoda,stressed,1,test,0.4677909
data/raw/Nematoda/220827192508_52800.jpg,Nematoda,stressed,1,test,0.4968513
data/raw/Nematoda/220824101451_7200.jpg,Nematoda,stressed,1,test,0.49202314
data/raw/Nematoda/220824211549_130800.jpg,Nematoda,stressed,1,test,0.5827383
data/raw/Nematoda/220826211851_158700.jpg,Nematoda,stressed,1,test,0.5217362
data/raw/Nematoda/220702195412_63300.jpg,Nematoda,stressed,1,test,0.5335378
data/raw/Nematoda/220825110853_20700.jpg,Nematoda,stressed,1,test,0.55986303
data/raw/Nematoda/220825221032_62400.jpg,Nematoda,stressed,1,test,0.4632302
data/raw/Nematoda/220705205512_161100.jpg,Nematoda,stressed,1,test,0.5242433
data/raw/Nematoda/220704212204_51600.jpg,Nematoda,stressed,1,test,0.5348716
data/raw/Nematoda/220822212820_188700.jpg,Nematoda,stressed,1,test,0.573638
data/raw/Nematoda/220825160549_92400.jpg,Nematoda,stressed,1,test,0.53298634
data/raw/Nematoda/220823214033_137100.jpg,Nematoda,stressed,1,test,0.55511564
data/raw/Nematoda/220822212820_184800.jpg,Nematoda,stressed,1,test,0.47741923
data/raw/Nematoda/220825110853_48900.jpg,Nematoda,stressed,1,test,0.4665514
data/raw/Nematoda/220825110853_16800_2.jpg,Nematoda,stressed,1,test,0.48765743
data/raw/Nematoda/220823134252_9600.jpg,Nematoda,stressed,1,test,0.49711263
data/raw/Nematoda/220826192159_57000.jpg,Nematoda,stressed,1,test,0.54675174
data/raw/Nematoda/220825160549_91500.jpg,Nematoda,stressed,1,test,0.5123418
data/raw/Nematoda/220715153913_108900.jpg,Nematoda,stressed,1,test,0.5039622
data/raw/Nematoda/220826105111_4200.jpg,Nematoda,stressed,1,test,0.49508792
data/raw/Nematoda/220710214438_270300.jpg,Nematoda,stressed,1,test,0.4682276
data/raw/Nematoda/220823165512_107400.jpg,Nematoda,stressed,1,test,0.50534606
data/raw/Nematoda/220706100742_119700.jpg,Nematoda,stressed,1,test,0.5169553
data/raw/Nematoda/220714151918_264600.jpg,Nematoda,stressed,1,test,0.56127024
data/raw/Nematoda/220824211549_132000.jpg,Nematoda,stressed,1,test,0.4666656
data/raw/Nematoda/220824140750_21300.jpg,Nematoda,stressed,1,test,0.5008571
data/raw/Nematoda/220824211549_109200.jpg,Nematoda,stressed,1,test,0.4589358
data/raw/Nematoda/220710155007_88500.jpg,Nematoda,stressed,1,test,0.5264057
data/raw/Nematoda/220826130431_285600.jpg,Nematoda,stressed,1,test,0.51641566
data/raw/Nematoda/220710214438_34200.jpg,Nematoda,stressed,1,test,0.49055076
data/raw/Nematoda/220707221712_124500.jpg,Nematoda,stressed,1,test,0.5615377
data/raw/Nematoda/220823214033_72600.jpg,Nematoda,stressed,1,test,0.5384852
data/raw/Nematoda/220826105111_27000.jpg,Nematoda,stressed,1,test,0.5265326
data/raw/Nematoda/220711132531_42300.jpg,Nematoda,stressed,1,test,0.46840146
data/raw/Nematoda/220825110853_900.jpg,Nematoda,stressed,1,test,0.48280436
data/raw/Nematoda/220827131622_3600.jpg,Nematoda,stressed,1,test,0.5949846
data/raw/Nematoda/220827155746_70800.jpg,Nematoda,stressed,1,test,0.5352331
data/raw/Nematoda/220820132438_295800.jpg,Nematoda,stressed,1,test,0.5759801
data/raw/Nematoda/220711151704_215700.jpg,Nematoda,stressed,1,test,0.543739
data/raw/Nematoda/220827131622_10500.jpg,Nematoda,stressed,1,test,0.45300066
data/raw/Nematoda/220823214033_8400.jpg,Nematoda,stressed,1,test,0.5165541
data/raw/Nematoda/220825160549_86400.jpg,Nematoda,stressed,1,test,0.51046133
data/raw/Nematoda/220826211851_111900.jpg,Nematoda,stressed,1,test,0.5135925
data/raw/Nematoda/220822184727_12600.jpg,Nematoda,stressed,1,test,0.49694523
data/raw/Nematoda/221219185410_108.jpg,Nematoda,stressed,1,test,0.5274605
data/raw/Nematoda/220825160549_129900.jpg,Nematoda,stressed,1,test,0.49123496
data/raw/Nematoda/220826105111_22500.jpg,Nematoda,stressed,1,test,0.5199151
data/raw/Nematoda/220827131622_14100.jpg,Nematoda,stressed,1,test,0.52040863
data/raw/Nematoda/220824101451_17400.jpg,Nematoda,stressed,1,test,0.50410956
data/raw/Nematoda/220823214033_101100.jpg,Nematoda,stressed,1,test,0.50792986
data/raw/Nematoda/220823214033_46500.jpg,Nematoda,stressed,1,test,0.5065749
data/raw/Nematoda/220827131622_7200.jpg,Nematoda,stressed,1,test,0.52225256
data/raw/Nematoda/220825221032_69900.jpg,Nematoda,stressed,1,test,0.516426
data/raw/Nematoda/220715153913_157200.jpg,Nematoda,stressed,1,test,0.5340002
data/raw/Nematoda/220706100742_98400.jpg,Nematoda,stressed,1,test,0.5353441
data/raw/Nematoda/220706161602_475800.jpg,Nematoda,stressed,1,test,0.53250164
data/raw/Nematoda/220819132809_198000.jpg,Nematoda,stressed,1,test,0.57863057
data/raw/Nematoda/220712154002_64800.jpg,Nematoda,stressed,1,test,0.53777367
data/raw/Nematoda/220712211907_190200.jpg,Nematoda,stressed,1,test,0.4529399
data/raw/Nematoda/220824101451_60600.jpg,Nematoda,stressed,1,test,0.525549
data/raw/Nematoda/220825160549_82200.jpg,Nematoda,stressed,1,test,0.49272925
data/raw/Nematoda/220706161602_349800.jpg,Nematoda,stressed,1,test,0.59560317
data/raw/Nematoda/220826211851_162300.jpg,Nematoda,stressed,1,test,0.45886865
data/raw/Nematoda/220710214438_190500.jpg,Nematoda,stressed,1,test,0.58852285
data/raw/Nematoda/221217211622_362.jpg,Nematoda,stressed,1,test,0.48451182
data/raw/Nematoda/220823214033_136200.jpg,Nematoda,stressed,1,test,0.49425316
data/raw/Nematoda/220824101451_18600.jpg,Nematoda,stressed,1,test,0.46624482
data/raw/Nematoda/221218205314_282.jpg,Nematoda,stressed,1,test,0.54368556
data/raw/Nematoda/220826211851_900.jpg,Nematoda,stressed,1,test,0.5093281
data/raw/Nematoda/220827155746_77100.jpg,Nematoda,stressed,1,test,0.52566475
data/raw/Nematoda/220825221032_40500.jpg,Nematoda,stressed,1,test,0.5041804
data/raw/Nematoda/220827131622_11700.jpg,Nematoda,stressed,1,test,0.55154085
data/raw/Nematoda/220707103914_255000.jpg,Nematoda,stressed,1,test,0.5566729
data/raw/Nematoda/220826211851_159000.jpg,Nematoda,stressed,1,test,0.49436
data/raw/Nematoda/220823165512_100500.jpg,Nematoda,stressed,1,test,0.48810154
data/raw/Nematoda/220708152029_180300.jpg,Nematoda,stressed,1,test,0.57663864
data/raw/Nematoda/220706161602_16500.jpg,Nematoda,stressed,1,test,0.47683194
data/raw/Nematoda/220823165512_111000.jpg,Nematoda,stressed,1,test,0.5243587
data/raw/Nematoda/220710155007_147900.jpg,Nematoda,stressed,1,test,0.4794891
data/raw/Nematoda/220822212820_162000.jpg,Nematoda,stressed,1,test,0.47609013
data/raw/Nematoda/220711151704_170400.jpg,Nematoda,stressed,1,test,0.54366195
data/raw/Nematoda/220714223843_21000.jpg,Nematoda,stressed,1,test,0.5834712
data/raw/Nematoda/220707103914_10500.jpg,Nematoda,stressed,1,test,0.5381638
data/raw/Nematoda/220710155007_171000.jpg,Nematoda,stressed,1,test,0.46950814
data/raw/Nematoda/220825135254_0.jpg,Nematoda,stressed,1,test,0.59570265
data/raw/Nematoda/220815194957_9300.jpg,Nematoda,stressed,1,test,0.5506122
data/raw/Nematoda/220704164337_171000.jpg,Nematoda,stressed,1,test,0.62929094
data/raw/Nematoda/220714214255_67800.jpg,Nematoda,stressed,1,test,0.61076844
data/raw/Nematoda/220825221032_20400.jpg,Nematoda,stressed,1,test,0.4775237
data/raw/Nematoda/220826192159_8100.jpg,Nematoda,stressed,1,test,0.5844837
data/raw/Nematoda/221209200616_209.jpg,Nematoda,stressed,1,test,0.55316025
data/raw/Nematoda/220707103914_262200.jpg,Nematoda,stressed,1,test,0.52600867
data/raw/Nematoda/220824211549_135000.jpg,Nematoda,stressed,1,test,0.501219
data/raw/Nematoda/220826211851_158400.jpg,Nematoda,stressed,1,test,0.5252554
data/raw/Nematoda/220825110853_16800.jpg,Nematoda,stressed,1,test,0.52307916
data/raw/Nematoda/220825221032_21300.jpg,Nematoda,stressed,1,test,0.5454484
data/raw/Nematoda/220823214033_9000_2.jpg,Nematoda,stressed,1,test,0.4811555
data/raw/Nematoda/220711210818_20400.jpg,Nematoda,stressed,1,test,0.57161117
data/raw/Nematoda/220706212903_55500.jpg,Nematoda,stressed,1,test,0.62303615
data/raw/Nematoda/220824184740_24300.jpg,Nematoda,stressed,1,test,0.4677115
data/raw/Nematoda/220823165512_111300.jpg,Nematoda,stressed,1,test,0.5727278
data/raw/Nematoda/220827111145_5100.jpg,Nematoda,stressed,1,test,0.50183463
data/raw/Nematoda/220714223843_20700.jpg,Nematoda,stressed,1,test,0.598025
data/raw/Nematoda/220708152029_99300.jpg,Nematoda,stressed,1,test,0.50088793
data/raw/Nematoda/220821192338_116400.jpg,Nematoda,stressed,1,test,0.4740791
data/raw/Nematoda/220822212820_7200.jpg,Nematoda,stressed,1,test,0.5165795
data/raw/Nematoda/220825221032_60300.jpg,Nematoda,stressed,1,test,0.5492811
data/raw/Nematoda/220823165512_111900.jpg,Nematoda,stressed,1,test,0.5002155
data/raw/Nematoda/220825110853_15600.jpg,Nematoda,stressed,1,test,0.6191203
data/raw/Nematoda/220826211851_19200.jpg,Nematoda,stressed,1,test,0.46872357
data/raw/Nematoda/220710155007_170700.jpg,Nematoda,stressed,1,test,0.53414434
data/raw/Nematoda/220713151019_233100.jpg,Nematoda,stressed,1,test,0.51981384
data/raw/Nematoda/220827131622_4800.jpg,Nematoda,stressed,1,test,0.48298037
data/raw/Nematoda/220713091344_10200.jpg,Nematoda,stressed,1,test,0.56060356
data/raw/Nematoda/220819192357_253200.jpg,Nematoda,stressed,1,test,0.53903043
data/raw/Nematoda/220822212820_12300.jpg,Nematoda,stressed,1,test,0.45302883
data/raw/Nematoda/220826192159_56700.jpg,Nematoda,stressed,1,test,0.55486435
data/raw/Nematoda/220815204959_41400.jpg,Nematoda,stressed,1,test,0.5022823
data/raw/Nematoda/220824101451_79500.jpg,Nematoda,stressed,1,test,0.50065786
data/raw/Nematoda/220827111145_24600_2.jpg,Nematoda,stressed,1,test,0.5124516
data/raw/Nematoda/220711151704_71100.jpg,Nematoda,stressed,1,test,0.47656512
data/raw/Nematoda/220711151704_138600.jpg,Nematoda,stressed,1,test,0.58764744
data/raw/Nematoda/220823214033_6000.jpg,Nematoda,stressed,1,test,0.503242
data/raw/Nematoda/220825221032_63900_2.jpg,Nematoda,stressed,1,test,0.5623316
data/raw/Nematoda/220815144140_81900.jpg,Nematoda,stressed,1,test,0.5428001
data/raw/Nematoda/250717173415_4600.jpg,Nematoda,stressed,1,test,0.5713386
data/raw/Nematoda/221215171437_645.jpg,Nematoda,stressed,1,test,0.55939347
data/raw/Nematoda/220825221032_70200_2.jpg,Nematoda,stressed,1,test,0.601122
data/raw/Nematoda/220825221032_69900_3.jpg,Nematoda,stressed,1,test,0.54904085
data/raw/Nematoda/220827111145_5400_2.jpg,Nematoda,stressed,1,test,0.46730328
data/raw/Nematoda/220825221032_39600.jpg,Nematoda,stressed,1,test,0.5398778
data/raw/Nematoda/220815230100_9900.jpg,Nematoda,stressed,1,test,0.5556496
data/raw/Nematoda/220826192159_55800_2.jpg,Nematoda,stressed,1,test,0.48368293
data/raw/Nematoda/220821152638_142800.jpg,Nematoda,stressed,1,test,0.5382172
data/raw/Nematoda/220706161602_87600.jpg,Nematoda,stressed,1,test,0.44052967
data/raw/Nematoda/220822212820_203400.jpg,Nematoda,stressed,1,test,0.45158875
data/raw/Nematoda/220826211851_7500.jpg,Nematoda,stressed,1,test,0.5063817
data/raw/Nematoda/220629133851_221400.jpg,Nematoda,stressed,1,test,0.5884967
data/raw/Nematoda/220707145542_102900.jpg,Nematoda,stressed,1,test,0.56125015
data/raw/Nematoda/220826211851_116700.jpg,Nematoda,stressed,1,test,0.5130559
data/raw/Nematoda/220714151918_48000.jpg,Nematoda,stressed,1,test,0.53219473
data/raw/Nematoda/220824154018_46500.jpg,Nematoda,stressed,1,test,0.50727946
data/raw/Nematoda/220826130431_306900.jpg,Nematoda,stressed,1,test,0.56193197
data/raw/Nematoda/220824154018_5400.jpg,Nematoda,stressed,1,test,0.45237038
data/raw/Nematoda/220826130431_302700.jpg,Nematoda,stressed,1,test,0.55415416
data/raw/Nematoda/220827192508_16500.jpg,Nematoda,stressed,1,test,0.45113727
data/raw/Nematoda/220827131622_13800.jpg,Nematoda,stressed,1,test,0.51939726
data/raw/Nematoda/220706161602_350100.jpg,Nematoda,stressed,1,test,0.5650324
data/raw/Nematoda/220824211549_11400.jpg,Nematoda,stressed,1,test,0.5119654
data/raw/Nematoda/220823165512_147000.jpg,Nematoda,stressed,1,test,0.46530104
data/raw/Nematoda/220715153913_339300.jpg,Nematoda,stressed,1,test,0.5743694
data/raw/Nematoda/220821192338_92400_3.jpg,Nematoda,stressed,1,test,0.49409974
data/raw/Nematoda/220824211549_120900.jpg,Nematoda,stressed,1,test,0.5743768
data/raw/Nematoda/220710155007_151800.jpg,Nematoda,stressed,1,test,0.65050983
data/raw/Nematoda/220816110204_24900.jpg,Nematoda,stressed,1,test,0.5742949
data/raw/Nematoda/220823214033_4800.jpg,Nematoda,stressed,1,test,0.45196715
data/raw/Nematoda/220822212820_81000.jpg,Nematoda,stressed,1,test,0.48057443
data/raw/Nematoda/220824211549_119700.jpg,Nematoda,stressed,1,test,0.5572807
data/raw/Nematoda/220823165512_85200.jpg,Nematoda,stressed,1,test,0.5496738
data/raw/Nematoda/220826130431_280800.jpg,Nematoda,stressed,1,test,0.57079756
data/raw/Nematoda/220826211851_2400.jpg,Nematoda,stressed,1,test,0.49084726
data/raw/Nematoda/220826211851_144600.jpg,Nematoda,stressed,1,test,0.510242
data/raw/Nematoda/221218105116_2.jpg,Nematoda,stressed,1,test,0.5861571
data/raw/Nematoda/220714214255_68100.jpg,Nematoda,stressed,1,test,0.57443297
data/raw/Nematoda/220821192338_54300.jpg,Nematoda,stressed,1,test,0.4454498
data/raw/Nematoda/220705205512_99000.jpg,Nematoda,stressed,1,test,0.565942
data/raw/Nematoda/220827192508_18000.jpg,Nematoda,stressed,1,test,0.4734002
data/raw/Nematoda/220825160549_4500.jpg,Nematoda,stressed,1,test,0.5102331
data/raw/Nematoda/220822140537_102000.jpg,Nematoda,stressed,1,test,0.4703425
data/raw/Nematoda/220712104445_5100.jpg,Nematoda,stressed,1,test,0.53229356
data/raw/Nematoda/220825221032_85200.jpg,Nematoda,stressed,1,test,0.5498056
data/raw/Nematoda/220826211851_139500.jpg,Nematoda,stressed,1,test,0.53974044
data/raw/Nematoda/220712154002_64500.jpg,Nematoda,stressed,1,test,0.56938213
data/raw/Nematoda/220825110853_2100.jpg,Nematoda,stressed,1,test,0.50492364
data/raw/Nematoda/220715153913_157500.jpg,Nematoda,stressed,1,test,0.55392057
data/raw/Nematoda/220710214438_239700.jpg,Nematoda,stressed,1,test,0.5507359
data/raw/Nematoda/220713151019_355800.jpg,Nematoda,stressed,1,test,0.5483592
data/raw/Nematoda/220704212204_51300.jpg,Nematoda,stressed,1,test,0.5964257
data/raw/Nematoda/220823165512_123300.jpg,Nematoda,stressed,1,test,0.49089473
data/raw/Nematoda/220826130431_297300.jpg,Nematoda,stressed,1,test,0.61135834
data/raw/Nematoda/220825160549_2100.jpg,Nematoda,stressed,1,test,0.52040964
data/raw/Nematoda/220823214033_29700.jpg,Nematoda,stressed,1,test,0.51628464
data/raw/Nematoda/220715153913_339000.jpg,Nematoda,stressed,1,test,0.5807798
data/raw/Nematoda/220823214033_14100.jpg,Nematoda,stressed,1,test,0.5279857
data/raw/Nematoda/220708152029_92400.jpg,Nematoda,stressed,1,test,0.59161043
data/raw/Nematoda/220824184740_26700.jpg,Nematoda,stressed,1,test,0.49266538
data/raw/Nematoda/220822160429_44400.jpg,Nematoda,stressed,1,test,0.48550504
data/raw/Nematoda/221203134303_112.jpg,Nematoda,stressed,1,test,0.58068633
data/raw/Nematoda/220826192159_67500_2.jpg,Nematoda,stressed,1,test,0.5186977
data/raw/Nematoda/220826192159_55500.jpg,Nematoda,stressed,1,test,0.5116592
data/raw/Nematoda/221128131012_88.jpg,Nematoda,stressed,1,test,0.52791864
data/raw/Nematoda/220715153913_158700.jpg,Nematoda,stressed,1,test,0.55109453
data/raw/Nematoda/220824101451_300.jpg,Nematoda,stressed,1,test,0.48434314
data/raw/Nematoda/220822212820_94500.jpg,Nematoda,stressed,1,test,0.626006
data/raw/Nematoda/220826192159_56100_4.jpg,Nematoda,stressed,1,test,0.49052474
data/raw/Nematoda/220825221032_61800.jpg,Nematoda,stressed,1,test,0.5123671
data/raw/Nematoda/220822160429_102900.jpg,Nematoda,stressed,1,test,0.4853453
data/raw/Nematoda/220706212903_40500.jpg,Nematoda,stressed,1,test,0.5015441
data/raw/Nematoda/220826192159_56100.jpg,Nematoda,stressed,1,test,0.50516206
data/raw/Nematoda/220712211907_11700.jpg,Nematoda,stressed,1,test,0.54922277
data/raw/Nematoda/220824101451_5100_2.jpg,Nematoda,stressed,1,test,0.52710134
data/raw/Nematoda/221218205314_281.jpg,Nematoda,stressed,1,test,0.5117006
data/raw/Nematoda/220822212820_0.jpg,Nematoda,stressed,1,test,0.5599114
data/raw/Nematoda/220826130431_294000.jpg,Nematoda,stressed,1,test,0.51062363
data/raw/Nematoda/220822160429_123000.jpg,Nematoda,stressed,1,test,0.52684134
data/raw/Nematoda/220823110824_39300.jpg,Nematoda,stressed,1,test,0.526445
data/raw/Nematoda/220711151704_325500.jpg,Nematoda,stressed,1,test,0.56567776
data/raw/Nematoda/220825221032_83100.jpg,Nematoda,stressed,1,test,0.48215368
data/raw/Nematoda/220823214033_108900.jpg,Nematoda,stressed,1,test,0.47345167
data/raw/Nematoda/220824211549_3600.jpg,Nematoda,stressed,1,test,0.4897674
data/raw/Nematoda/220823214033_5400.jpg,Nematoda,stressed,1,test,0.48249513
data/raw/Nematoda/220824101451_5100.jpg,Nematoda,stressed,1,test,0.52109766
data/raw/Nematoda/220825135254_34800_2.jpg,Nematoda,stressed,1,test,0.5223642
data/raw/Nematoda/250815111212_2800.jpg,Nematoda,stressed,1,test,0.5376307
data/raw/Nematoda/220826130431_280500.jpg,Nematoda,stressed,1,test,0.5506384
data/raw/Nematoda/220825160549_83100.jpg,Nematoda,stressed,1,test,0.49645826
data/raw/Nematoda/220819132809_154200.jpg,Nematoda,stressed,1,test,0.48232624
data/raw/Nematoda/220825221032_63000.jpg,Nematoda,stressed,1,test,0.513524
data/raw/Nematoda/220819132809_247500.jpg,Nematoda,stressed,1,test,0.5492007
data/raw/Nematoda/221209200616_162.jpg,Nematoda,stressed,1,test,0.5681697
data/raw/Nematoda/220824211549_8100.jpg,Nematoda,stressed,1,test,0.5153781
data/raw/Nematoda/220826130431_1800.jpg,Nematoda,stressed,1,test,0.5042398
data/raw/Nematoda/220823165512_151800.jpg,Nematoda,stressed,1,test,0.44734624
data/raw/Nematoda/220707145542_75300.jpg,Nematoda,stressed,1,test,0.57945275
data/raw/Nematoda/220827142139_6900.jpg,Nematoda,stressed,1,test,0.55689454
data/raw/Nematoda/220825221032_84600.jpg,Nematoda,stressed,1,test,0.49367902
data/raw/Nematoda/220823214033_115200.jpg,Nematoda,stressed,1,test,0.483236
data/raw/Nematoda/220711151704_95400.jpg,Nematoda,stressed,1,test,0.5653408
data/raw/Nematoda/220705205512_100500.jpg,Nematoda,stressed,1,test,0.5613598
data/raw/Nematoda/220826211851_159600.jpg,Nematoda,stressed,1,test,0.5152035
data/raw/Nematoda/220707145542_178200.jpg,Nematoda,stressed,1,test,0.58485514
data/raw/Nematoda/221203134303_111.jpg,Nematoda,stressed,1,test,0.61044306
data/raw/Nematoda/220825110853_2700.jpg,Nematoda,stressed,1,test,0.47667992
data/raw/Nematoda/220827131622_14700.jpg,Nematoda,stressed,1,test,0.48983687
data/raw/Nematoda/220825110853_13200.jpg,Nematoda,stressed,1,test,0.47966295
data/raw/Nematoda/220704212204_135000.jpg,Nematoda,stressed,1,test,0.57369345
data/raw/Nematoda/220711151704_75300.jpg,Nematoda,stressed,1,test,0.52223134
data/raw/Nematoda/220827131622_11400_2.jpg,Nematoda,stressed,1,test,0.489221
data/raw/Nematoda/220827192508_56700.jpg,Nematoda,stressed,1,test,0.55337554
data/raw/Nematoda/221219185410_68.jpg,Nematoda,stressed,1,test,0.5161151
data/raw/Nematoda/220822184727_2700.jpg,Nematoda,stressed,1,test,0.53358483
data/raw/Nematoda/220827142139_7200.jpg,Nematoda,stressed,1,test,0.49180177
data/raw/Nematoda/221206133839_125.jpg,Nematoda,stressed,1,test,0.58120114
data/raw/Nematoda/220716104346_76500.jpg,Nematoda,stressed,1,test,0.49765658
data/raw/Nematoda/220824211549_11400_2.jpg,Nematoda,stressed,1,test,0.5038211
data/raw/Nematoda/221213180049_195.jpg,Nematoda,stressed,1,test,0.5468474
data/raw/Nematoda/220824211549_130500.jpg,Nematoda,stressed,1,test,0.54020745
data/raw/Nematoda/220712211907_55800.jpg,Nematoda,stressed,1,test,0.547732
data/raw/Nematoda/220826130431_310500_2.jpg,Nematoda,stressed,1,test,0.48798513
data/raw/Nematoda/220707145542_246300.jpg,Nematoda,stressed,1,test,0.5735303
data/raw/Nematoda/220712211907_74700.jpg,Nematoda,stressed,1,test,0.5576699
data/raw/Nematoda/221215171437_301.jpg,Nematoda,stressed,1,test,0.5633421
data/raw/Nematoda/220825221032_21600.jpg,Nematoda,stressed,1,test,0.4874523
data/raw/Nematoda/220706120715_168000.jpg,Nematoda,stressed,1,test,0.5549492
data/raw/Nematoda/220824211549_135900.jpg,Nematoda,stressed,1,test,0.4582908
data/raw/Nematoda/220710214438_270600.jpg,Nematoda,stressed,1,test,0.45815718
data/raw/Nematoda/220707221712_30600.jpg,Nematoda,stressed,1,test,0.5702792
data/raw/Nematoda/220825160549_84900.jpg,Nematoda,stressed,1,test,0.52601105
data/raw/Nematoda/221209200616_80.jpg,Nematoda,stressed,1,test,0.5107456
data/raw/Nematoda/220826130431_291600.jpg,Nematoda,stressed,1,test,0.53768104
data/raw/Nematoda/220824211549_134700.jpg,Nematoda,stressed,1,test,0.4757348
data/raw/Nematoda/220827131622_21000_2.jpg,Nematoda,stressed,1,test,0.5567639
data/raw/Nematoda/220826192159_56100_3.jpg,Nematoda,stressed,1,test,0.47757927
data/raw/Nematoda/220705111212_174300.jpg,Nematoda,stressed,1,test,0.5263553
data/raw/Nematoda/220826105111_18300.jpg,Nematoda,stressed,1,test,0.50146055
data/raw/Nematoda/220823214033_83400.jpg,Nematoda,stressed,1,test,0.47351438
data/raw/Nematoda/220825160549_174000.jpg,Nematoda,stressed,1,test,0.51016873
data/raw/Nematoda/220823165512_97800.jpg,Nematoda,stressed,1,test,0.53621894
data/raw/Nematoda/220824140750_20700.jpg,Nematoda,stressed,1,test,0.5376288
data/raw/Nematoda/220822212820_184500_2.jpg,Nematoda,stressed,1,test,0.62106824
data/raw/Nematoda/220707145542_74700.jpg,Nematoda,stressed,1,test,0.57279617
data/raw/Nematoda/220704212204_51600_2.jpg,Nematoda,stressed,1,test,0.5877577
data/raw/Nematoda/220629133851_27600.jpg,Nematoda,stressed,1,test,0.5960742
data/raw/Nematoda/220822184727_12300.jpg,Nematoda,stressed,1,test,0.4679141
data/raw/Nematoda/220824211549_4800.jpg,Nematoda,stressed,1,test,0.49349558
data/raw/Nematoda/220827111145_48300.jpg,Nematoda,stressed,1,test,0.48929083
data/raw/Nematoda/220825160549_3300.jpg,Nematoda,stressed,1,test,0.52237755
data/raw/Nematoda/220823214033_67200.jpg,Nematoda,stressed,1,test,0.5481315
data/raw/Nematoda/220823165512_93900.jpg,Nematoda,stressed,1,test,0.5012361
data/raw/Nematoda/220823214033_100500.jpg,Nematoda,stressed,1,test,0.5046795
data/raw/Nematoda/220707103914_123300.jpg,Nematoda,stressed,1,test,0.4697745
data/raw/Nematoda/220823214033_106500.jpg,Nematoda,stressed,1,test,0.48149806
