path,taxon,group,label,split,anomaly_score
data/raw/Hypotrichida/221218180442_313.jpg,Hypotrichida,healthy,0,test,0.51834154
data/raw/Hypotrichida/221212132320_140.jpg,Hypotrichida,healthy,0,test,0.5712461
data/raw/Hypotrichida/221215125712_370.jpg,Hypotrichida,healthy,0,test,0.51666695
data/raw/Hypotrichida/221214130524_381.jpg,Hypotrichida,healthy,0,test,0.54425335
data/raw/Hypotrichida/221217131528_473.jpg,Hypotrichida,healthy,0,test,0.5157519
data/raw/Hypotrichida/221215125712_327.jpg,Hypotrichida,healthy,0,test,0.49421698
data/raw/Hypotrichida/221218101122_246.jpg,Hypotrichida,healthy,0,test,0.47495776
data/raw/Hypotrichida/221219123632_134.jpg,Hypotrichida,healthy,0,test,0.4279545
data/raw/Hypotrichida/221218180442_99.jpg,Hypotrichida,healthy,0,test,0.4889557
data/raw/Hypotrichida/221218171920_53.jpg,Hypotrichida,healthy,0,test,0.5121754
data/raw/Hypotrichida/221217131528_488.jpg,Hypotrichida,healthy,0,test,0.554082
data/raw/Hypotrichida/221217131528_236.jpg,Hypotrichida,healthy,0,test,0.47186062
data/raw/Hypotrichida/221218171920_81_2.jpg,Hypotrichida,healthy,0,test,0.54303986
data/raw/Hypotrichida/221218180442_101.jpg,Hypotrichida,healthy,0,test,0.5105624
data/raw/Hypotrichida/221218180442_382.jpg,Hypotrichida,healthy,0,test,0.62210166
data/raw/Hypotrichida/221214130524_127.jpg,Hypotrichida,healthy,0,test,0.5013545
data/raw/Hypotrichida/221218171920_78.jpg,Hypotrichida,healthy,0,test,0.5266837
data/raw/Hypotrichida/221218180442_339.jpg,Hypotrichida,healthy,0,test,0.5108654
data/raw/Hypotrichida/221216134643_128.jpg,Hypotrichida,healthy,0,test,0.5637261
data/raw/Hypotrichida/221218171920_55.jpg,Hypotrichida,healthy,0,test,0.6314707
data/raw/Hypotrichida/221215125712_808.jpg,Hypotrichida,healthy,0,test,0.62753564
data/raw/Hypotrichida/221215125712_749.jpg,Hypotrichida,healthy,0,test,0.53206617
data/raw/Hypotrichida/221217131528_130.jpg,Hypotrichida,healthy,0,test,0.46751878
data/raw/Hypotrichida/221218171920_158.jpg,Hypotrichida,healthy,0,test,0.6220105
data/raw/Hypotrichida/221215125712_809.jpg,Hypotrichida,healthy,0,test,0.47773248
data/raw/Hypotrichida/221218171920_147.jpg,Hypotrichida,healthy,0,test,0.5398783
data/raw/Hypotrichida/221215125712_194.jpg,Hypotrichida,healthy,0,test,0.47547865
data/raw/Hypotrichida/221217131528_414.jpg,Hypotrichida,healthy,0,test,0.51439
data/raw/Hypotrichida/221218171920_159.jpg,Hypotrichida,healthy,0,test,0.5784229
data/raw/Hypotrichida/221217131528_419.jpg,Hypotrichida,healthy,0,test,0.5956816
data/raw/Hypotrichida/221218171920_130.jpg,Hypotrichida,healthy,0,test,0.45841393
data/raw/Hypotrichida/221214130524_57.jpg,Hypotrichida,healthy,0,test,0.46805903
data/raw/Hypotrichida/221219123632_43.jpg,Hypotrichida,healthy,0,test,0.525494
data/raw/Hypotrichida/221217131528_91_2.jpg,Hypotrichida,healthy,0,test,0.45142877
data/raw/Hypotrichida/221214104141_229.jpg,Hypotrichida,healthy,0,test,0.50502294
data/raw/Hypotrichida/221217131528_312.jpg,Hypotrichida,healthy,0,test,0.5513917
data/raw/Hypotrichida/221216134643_73.jpg,Hypotrichida,healthy,0,test,0.5343412
data/raw/Hypotrichida/221215125712_619.jpg,Hypotrichida,healthy,0,test,0.56986
data/raw/Hypotrichida/221215125712_749_2.jpg,Hypotrichida,healthy,0,test,0.5561142
data/raw/Hypotrichida/221218171920_44.jpg,Hypotrichida,healthy,0,test,0.5561095
data/raw/Hypotrichida/221218180442_100.jpg,Hypotrichida,healthy,0,test,0.53116316
data/raw/Hypotrichida/221213130833_109.jpg,Hypotrichida,healthy,0,test,0.5282798
data/raw/Hypotrichida/221213130833_218.jpg,Hypotrichida,healthy,0,test,0.535653
data/raw/Hypotrichida/221217131528_115.jpg,Hypotrichida,healthy,0,test,0.50385207
data/raw/Hypotrichida/221218171920_75.jpg,Hypotrichida,healthy,0,test,0.51960284
data/raw/Hypotrichida/221215125712_596.jpg,Hypotrichida,healthy,0,test,0.5404407
data/raw/Hypotrichida/221217131528_311.jpg,Hypotrichida,healthy,0,test,0.5045911
data/raw/Hypotrichida/221217211622_550.jpg,Hypotrichida,healthy,0,test,0.51185596
data/raw/Hypotrichida/221216134643_365_2.jpg,Hypotrichida,healthy,0,test,0.5364961
data/raw/Hypotrichida/221219123632_302.jpg,Hypotrichida,healthy,0,test,0.50752884
data/raw/Hypotrichida/221214130524_285.jpg,Hypotrichida,healthy,0,test,0.60488886
data/raw/Hypotrichida/221219123632_155.jpg,Hypotrichida,healthy,0,test,0.5821108
data/raw/Hypotrichida/221216134643_364_2.jpg,Hypotrichida,healthy,0,test,0.51152444
data/raw/Hypotrichida/221218180442_16.jpg,Hypotrichida,healthy,0,test,0.5023675
data/raw/Hypotrichida/221213130833_108_2.jpg,Hypotrichida,healthy,0,test,0.50030315
data/raw/Hypotrichida/221216134643_365.jpg,Hypotrichida,healthy,0,test,0.56546974
data/raw/Hypotrichida/221219123632_140.jpg,Hypotrichida,healthy,0,test,0.55524945
data/raw/Hypotrichida/221219123632_197.jpg,Hypotrichida,healthy,0,test,0.5888431
data/raw/Hypotrichida/221217131528_121.jpg,Hypotrichida,healthy,0,test,0.550104
data/raw/Hypotrichida/221212132320_192.jpg,Hypotrichida,healthy,0,test,0.542149
data/raw/Hypotrichida/221215125712_251.jpg,Hypotrichida,healthy,0,test,0.5597177
data/raw/Hypotrichida/221219123632_25_2.jpg,Hypotrichida,healthy,0,test,0.5153151
data/raw/Hypotrichida/221219123632_4.jpg,Hypotrichida,healthy,0,test,0.507635
data/raw/Hypotrichida/221218205314_154.jpg,Hypotrichida,healthy,0,test,0.47429368
data/raw/Hypotrichida/221219123632_198.jpg,Hypotrichida,healthy,0,test,0.58039516
data/raw/Hypotrichida/221219123632_216.jpg,Hypotrichida,healthy,0,test,0.44040343
data/raw/Hypotrichida/221218180442_50.jpg,Hypotrichida,healthy,0,test,0.5010377
data/raw/Hypotrichida/221218171920_76.jpg,Hypotrichida,healthy,0,test,0.48585996
data/raw/Hypotrichida/221217131528_69.jpg,Hypotrichida,healthy,0,test,0.49055696
data/raw/Hypotrichida/221217131528_336.jpg,Hypotrichida,healthy,0,test,0.5128524
data/raw/Hypotrichida/221218171920_119.jpg,Hypotrichida,healthy,0,test,0.5540217
data/raw/Hypotrichida/221215125712_190.jpg,Hypotrichida,healthy,0,test,0.45601392
data/raw/Hypotrichida/221219123632_59.jpg,Hypotrichida,healthy,0,test,0.526014
data/raw/Hypotrichida/221218171920_39.jpg,Hypotrichida,healthy,0,test,0.5417485
data/raw/Hypotrichida/221219162533_24.jpg,Hypotrichida,healthy,0,test,0.59056747
data/raw/Hypotrichida/221215125712_671.jpg,Hypotrichida,healthy,0,test,0.5857098
data/raw/Hypotrichida/221216134643_280.jpg,Hypotrichida,healthy,0,test,0.52858156
data/raw/Hypotrichida/221217131528_82.jpg,Hypotrichida,healthy,0,test,0.4649544
data/raw/Hypotrichida/221215125712_755.jpg,Hypotrichida,healthy,0,test,0.52073497
data/raw/Hypotrichida/221217131528_4.jpg,Hypotrichida,healthy,0,test,0.57133216
data/raw/Hypotrichida/221215125712_521.jpg,Hypotrichida,healthy,0,test,0.48713586
data/raw/Hypotrichida/221215125712_316.jpg,Hypotrichida,healthy,0,test,0.45271546
data/raw/Hypotrichida/221216134643_505.jpg,Hypotrichida,healthy,0,test,0.50128293
data/raw/Hypotrichida/221217131528_332_2.jpg,Hypotrichida,healthy,0,test,0.5080332
data/raw/Hypotrichida/221219123632_301.jpg,Hypotrichida,healthy,0,test,0.47068325
data/raw/Hypotrichida/221216134643_62.jpg,Hypotrichida,healthy,0,test,0.5203297
data/raw/Hypotrichida/221215125712_273.jpg,Hypotrichida,healthy,0,test,0.5438241
data/raw/Hypotrichida/221217131528_125.jpg,Hypotrichida,healthy,0,test,0.68970466
data/raw/Hypotrichida/221219123632_135.jpg,Hypotrichida,healthy,0,test,0.5944112
data/raw/Hypotrichida/221216103701_86.jpg,Hypotrichida,healthy,0,test,0.6066012
data/raw/Hypotrichida/221215125712_665.jpg,Hypotrichida,healthy,0,test,0.5112932
data/raw/Hypotrichida/221219123632_18.jpg,Hypotrichida,healthy,0,test,0.5410464
data/raw/Hypotrichida/221217131528_489.jpg,Hypotrichida,healthy,0,test,0.53308797
data/raw/Hypotrichida/221219123632_26_2.jpg,Hypotrichida,healthy,0,test,0.5174277
data/raw/Hypotrichida/221217131528_335.jpg,Hypotrichida,healthy,0,test,0.51542056
data/raw/Hypotrichida/221218180442_293.jpg,Hypotrichida,healthy,0,test,0.6519592
data/raw/Hypotrichida/221218101122_148.jpg,Hypotrichida,healthy,0,test,0.4532539
data/raw/Hypotrichida/221219123632_195.jpg,Hypotrichida,healthy,0,test,0.47675183
data/raw/Hypotrichida/221219123632_168.jpg,Hypotrichida,healthy,0,test,0.48093957
data/raw/Hypotrichida/221215125712_65.jpg,Hypotrichida,healthy,0,test,0.49635357
data/raw/Hypotrichida/221216134643_364.jpg,Hypotrichida,healthy,0,test,0.5120692
data/raw/Hypotrichida/221214130524_71.jpg,Hypotrichida,healthy,0,test,0.45739534
data/raw/Hypotrichida/221219123632_97.jpg,Hypotrichida,healthy,0,test,0.47073224
data/raw/Hypotrichida/221215125712_426.jpg,Hypotrichida,healthy,0,test,0.53809357
data/raw/Hypotrichida/221214130524_90.jpg,Hypotrichida,healthy,0,test,0.5261912
data/raw/Hypotrichida/221217131528_338.jpg,Hypotrichida,healthy,0,test,0.5360881
data/raw/Hypotrichida/221214130524_79.jpg,Hypotrichida,healthy,0,test,0.46965054
data/raw/Hypotrichida/221218180442_311.jpg,Hypotrichida,healthy,0,test,0.46556357
data/raw/Hypotrichida/221219123632_275.jpg,Hypotrichida,healthy,0,test,0.56287867
data/raw/Hypotrichida/221215125712_798.jpg,Hypotrichida,healthy,0,test,0.47456768
data/raw/Hypotrichida/221216134643_314.jpg,Hypotrichida,healthy,0,test,0.53100884
data/raw/Hypotrichida/221217131528_128_2.jpg,Hypotrichida,healthy,0,test,0.47759822
data/raw/Hypotrichida/221213130833_38_2.jpg,Hypotrichida,healthy,0,test,0.50743383
data/raw/Hypotrichida/221215125712_746.jpg,Hypotrichida,healthy,0,test,0.6283041
data/raw/Hypotrichida/221215125712_105.jpg,Hypotrichida,healthy,0,test,0.5010696
data/raw/Hypotrichida/221218171920_2.jpg,Hypotrichida,healthy,0,test,0.47536907
data/raw/Hypotrichida/221212132320_579.jpg,Hypotrichida,healthy,0,test,0.5181217
data/raw/Hypotrichida/221215125712_71.jpg,Hypotrichida,healthy,0,test,0.5037113
data/raw/Hypotrichida/221217131528_415.jpg,Hypotrichida,healthy,0,test,0.48428762
data/raw/Hypotrichida/221216134643_14.jpg,Hypotrichida,healthy,0,test,0.4412685
data/raw/Hypotrichida/221214130524_698.jpg,Hypotrichida,healthy,0,test,0.44522282
data/raw/Hypotrichida/221217131528_128.jpg,Hypotrichida,healthy,0,test,0.57502306
data/raw/Hypotrichida/221218180442_98.jpg,Hypotrichida,healthy,0,test,0.50819594
data/raw/Hypotrichida/221219123632_276.jpg,Hypotrichida,healthy,0,test,0.5580444
data/raw/Hypotrichida/221211132350_103.jpg,Hypotrichida,healthy,0,test,0.5210464
data/raw/Hypotrichida/221214130524_33.jpg,Hypotrichida,healthy,0,test,0.5336394
data/raw/Hypotrichida/221216134643_273_2.jpg,Hypotrichida,healthy,0,test,0.5541977
data/raw/Hypotrichida/221215125712_188.jpg,Hypotrichida,healthy,0,test,0.59841335
data/raw/Hypotrichida/221217131528_420.jpg,Hypotrichida,healthy,0,test,0.6017759
data/raw/Hypotrichida/221217131528_395.jpg,Hypotrichida,healthy,0,test,0.56114924
data/raw/Hypotrichida/221219123632_297.jpg,Hypotrichida,healthy,0,test,0.5712033
data/raw/Hypotrichida/221219123632_25_3.jpg,Hypotrichida,healthy,0,test,0.49270287
data/raw/Hypotrichida/221219123632_346_2.jpg,Hypotrichida,healthy,0,test,0.45377645
data/raw/Hypotrichida/221217131528_363.jpg,Hypotrichida,healthy,0,test,0.47557202
data/raw/Hypotrichida/221216134643_85.jpg,Hypotrichida,healthy,0,test,0.5630937
data/raw/Hypotrichida/221219123632_61.jpg,Hypotrichida,healthy,0,test,0.47465885
data/raw/Hypotrichida/221217131528_446.jpg,Hypotrichida,healthy,0,test,0.56883466
data/raw/Hypotrichida/221214130524_605.jpg,Hypotrichida,healthy,0,test,0.42049095
data/raw/Hypotrichida/221217131528_331_2.jpg,Hypotrichida,healthy,0,test,0.51429904
data/raw/Hypotrichida/221213130833_113.jpg,Hypotrichida,healthy,0,test,0.5479769
data/raw/Hypotrichida/221218180442_5.jpg,Hypotrichida,healthy,0,test,0.5084688
data/raw/Hypotrichida/221219123632_298.jpg,Hypotrichida,healthy,0,test,0.52135384
data/raw/Hypotrichida/221215125712_838.jpg,Hypotrichida,healthy,0,test,0.5014584
data/raw/Hypotrichida/221217131528_361_2.jpg,Hypotrichida,healthy,0,test,0.49195373
data/raw/Hypotrichida/221219123632_118.jpg,Hypotrichida,healthy,0,test,0.50817835
data/raw/Hypotrichida/221219123632_348_2.jpg,Hypotrichida,healthy,0,test,0.4646515
data/raw/Hypotrichida/221217131528_397.jpg,Hypotrichida,healthy,0,test,0.61180276
data/raw/Hypotrichida/221216134643_468.jpg,Hypotrichida,healthy,0,test,0.61852217
data/raw/Hypotrichida/221214130524_252.jpg,Hypotrichida,healthy,0,test,0.50443107
data/raw/Hypotrichida/221217131528_361.jpg,Hypotrichida,healthy,0,test,0.41265023
data/raw/Hypotrichida/221217131528_43.jpg,Hypotrichida,healthy,0,test,0.4521561
data/raw/Hypotrichida/221217131528_70.jpg,Hypotrichida,healthy,0,test,0.5711127
data/raw/Hypotrichida/221216134643_35.jpg,Hypotrichida,healthy,0,test,0.5963983
data/raw/Hypotrichida/221214130524_382.jpg,Hypotrichida,healthy,0,test,0.5606851
data/raw/Hypotrichida/221219123632_336.jpg,Hypotrichida,healthy,0,test,0.61635256
data/raw/Hypotrichida/221215125712_520.jpg,Hypotrichida,healthy,0,test,0.53564095
data/raw/Hypotrichida/221214130524_32.jpg,Hypotrichida,healthy,0,test,0.50438815
data/raw/Hypotrichida/221218171920_150.jpg,Hypotrichida,healthy,0,test,0.4301464
data/raw/Hypotrichida/221219123632_5.jpg,Hypotrichida,healthy,0,test,0.5381452
data/raw/Hypotrichida/221217131528_333.jpg,Hypotrichida,healthy,0,test,0.51808745
data/raw/Hypotrichida/221217131528_404.jpg,Hypotrichida,healthy,0,test,0.50965124
data/raw/Hypotrichida/221215125712_670.jpg,Hypotrichida,healthy,0,test,0.5139314
data/raw/Hypotrichida/221218180442_92.jpg,Hypotrichida,healthy,0,test,0.5804814
data/raw/Hypotrichida/221219123632_26.jpg,Hypotrichida,healthy,0,test,0.53569996
data/raw/Hypotrichida/221219123632_347_3.jpg,Hypotrichida,healthy,0,test,0.4869124
data/raw/Hypotrichida/221216103701_111.jpg,Hypotrichida,healthy,0,test,0.47582048
data/raw/Hypotrichida/221219162533_25.jpg,Hypotrichida,healthy,0,test,0.5421248
data/raw/Digononta/220715135748_60900_2.jpg,Digononta,healthy,0,test,0.57806724
data/raw/Digononta/220704164337_45000_2.jpg,Digononta,healthy,0,test,0.6034982
data/raw/Digononta/220706161602_285300_2.jpg,Digononta,healthy,0,test,0.58436507
data/raw/Digononta/220625152853_6900.jpg,Digononta,healthy,0,test,0.5884997
data/raw/Digononta/220710214438_36000.jpg,Digononta,healthy,0,test,0.6218882
data/raw/Digononta/220708152029_46500_2.jpg,Digononta,healthy,0,test,0.5864953
data/raw/Digononta/220701144940_255300.jpg,Digononta,healthy,0,test,0.61751014
data/raw/Digononta/220707221712_28500.jpg,Digononta,healthy,0,test,0.5784874
data/raw/Digononta/250818200100_5800.jpg,Digononta,healthy,0,test,0.5776233
data/raw/Digononta/220701193719_22800.jpg,Digononta,healthy,0,test,0.65403754
data/raw/Digononta/220711151704_105300.jpg,Digononta,healthy,0,test,0.5648258
data/raw/Digononta/220706161602_28500.jpg,Digononta,healthy,0,test,0.56016606
data/raw/Digononta/250818160058_3700.jpg,Digononta,healthy,0,test,0.60159945
data/raw/Digononta/220714223843_25500.jpg,Digononta,healthy,0,test,0.5599979
data/raw/Digononta/220711151704_334500.jpg,Digononta,healthy,0,test,0.5802356
data/raw/Digononta/220710214438_21300.jpg,Digononta,healthy,0,test,0.5812612
data/raw/Digononta/220711132531_42600_2.jpg,Digononta,healthy,0,test,0.6081264
data/raw/Digononta/220704164337_46200.jpg,Digononta,healthy,0,test,0.5662303
data/raw/Digononta/220707103914_41400.jpg,Digononta,healthy,0,test,0.55591756
data/raw/Digononta/220705205512_258000.jpg,Digononta,healthy,0,test,0.5772684
data/raw/Digononta/220701142004_1500.jpg,Digononta,healthy,0,test,0.61465067
data/raw/Digononta/220711151704_65700.jpg,Digononta,healthy,0,test,0.6499667
data/raw/Digononta/220712154002_67500.jpg,Digononta,healthy,0,test,0.56215477
data/raw/Digononta/220702195412_184500.jpg,Digononta,healthy,0,test,0.586514
data/raw/Digononta/220712104445_52800.jpg,Digononta,healthy,0,test,0.60530984
data/raw/Digononta/220707103914_84900.jpg,Digononta,healthy,0,test,0.6504467
data/raw/Digononta/220715214149_35400.jpg,Digononta,healthy,0,test,0.64434934
data/raw/Digononta/220706212903_96900.jpg,Digononta,healthy,0,test,0.62835187
data/raw/Digononta/220714214255_47400.jpg,Digononta,healthy,0,test,0.6551479
data/raw/Digononta/220713075400_3000_5.jpg,Digononta,healthy,0,test,0.5785393
data/raw/Digononta/220713091344_238800_2.jpg,Digononta,healthy,0,test,0.57753724
data/raw/Digononta/220716104346_57900.jpg,Digononta,healthy,0,test,0.57342285
data/raw/Digononta/220705133448_495300.jpg,Digononta,healthy,0,test,0.59249264
data/raw/Digononta/220707145542_345000_2.jpg,Digononta,healthy,0,test,0.59438884
data/raw/Digononta/220715214149_81300.jpg,Digononta,healthy,0,test,0.60164595
data/raw/Digononta/250719150530_5500.jpg,Digononta,healthy,0,test,0.5872264
data/raw/Digononta/220625152853_24900_5.jpg,Digononta,healthy,0,test,0.5919759
data/raw/Digononta/220713075400_15900_2.jpg,Digononta,healthy,0,test,0.58209
data/raw/Digononta/220715135748_71100_2.jpg,Digononta,healthy,0,test,0.6887373
data/raw/Digononta/220710123359_18300.jpg,Digononta,healthy,0,test,0.6166161
data/raw/Digononta/220705205512_454800.jpg,Digononta,healthy,0,test,0.61375564
data/raw/Digononta/220714151918_362700.jpg,Digononta,healthy,0,test,0.6137462
data/raw/Digononta/220625151150_14700_2.jpg,Digononta,healthy,0,test,0.6047816
data/raw/Digononta/220711132531_40500.jpg,Digononta,healthy,0,test,0.5847667
data/raw/Digononta/220713091344_63900_2.jpg,Digononta,healthy,0,test,0.63216764
data/raw/Digononta/220704194006_14400.jpg,Digononta,healthy,0,test,0.57283026
data/raw/Digononta/220714151918_87600.jpg,Digononta,healthy,0,test,0.5644266
data/raw/Digononta/220702195412_21000.jpg,Digononta,healthy,0,test,0.6080143
data/raw/Digononta/220815230100_3900.jpg,Digononta,healthy,0,test,0.6253863
data/raw/Digononta/220713075400_3300_4.jpg,Digononta,healthy,0,test,0.6042641
data/raw/Digononta/220715153913_147900.jpg,Digononta,healthy,0,test,0.56712705
data/raw/Digononta/220713075400_45000.jpg,Digononta,healthy,0,test,0.5514853
data/raw/Digononta/220708152029_11400.jpg,Digononta,healthy,0,test,0.6107528
data/raw/Digononta/220715153913_346200_2.jpg,Digononta,healthy,0,test,0.635207
data/raw/Digononta/220705133448_499200.jpg,Digononta,healthy,0,test,0.6180898
data/raw/Digononta/220710155007_186600.jpg,Digononta,healthy,0,test,0.58279586
data/raw/Digononta/220713151019_105000.jpg,Digononta,healthy,0,test,0.6530305
data/raw/Digononta/220711132531_50700.jpg,Digononta,healthy,0,test,0.7134359
data/raw/Digononta/220715214149_18300.jpg,Digononta,healthy,0,test,0.57302755
data/raw/Digononta/220716104346_45600.jpg,Digononta,healthy,0,test,0.63054675
data/raw/Digononta/220702195412_192000.jpg,Digononta,healthy,0,test,0.57753146
data/raw/Digononta/220706161602_12000.jpg,Digononta,healthy,0,test,0.57315975
data/raw/Digononta/250718184126_19800.jpg,Digononta,healthy,0,test,0.6798491
data/raw/Digononta/220625151150_9300.jpg,Digononta,healthy,0,test,0.6068132
data/raw/Digononta/220707145542_8100.jpg,Digononta,healthy,0,test,0.6050839
data/raw/Digononta/220710155007_4200.jpg,Digononta,healthy,0,test,0.56161684
data/raw/Digononta/220715153913_156300.jpg,Digononta,healthy,0,test,0.5829259
data/raw/Digononta/220704164337_11400_2.jpg,Digononta,healthy,0,test,0.5856261
data/raw/Digononta/220711132531_35400.jpg,Digononta,healthy,0,test,0.62286556
data/raw/Digononta/220701144940_255600.jpg,Digononta,healthy,0,test,0.6550171
data/raw/Digononta/220701193719_81300.jpg,Digononta,healthy,0,test,0.60529584
data/raw/Digononta/220716104346_13200.jpg,Digononta,healthy,0,test,0.58476037
data/raw/Digononta/220710214438_95100_2.jpg,Digononta,healthy,0,test,0.64726144
data/raw/Digononta/220710123359_8700.jpg,Digononta,healthy,0,test,0.6627588
data/raw/Digononta/220711151704_210300.jpg,Digononta,healthy,0,test,0.5649532
data/raw/Digononta/220702195412_43200.jpg,Digononta,healthy,0,test,0.65311885
data/raw/Digononta/220710155007_112200_2.jpg,Digononta,healthy,0,test,0.59067684
data/raw/Digononta/220710214438_58800.jpg,Digononta,healthy,0,test,0.61511946
data/raw/Digononta/220715214149_83400.jpg,Digononta,healthy,0,test,0.58509296
data/raw/Digononta/220706212903_88500_2.jpg,Digononta,healthy,0,test,0.5891467
data/raw/Digononta/220701144940_133800.jpg,Digononta,healthy,0,test,0.623542
data/raw/Digononta/220715153913_148200.jpg,Digononta,healthy,0,test,0.5498061
data/raw/Digononta/220710155007_295800.jpg,Digononta,healthy,0,test,0.6263693
data/raw/Digononta/220701193719_308400_2.jpg,Digononta,healthy,0,test,0.60442585
data/raw/Digononta/220715103728_2700.jpg,Digononta,healthy,0,test,0.5503831
data/raw/Digononta/220714194123_66600.jpg,Digononta,healthy,0,test,0.6677119
data/raw/Digononta/220704212204_57600.jpg,Digononta,healthy,0,test,0.5936554
data/raw/Digononta/220712104445_42600.jpg,Digononta,healthy,0,test,0.6081031
data/raw/Digononta/220714151918_149100_2.jpg,Digononta,healthy,0,test,0.6511759
data/raw/Digononta/220714151918_148800_2.jpg,Digononta,healthy,0,test,0.62360424
data/raw/Digononta/220710214438_59100.jpg,Digononta,healthy,0,test,0.5639883
data/raw/Digononta/220626154616_72000_3.jpg,Digononta,healthy,0,test,0.6719155
data/raw/Digononta/220713091344_291600.jpg,Digononta,healthy,0,test,0.57375133
data/raw/Digononta/220704212204_130200.jpg,Digononta,healthy,0,test,0.5550627
data/raw/Digononta/220625151150_7500_5.jpg,Digononta,healthy,0,test,0.64024603
data/raw/Digononta/220716104346_72300_2.jpg,Digononta,healthy,0,test,0.59031135
data/raw/Digononta/220711132531_66300_3.jpg,Digononta,healthy,0,test,0.5489995
data/raw/Digononta/220711151704_350400.jpg,Digononta,healthy,0,test,0.6409141
data/raw/Digononta/220701193719_180000.jpg,Digononta,healthy,0,test,0.65346855
data/raw/Digononta/220707145542_118800.jpg,Digononta,healthy,0,test,0.6704566
data/raw/Digononta/220715103728_16500.jpg,Digononta,healthy,0,test,0.51225287
data/raw/Digononta/220625152853_18000_3.jpg,Digononta,healthy,0,test,0.6586648
data/raw/Digononta/220714194123_66000_2.jpg,Digononta,healthy,0,test,0.5965322
data/raw/Digononta/220710214438_94800.jpg,Digononta,healthy,0,test,0.59202856
data/raw/Digononta/220705133448_407700_2.jpg,Digononta,healthy,0,test,0.6070581
data/raw/Digononta/220706161602_168000.jpg,Digononta,healthy,0,test,0.524161
data/raw/Digononta/221219123632_308.jpg,Digononta,healthy,0,test,0.59971225
data/raw/Digononta/220711151704_46500.jpg,Digononta,healthy,0,test,0.5452451
data/raw/Digononta/220713075400_44100.jpg,Digononta,healthy,0,test,0.5989442
data/raw/Digononta/220714151918_19500.jpg,Digononta,healthy,0,test,0.5969669
data/raw/Digononta/220711151704_103500.jpg,Digononta,healthy,0,test,0.58923715
data/raw/Digononta/220625152853_31800.jpg,Digononta,healthy,0,test,0.5946541
data/raw/Digononta/220712162334_241500_2.jpg,Digononta,healthy,0,test,0.5259462
data/raw/Digononta/220711151704_327000.jpg,Digononta,healthy,0,test,0.65193796
data/raw/Digononta/220711210818_30900.jpg,Digononta,healthy,0,test,0.5870728
data/raw/Digononta/220701193719_86100_2.jpg,Digononta,healthy,0,test,0.5628965
data/raw/Digononta/220705111212_46200_2.jpg,Digononta,healthy,0,test,0.6199724
data/raw/Digononta/220625151150_14700.jpg,Digononta,healthy,0,test,0.62670445
data/raw/Digononta/250818192836_6800.jpg,Digononta,healthy,0,test,0.5889723
data/raw/Digononta/220711151704_77100.jpg,Digononta,healthy,0,test,0.63087213
data/raw/Digononta/220710155007_90600.jpg,Digononta,healthy,0,test,0.55497366
data/raw/Digononta/220715153913_96300_2.jpg,Digononta,healthy,0,test,0.5641244
data/raw/Digononta/220705111212_84300.jpg,Digononta,healthy,0,test,0.6393138
data/raw/Digononta/220707145542_204600.jpg,Digononta,healthy,0,test,0.58237135
data/raw/Digononta/220702161601_23100.jpg,Digononta,healthy,0,test,0.61092865
data/raw/Digononta/220701193719_86400_2.jpg,Digononta,healthy,0,test,0.6076538
data/raw/Digononta/220704212204_131400_2.jpg,Digononta,healthy,0,test,0.586896
data/raw/Digononta/220702195412_65400.jpg,Digononta,healthy,0,test,0.5294974
data/raw/Digononta/220711151704_389700.jpg,Digononta,healthy,0,test,0.5511051
data/raw/Digononta/220626190551_14400_2.jpg,Digononta,healthy,0,test,0.6329328
data/raw/Digononta/220714151918_87600_2.jpg,Digononta,healthy,0,test,0.58075035
data/raw/Digononta/220714151918_7500.jpg,Digononta,healthy,0,test,0.6160155
data/raw/Digononta/220713091344_252300.jpg,Digononta,healthy,0,test,0.5884974
data/raw/Digononta/250807142725_17500.jpg,Digononta,healthy,0,test,0.64123285
data/raw/Digononta/220710155007_8100.jpg,Digononta,healthy,0,test,0.6380123
data/raw/Digononta/220702195412_79500.jpg,Digononta,healthy,0,test,0.6289281
data/raw/Digononta/220705111212_2100.jpg,Digononta,healthy,0,test,0.62390864
data/raw/Digononta/220713075400_33600.jpg,Digononta,healthy,0,test,0.5714814
data/raw/Digononta/220715153913_136800.jpg,Digononta,healthy,0,test,0.61343753
data/raw/Digononta/220704212204_39600.jpg,Digononta,healthy,0,test,0.6065865
data/raw/Digononta/220705205512_273600_2.jpg,Digononta,healthy,0,test,0.5918087
data/raw/Digononta/220702195412_159900.jpg,Digononta,healthy,0,test,0.5915331
data/raw/Digononta/220710214438_13500.jpg,Digononta,healthy,0,test,0.647853
data/raw/Digononta/220625152853_19200.jpg,Digononta,healthy,0,test,0.66515386
data/raw/Digononta/220625152853_23700_2.jpg,Digononta,healthy,0,test,0.56411237
data/raw/Digononta/250818192836_21600.jpg,Digononta,healthy,0,test,0.58973956
data/raw/Digononta/220710123359_20100.jpg,Digononta,healthy,0,test,0.5927682
data/raw/Digononta/220625193430_297600.jpg,Digononta,healthy,0,test,0.61596113
data/raw/Digononta/220706161602_24600.jpg,Digononta,healthy,0,test,0.6081944
data/raw/Digononta/220701144940_381900.jpg,Digononta,healthy,0,test,0.6233908
data/raw/Digononta/220706212903_102000.jpg,Digononta,healthy,0,test,0.5646594
data/raw/Digononta/220706161602_12900.jpg,Digononta,healthy,0,test,0.6522531
data/raw/Digononta/250718132208_24500.jpg,Digononta,healthy,0,test,0.5533879
data/raw/Digononta/221219103325_123.jpg,Digononta,healthy,0,test,0.6944413
data/raw/Digononta/220711151704_210600.jpg,Digononta,healthy,0,test,0.60359895
data/raw/Digononta/220704164337_44700_3.jpg,Digononta,healthy,0,test,0.58502114
data/raw/Digononta/220715153913_81900.jpg,Digononta,healthy,0,test,0.57214123
data/raw/Digononta/220715153913_359100.jpg,Digononta,healthy,0,test,0.6633525
data/raw/Digononta/220704164337_41400_2.jpg,Digononta,healthy,0,test,0.58988965
data/raw/Digononta/220625152853_15000_3.jpg,Digononta,healthy,0,test,0.5791806
data/raw/Digononta/220716104346_63600.jpg,Digononta,healthy,0,test,0.60159284
data/raw/Digononta/220714151918_382800.jpg,Digononta,healthy,0,test,0.6062958
data/raw/Digononta/220715135748_71100.jpg,Digononta,healthy,0,test,0.60643256
data/raw/Digononta/220710155007_204300.jpg,Digononta,healthy,0,test,0.5954315
data/raw/Digononta/220714194123_167400_2.jpg,Digononta,healthy,0,test,0.582971
data/raw/Digononta/220714151918_358500.jpg,Digononta,healthy,0,test,0.5643681
data/raw/Digononta/220706161602_83400.jpg,Digononta,healthy,0,test,0.62800884
data/raw/Digononta/220705133448_438000.jpg,Digononta,healthy,0,test,0.5492959
data/raw/Digononta/220927150708_95.jpg,Digononta,healthy,0,test,0.5701879
data/raw/Digononta/220705205512_86100_2.jpg,Digononta,healthy,0,test,0.5777118
data/raw/Digononta/220714151918_269700.jpg,Digononta,healthy,0,test,0.5885627
data/raw/Digononta/220704212204_56700_2.jpg,Digononta,healthy,0,test,0.6133106
data/raw/Digononta/220702195412_73800.jpg,Digononta,healthy,0,test,0.57147014
data/raw/Digononta/220715103728_13200_2.jpg,Digononta,healthy,0,test,0.6081274
data/raw/Digononta/220629133851_27600_2.jpg,Digononta,healthy,0,test,0.70182836
data/raw/Digononta/220705111212_64200_2.jpg,Digononta,healthy,0,test,0.6420629
data/raw/Digononta/220708152029_131100.jpg,Digononta,healthy,0,test,0.5807688
data/raw/Digononta/220715153913_2100.jpg,Digononta,healthy,0,test,0.5640857
data/raw/Digononta/220711132531_35100.jpg,Digononta,healthy,0,test,0.71325856
data/raw/Digononta/220711210818_114300.jpg,Digononta,healthy,0,test,0.59447587
data/raw/Digononta/220625152853_23700_11.jpg,Digononta,healthy,0,test,0.5946361
data/raw/Digononta/220705111212_11100_2.jpg,Digononta,healthy,0,test,0.65422547
data/raw/Digononta/220706212903_118500_2.jpg,Digononta,healthy,0,test,0.5826055
data/raw/Digononta/220713075400_20100.jpg,Digononta,healthy,0,test,0.5994875
data/raw/Digononta/220706212903_175500.jpg,Digononta,healthy,0,test,0.6178325
data/raw/Digononta/220629133851_70200.jpg,Digononta,healthy,0,test,0.5971671
data/raw/Digononta/220704212204_33900.jpg,Digononta,healthy,0,test,0.6230466
data/raw/Digononta/220625152853_33000.jpg,Digononta,healthy,0,test,0.66167784
data/raw/Digononta/220708152029_10200.jpg,Digononta,healthy,0,test,0.5627276
data/raw/Digononta/220708152029_185700.jpg,Digononta,healthy,0,test,0.57892174
data/raw/Digononta/220708152029_46800.jpg,Digononta,healthy,0,test,0.6114812
data/raw/Digononta/220702195412_174900_2.jpg,Digononta,healthy,0,test,0.6366605
data/raw/Digononta/220706161602_281700.jpg,Digononta,healthy,0,test,0.4850093
data/raw/Digononta/220920090529_259.jpg,Digononta,healthy,0,test,0.6551983
data/raw/Digononta/220625151150_14100_2.jpg,Digononta,healthy,0,test,0.6802216
data/raw/Digononta/220704212204_78900.jpg,Digononta,healthy,0,test,0.6297302
data/raw/Digononta/220715103728_4500_3.jpg,Digononta,healthy,0,test,0.5860718
data/raw/Digononta/220625152853_57300_3.jpg,Digononta,healthy,0,test,0.5972662
data/raw/Digononta/220701193719_183300.jpg,Digononta,healthy,0,test,0.6278133
data/raw/Digononta/220716104346_103200.jpg,Digononta,healthy,0,test,0.5953889
data/raw/Digononta/220711132531_43800.jpg,Digononta,healthy,0,test,0.6409193
data/raw/Digononta/220701144940_142500.jpg,Digononta,healthy,0,test,0.6142195
data/raw/Digononta/250718142531_18000.jpg,Digononta,healthy,0,test,0.59785765
data/raw/Digononta/220704164337_12300.jpg,Digononta,healthy,0,test,0.6443043
data/raw/Digononta/220714194123_65400.jpg,Digononta,healthy,0,test,0.58936733
data/raw/Digononta/220701193719_12900.jpg,Digononta,healthy,0,test,0.6219883
data/raw/Digononta/220712104445_130200.jpg,Digononta,healthy,0,test,0.6049925
data/raw/Digononta/220704212204_129000.jpg,Digononta,healthy,0,test,0.58862627
data/raw/Digononta/220714120033_9600.jpg,Digononta,healthy,0,test,0.69456697
data/raw/Digononta/220715153913_10500_2.jpg,Digononta,healthy,0,test,0.5904354
data/raw/Digononta/220714151918_171300.jpg,Digononta,healthy,0,test,0.5896475
data/raw/Digononta/220702195412_10500.jpg,Digononta,healthy,0,test,0.6872489
data/raw/Digononta/250719181210_12100.jpg,Digononta,healthy,0,test,0.63367176
data/raw/Digononta/220702195412_158400_2.jpg,Digononta,healthy,0,test,0.59025365
data/raw/Digononta/220710214438_223800.jpg,Digononta,healthy,0,test,0.6212073
data/raw/Digononta/220706161602_285000.jpg,Digononta,healthy,0,test,0.6085352
data/raw/Digononta/220715153913_66600.jpg,Digononta,healthy,0,test,0.6502353
data/raw/Digononta/220625162327_5100.jpg,Digononta,healthy,0,test,0.63087
data/raw/Digononta/220708152029_54300.jpg,Digononta,healthy,0,test,0.5903811
data/raw/Digononta/220713075400_32400_3.jpg,Digononta,healthy,0,test,0.56551147
data/raw/Digononta/220715153913_226500.jpg,Digononta,healthy,0,test,0.6347352
data/raw/Digononta/220712154002_33000.jpg,Digononta,healthy,0,test,0.5972732
data/raw/Digononta/220710104356_600.jpg,Digononta,healthy,0,test,0.5459727
data/raw/Digononta/220711132531_48300_2.jpg,Digononta,healthy,0,test,0.62215424
data/raw/Digononta/220710155007_154500.jpg,Digononta,healthy,0,test,0.56574607
data/raw/Digononta/220705111212_181500.jpg,Digononta,healthy,0,test,0.59262884
data/raw/Digononta/220716104346_46200_2.jpg,Digononta,healthy,0,test,0.6350678
data/raw/Digononta/220706212903_84000.jpg,Digononta,healthy,0,test,0.56267977
data/raw/Digononta/220714223843_39600.jpg,Digononta,healthy,0,test,0.5742196
data/raw/Digononta/220711210818_131400.jpg,Digononta,healthy,0,test,0.59673184
data/raw/Digononta/220614142009_300_2.jpg,Digononta,healthy,0,test,0.5840126
data/raw/Digononta/220713151019_103800_3.jpg,Digononta,healthy,0,test,0.64869136
data/raw/Digononta/220625152853_61500.jpg,Digononta,healthy,0,test,0.63056886
data/raw/Digononta/220714194123_167700.jpg,Digononta,healthy,0,test,0.62496835
data/raw/Digononta/220701193719_207000.jpg,Digononta,healthy,0,test,0.6434256
data/raw/Digononta/220714151918_219000.jpg,Digononta,healthy,0,test,0.60542345
data/raw/Digononta/220715153913_260400.jpg,Digononta,healthy,0,test,0.5359815
data/raw/Digononta/220713091344_243300.jpg,Digononta,healthy,0,test,0.5769999
data/raw/Digononta/220625151150_7500_2.jpg,Digononta,healthy,0,test,0.572983
data/raw/Digononta/220712104445_40800.jpg,Digononta,healthy,0,test,0.5983179
data/raw/Monogononta/250818200100_5600_2.jpg,Monogononta,healthy,0,test,0.63273245
data/raw/Monogononta/220714151918_63600_1.jpg,Monogononta,healthy,0,test,0.57551605
data/raw/Monogononta/220707145542_245700.jpg,Monogononta,healthy,0,test,0.5887272
data/raw/Monogononta/220712154002_29400_1.jpg,Monogononta,healthy,0,test,0.4829916
data/raw/Monogononta/220714151918_193800.jpg,Monogononta,healthy,0,test,0.5675792
data/raw/Monogononta/220710214438_105000.jpg,Monogononta,healthy,0,test,0.6064103
data/raw/Monogononta/220705205512_420300.jpg,Monogononta,healthy,0,test,0.64088696
data/raw/Monogononta/250718191917_1400.jpg,Monogononta,healthy,0,test,0.56972957
data/raw/Monogononta/220704164337_600_1.jpg,Monogononta,healthy,0,test,0.58591104
data/raw/Monogononta/220707221712_142800.jpg,Monogononta,healthy,0,test,0.53900045
data/raw/Monogononta/250819164502_21200.jpg,Monogononta,healthy,0,test,0.62016815
data/raw/Monogononta/250717195045_12700.jpg,Monogononta,healthy,0,test,0.6269427
data/raw/Monogononta/220715214149_9900.jpg,Monogononta,healthy,0,test,0.6061587
data/raw/Monogononta/220705133448_529500.jpg,Monogononta,healthy,0,test,0.5610819
data/raw/Monogononta/220705205512_87600.jpg,Monogononta,healthy,0,test,0.6033384
data/raw/Monogononta/220714151918_235800.jpg,Monogononta,healthy,0,test,0.5577521
data/raw/Monogononta/220708152029_71700.jpg,Monogononta,healthy,0,test,0.5662027
data/raw/Monogononta/220714151918_234900.jpg,Monogononta,healthy,0,test,0.5638275
data/raw/Monogononta/220710155007_55200.jpg,Monogononta,healthy,0,test,0.5283194
data/raw/Monogononta/220714151918_145200.jpg,Monogononta,healthy,0,test,0.5804729
data/raw/Monogononta/250719181210_10600.jpg,Monogononta,healthy,0,test,0.6605439
data/raw/Monogononta/220713091344_192000.jpg,Monogononta,healthy,0,test,0.6111879
data/raw/Monogononta/250719140643_10500.jpg,Monogononta,healthy,0,test,0.53978956
data/raw/Monogononta/220714151918_360600.jpg,Monogononta,healthy,0,test,0.6049962
data/raw/Monogononta/250819182407_5100.jpg,Monogononta,healthy,0,test,0.61989206
data/raw/Monogononta/220705133448_413400.jpg,Monogononta,healthy,0,test,0.6342001
data/raw/Monogononta/220712104445_93000.jpg,Monogononta,healthy,0,test,0.56093293
data/raw/Monogononta/220714223843_60000.jpg,Monogononta,healthy,0,test,0.58868134
data/raw/Monogononta/220710155007_93000.jpg,Monogononta,healthy,0,test,0.5351928
data/raw/Monogononta/220707145542_168900.jpg,Monogononta,healthy,0,test,0.61668277
data/raw/Monogononta/220706161602_98700.jpg,Monogononta,healthy,0,test,0.46175957
data/raw/Monogononta/220706161602_265200.jpg,Monogononta,healthy,0,test,0.56067127
data/raw/Monogononta/220708152029_97500.jpg,Monogononta,healthy,0,test,0.6032062
data/raw/Monogononta/220922191618_326.jpg,Monogononta,healthy,0,test,0.67157865
data/raw/Monogononta/220705205512_97800.jpg,Monogononta,healthy,0,test,0.60125566
data/raw/Monogononta/220707145542_53100.jpg,Monogononta,healthy,0,test,0.6048457
data/raw/Monogononta/250719150530_5200.jpg,Monogononta,healthy,0,test,0.6415101
data/raw/Monogononta/220710155007_115200.jpg,Monogononta,healthy,0,test,0.6192804
data/raw/Monogononta/250819195743_18900.jpg,Monogononta,healthy,0,test,0.6002351
data/raw/Monogononta/220711210818_10200.jpg,Monogononta,healthy,0,test,0.63480365
data/raw/Monogononta/220922132105_747.jpg,Monogononta,healthy,0,test,0.53049225
data/raw/Monogononta/220715214149_23400.jpg,Monogononta,healthy,0,test,0.6116461
data/raw/Monogononta/220710214438_72300_2.jpg,Monogononta,healthy,0,test,0.60533977
data/raw/Monogononta/220714151918_71700.jpg,Monogononta,healthy,0,test,0.6005701
data/raw/Monogononta/220707145542_372300.jpg,Monogononta,healthy,0,test,0.5385647
data/raw/Monogononta/220702195412_74100.jpg,Monogononta,healthy,0,test,0.58379
data/raw/Monogononta/220712162334_10800.jpg,Monogononta,healthy,0,test,0.57458234
data/raw/Monogononta/250819203609_4600.jpg,Monogononta,healthy,0,test,0.5915827
data/raw/Monogononta/220921133027_13.jpg,Monogononta,healthy,0,test,0.63933545
data/raw/Monogononta/220714151918_15000.jpg,Monogononta,healthy,0,test,0.5688319
data/raw/Monogononta/220711151704_316800.jpg,Monogononta,healthy,0,test,0.5991318
data/raw/Monogononta/220715153913_137700_2.jpg,Monogononta,healthy,0,test,0.5886098
data/raw/Monogononta/220705133448_253500.jpg,Monogononta,healthy,0,test,0.5649195
data/raw/Monogononta/220927183749_312.jpg,Monogononta,healthy,0,test,0.55322695
data/raw/Monogononta/250819211006_13800.jpg,Monogononta,healthy,0,test,0.591561
data/raw/Monogononta/220707103914_111300_2.jpg,Monogononta,healthy,0,test,0.59736127
data/raw/Monogononta/250819204323_15600.jpg,Monogononta,healthy,0,test,0.6188329
data/raw/Monogononta/220713151019_77700.jpg,Monogononta,healthy,0,test,0.5498027
data/raw/Monogononta/220920143151_92.jpg,Monogononta,healthy,0,test,0.53598624
data/raw/Monogononta/220706161602_235200.jpg,Monogononta,healthy,0,test,0.44664338
data/raw/Monogononta/220714151918_229800.jpg,Monogononta,healthy,0,test,0.69099045
data/raw/Monogononta/220705111212_169500.jpg,Monogononta,healthy,0,test,0.66284025
data/raw/Monogononta/220919213921_32.jpg,Monogononta,healthy,0,test,0.5532623
data/raw/Monogononta/220707145542_58200.jpg,Monogononta,healthy,0,test,0.51950604
data/raw/Monogononta/220713151019_219900.jpg,Monogononta,healthy,0,test,0.57364404
data/raw/Monogononta/220710214438_25500.jpg,Monogononta,healthy,0,test,0.5386158
data/raw/Monogononta/220713151019_87000.jpg,Monogononta,healthy,0,test,0.5809801
data/raw/Monogononta/220705133448_529800.jpg,Monogononta,healthy,0,test,0.5662033
data/raw/Monogononta/220706161602_292800.jpg,Monogononta,healthy,0,test,0.5697173
data/raw/Monogononta/220712104445_95100_2.jpg,Monogononta,healthy,0,test,0.6339668
data/raw/Monogononta/220710214438_133800.jpg,Monogononta,healthy,0,test,0.6022493
data/raw/Monogononta/220921151620_318.jpg,Monogononta,healthy,0,test,0.57348377
data/raw/Monogononta/220715214149_72300.jpg,Monogononta,healthy,0,test,0.5595032
data/raw/Monogononta/220707145542_109800.jpg,Monogononta,healthy,0,test,0.5679097
data/raw/Monogononta/220704164337_38700.jpg,Monogononta,healthy,0,test,0.5846913
data/raw/Monogononta/220714151918_233100_2.jpg,Monogononta,healthy,0,test,0.5703606
data/raw/Monogononta/220714151918_20400_3.jpg,Monogononta,healthy,0,test,0.58202964
data/raw/Monogononta/220715214149_70200.jpg,Monogononta,healthy,0,test,0.543864
data/raw/Monogononta/220705111212_1800.jpg,Monogononta,healthy,0,test,0.57492477
data/raw/Monogononta/220920090529_161.jpg,Monogononta,healthy,0,test,0.5625556
data/raw/Monogononta/220712154002_11400.jpg,Monogononta,healthy,0,test,0.5751242
data/raw/Monogononta/220714151918_70200.jpg,Monogononta,healthy,0,test,0.61188704
data/raw/Monogononta/220714151918_72000.jpg,Monogononta,healthy,0,test,0.59758866
data/raw/Monogononta/220701193719_113100.jpg,Monogononta,healthy,0,test,0.55149955
data/raw/Monogononta/220705133448_545700.jpg,Monogononta,healthy,0,test,0.55316746
data/raw/Monogononta/220714223843_36900.jpg,Monogononta,healthy,0,test,0.56499237
data/raw/Monogononta/220710155007_102000.jpg,Monogononta,healthy,0,test,0.6089832
data/raw/Monogononta/220715153913_169500.jpg,Monogononta,healthy,0,test,0.59928226
data/raw/Monogononta/220919143242_10.jpg,Monogononta,healthy,0,test,0.5669562
data/raw/Monogononta/220714151918_376200.jpg,Monogononta,healthy,0,test,0.6233905
data/raw/Monogononta/220922191618_608.jpg,Monogononta,healthy,0,test,0.57784927
data/raw/Monogononta/220714151918_158400.jpg,Monogononta,healthy,0,test,0.50729364
data/raw/Monogononta/220714120033_8700.jpg,Monogononta,healthy,0,test,0.57776177
data/raw/Monogononta/220927150708_179.jpg,Monogononta,healthy,0,test,0.52942413
data/raw/Monogononta/220714151918_109200.jpg,Monogononta,healthy,0,test,0.59007716
data/raw/Monogononta/250719150530_2200.jpg,Monogononta,healthy,0,test,0.6205921
data/raw/Monogononta/220715153913_195000.jpg,Monogononta,healthy,0,test,0.52857137
data/raw/Monogononta/250719163223_10100.jpg,Monogononta,healthy,0,test,0.6154645
data/raw/Monogononta/220707103914_129000.jpg,Monogononta,healthy,0,test,0.5775261
data/raw/Monogononta/220920090529_19.jpg,Monogononta,healthy,0,test,0.5656017
data/raw/Monogononta/220714151918_215100.jpg,Monogononta,healthy,0,test,0.5355762
data/raw/Monogononta/220708152029_111600.jpg,Monogononta,healthy,0,test,0.5925725
data/raw/Monogononta/220710214438_107100_2.jpg,Monogononta,healthy,0,test,0.56335914
data/raw/Monogononta/220712104445_29100.jpg,Monogononta,healthy,0,test,0.5674681
data/raw/Monogononta/220712211907_25800.jpg,Monogononta,healthy,0,test,0.5360879
data/raw/Monogononta/220711132531_38400.jpg,Monogononta,healthy,0,test,0.5981824
data/raw/Monogononta/220715153913_195600.jpg,Monogononta,healthy,0,test,0.5943927
data/raw/Monogononta/220714151918_208500.jpg,Monogononta,healthy,0,test,0.57996845
data/raw/Monogononta/220714151918_31800.jpg,Monogononta,healthy,0,test,0.56951994
data/raw/Monogononta/220923102431_123.jpg,Monogononta,healthy,0,test,0.52587414
data/raw/Monogononta/220922093805_31.jpg,Monogononta,healthy,0,test,0.5593061
data/raw/Monogononta/220714151918_184800.jpg,Monogononta,healthy,0,test,0.60143596
data/raw/Monogononta/220707103914_122700.jpg,Monogononta,healthy,0,test,0.57914644
data/raw/Monogononta/220712104445_98400.jpg,Monogononta,healthy,0,test,0.5536121
data/raw/Monogononta/220707145542_90000.jpg,Monogononta,healthy,0,test,0.6167258
data/raw/Monogononta/250819182407_16400.jpg,Monogononta,healthy,0,test,0.5776235
data/raw/Monogononta/220714151918_109500.jpg,Monogononta,healthy,0,test,0.532521
data/raw/Monogononta/250807145440_4800.jpg,Monogononta,healthy,0,test,0.67391974
data/raw/Monogononta/220710155007_112200.jpg,Monogononta,healthy,0,test,0.56443083
data/raw/Monogononta/220715103728_12600_2_1.jpg,Monogononta,healthy,0,test,0.54830486
data/raw/Monogononta/220710214438_7200.jpg,Monogononta,healthy,0,test,0.5816695
data/raw/Monogononta/220704164337_14400.jpg,Monogononta,healthy,0,test,0.58944994
data/raw/Monogononta/220704164337_42600.jpg,Monogononta,healthy,0,test,0.5471594
data/raw/Monogononta/220711151704_88200.jpg,Monogononta,healthy,0,test,0.58711267
data/raw/Monogononta/220713091344_266700.jpg,Monogononta,healthy,0,test,0.5436059
data/raw/Monogononta/220713151019_46800_2.jpg,Monogononta,healthy,0,test,0.59482497
data/raw/Monogononta/220715103728_27600.jpg,Monogononta,healthy,0,test,0.5658621
data/raw/Monogononta/220714151918_235800_2.jpg,Monogononta,healthy,0,test,0.52972305
data/raw/Monogononta/220707145542_149400.jpg,Monogononta,healthy,0,test,0.6151997
data/raw/Monogononta/220702195412_9300.jpg,Monogononta,healthy,0,test,0.61302704
data/raw/Monogononta/220704164337_300_2.jpg,Monogononta,healthy,0,test,0.6175121
data/raw/Monogononta/220705111212_35100.jpg,Monogononta,healthy,0,test,0.5511878
data/raw/Monogononta/220710155007_900.jpg,Monogononta,healthy,0,test,0.5530774
data/raw/Monogononta/220923151606_617.jpg,Monogononta,healthy,0,test,0.6142819
data/raw/Monogononta/220715153913_142800.jpg,Monogononta,healthy,0,test,0.5627719
data/raw/Monogononta/220714194123_47700.jpg,Monogononta,healthy,0,test,0.51781714
data/raw/Monogononta/220922102326_149.jpg,Monogononta,healthy,0,test,0.5555538
data/raw/Monogononta/220715103728_12900_2.jpg,Monogononta,healthy,0,test,0.5110399
data/raw/Monogononta/220710104356_26700.jpg,Monogononta,healthy,0,test,0.5419241
data/raw/Monogononta/220704164337_48600.jpg,Monogononta,healthy,0,test,0.5590858
data/raw/Monogononta/220714151918_262800.jpg,Monogononta,healthy,0,test,0.55416113
data/raw/Monogononta/220710155007_105600.jpg,Monogononta,healthy,0,test,0.6157095
data/raw/Monogononta/220923102431_154.jpg,Monogononta,healthy,0,test,0.6623949
data/raw/Monogononta/250719163223_13800.jpg,Monogononta,healthy,0,test,0.62585276
data/raw/Monogononta/220714151918_378000.jpg,Monogononta,healthy,0,test,0.55744934
data/raw/Monogononta/220714151918_168900.jpg,Monogononta,healthy,0,test,0.54651445
data/raw/Monogononta/220710155007_20100.jpg,Monogononta,healthy,0,test,0.5655427
data/raw/Monogononta/220922093805_30_2.jpg,Monogononta,healthy,0,test,0.5980692
data/raw/Monogononta/220711210818_61500.jpg,Monogononta,healthy,0,test,0.54398835
data/raw/Monogononta/220710155007_96300.jpg,Monogononta,healthy,0,test,0.5745224
data/raw/Monogononta/220714214255_41100.jpg,Monogononta,healthy,0,test,0.56005645
data/raw/Monogononta/220704164337_171900.jpg,Monogononta,healthy,0,test,0.5896733
data/raw/Monogononta/250719195847_9100.jpg,Monogononta,healthy,0,test,0.56203747
data/raw/Monogononta/220704164337_24300.jpg,Monogononta,healthy,0,test,0.61421335
data/raw/Monogononta/220710214438_27900.jpg,Monogononta,healthy,0,test,0.57716
data/raw/Monogononta/220710214438_27600.jpg,Monogononta,healthy,0,test,0.6063502
data/raw/Monogononta/220714223843_40200.jpg,Monogononta,healthy,0,test,0.60366654
data/raw/Monogononta/220920090529_260.jpg,Monogononta,healthy,0,test,0.6413977
data/raw/Monogononta/220711151704_363000.jpg,Monogononta,healthy,0,test,0.6167002
data/raw/Monogononta/220710155007_98400.jpg,Monogononta,healthy,0,test,0.601757
data/raw/Monogononta/220704212204_130200.jpg,Monogononta,healthy,0,test,0.5822569
data/raw/Monogononta/220706161602_344100.jpg,Monogononta,healthy,0,test,0.5899288
data/raw/Monogononta/250719140643_12100.jpg,Monogononta,healthy,0,test,0.63375294
data/raw/Monogononta/220707145542_98400.jpg,Monogononta,healthy,0,test,0.5895557
data/raw/Monogononta/220714151918_229500_1.jpg,Monogononta,healthy,0,test,0.633202
data/raw/Monogononta/220714194123_50700.jpg,Monogononta,healthy,0,test,0.4725021
data/raw/Monogononta/220716104346_94500.jpg,Monogononta,healthy,0,test,0.6514084
data/raw/Monogononta/220710155007_57900.jpg,Monogononta,healthy,0,test,0.5659681
data/raw/Monogononta/220712162334_3000.jpg,Monogononta,healthy,0,test,0.56367517
data/raw/Monogononta/220714151918_284400_2.jpg,Monogononta,healthy,0,test,0.63538504
data/raw/Monogononta/220715153913_152100.jpg,Monogononta,healthy,0,test,0.69674015
data/raw/Monogononta/220710155007_157800.jpg,Monogononta,healthy,0,test,0.5653215
data/raw/Monogononta/250815141807_18400.jpg,Monogononta,healthy,0,test,0.71164995
data/raw/Monogononta/220707145542_78000.jpg,Monogononta,healthy,0,test,0.5527245
data/raw/Monogononta/220701193719_233100.jpg,Monogononta,healthy,0,test,0.5300976
data/raw/Monogononta/220716104346_112800.jpg,Monogononta,healthy,0,test,0.56939405
data/raw/Monogononta/220921151620_487.jpg,Monogononta,healthy,0,test,0.5503081
data/raw/Monogononta/220924190628_27.jpg,Monogononta,healthy,0,test,0.5354776
data/raw/Monogononta/220713091344_246300.jpg,Monogononta,healthy,0,test,0.62766784
data/raw/Monogononta/250717184843_16800.jpg,Monogononta,healthy,0,test,0.55418676
data/raw/Monogononta/220715153913_342600.jpg,Monogononta,healthy,0,test,0.57808435
data/raw/Monogononta/250818182128_8500.jpg,Monogononta,healthy,0,test,0.60631853
data/raw/Monogononta/220714151918_177900.jpg,Monogononta,healthy,0,test,0.5485929
data/raw/Monogononta/220715103728_12900.jpg,Monogononta,healthy,0,test,0.60759413
data/raw/Monogononta/220715153913_315900_1.jpg,Monogononta,healthy,0,test,0.63373876
data/raw/Monogononta/220705133448_472800.jpg,Monogononta,healthy,0,test,0.63731307
data/raw/Monogononta/220921133027_65.jpg,Monogononta,healthy,0,test,0.6218674
data/raw/Monogononta/220704164337_230100.jpg,Monogononta,healthy,0,test,0.55645376
data/raw/Monogononta/220710214438_204300.jpg,Monogononta,healthy,0,test,0.5304067
data/raw/Monogononta/220714213052_15300.jpg,Monogononta,healthy,0,test,0.528175
data/raw/Monogononta/220715103728_12900_1.jpg,Monogononta,healthy,0,test,0.5991165
data/raw/Monogononta/220713151019_186300.jpg,Monogononta,healthy,0,test,0.53563005
data/raw/Monogononta/220713151019_200100.jpg,Monogononta,healthy,0,test,0.55795455
data/raw/Monogononta/220715214149_43800.jpg,Monogononta,healthy,0,test,0.6197797
data/raw/Monogononta/220714151918_264000_1.jpg,Monogononta,healthy,0,test,0.5434
data/raw/Monogononta/220705133448_500100.jpg,Monogononta,healthy,0,test,0.5923347
data/raw/Monogononta/250818182128_3300.jpg,Monogononta,healthy,0,test,0.52120566
data/raw/Monogononta/220711210818_104400.jpg,Monogononta,healthy,0,test,0.51350546
data/raw/Monogononta/220922132105_128.jpg,Monogononta,healthy,0,test,0.55848426
data/raw/Monogononta/220710214438_30600.jpg,Monogononta,healthy,0,test,0.5434236
data/raw/Monogononta/220706161602_196500.jpg,Monogononta,healthy,0,test,0.5807288
data/raw/Monogononta/220706100742_12300.jpg,Monogononta,healthy,0,test,0.5433469
data/raw/Monogononta/220705133448_407700_2.jpg,Monogononta,healthy,0,test,0.614112
data/raw/Monogononta/220710155007_3000.jpg,Monogononta,healthy,0,test,0.5791812
data/raw/Monogononta/220706161602_234900.jpg,Monogononta,healthy,0,test,0.51221937
data/raw/Monogononta/220712211907_49500.jpg,Monogononta,healthy,0,test,0.6218519
data/raw/Monogononta/220702195412_135900.jpg,Monogononta,healthy,0,test,0.63554454
data/raw/Monogononta/220925102517_96.jpg,Monogononta,healthy,0,test,0.5849872
data/raw/Monogononta/220715214149_15000.jpg,Monogononta,healthy,0,test,0.5713216
data/raw/Monogononta/250718155419_13400.jpg,Monogononta,healthy,0,test,0.5509604
data/raw/Monogononta/220710214438_120600_2.jpg,Monogononta,healthy,0,test,0.5654685
data/raw/Monogononta/250719195847_2000.jpg,Monogononta,healthy,0,test,0.6374177
data/raw/Monogononta/220714223843_1800.jpg,Monogononta,healthy,0,test,0.54611635
data/raw/Monogononta/220711132531_19500.jpg,Monogononta,healthy,0,test,0.5996168
data/raw/Monogononta/220714151918_73200.jpg,Monogononta,healthy,0,test,0.6802636
data/raw/Monogononta/220712104445_92700.jpg,Monogononta,healthy,0,test,0.5725401
data/raw/Monogononta/220922093805_174.jpg,Monogononta,healthy,0,test,0.56666034
data/raw/Monogononta/220715153913_208200.jpg,Monogononta,healthy,0,test,0.55793905
data/raw/Monogononta/220919213921_14.jpg,Monogononta,healthy,0,test,0.5462917
data/raw/Monogononta/220710214438_45900.jpg,Monogononta,healthy,0,test,0.5941194
data/raw/Monogononta/220710155007_102600.jpg,Monogononta,healthy,0,test,0.5681963
data/raw/Monogononta/220712104445_93300_2.jpg,Monogononta,healthy,0,test,0.57773536
data/raw/Monogononta/220710155007_295800.jpg,Monogononta,healthy,0,test,0.5306221
data/raw/Monogononta/220714151918_236100.jpg,Monogononta,healthy,0,test,0.5477175
data/raw/Monogononta/220710155007_145800.jpg,Monogononta,healthy,0,test,0.56720454
data/raw/Monogononta/220714151918_73500.jpg,Monogononta,healthy,0,test,0.6175061
data/raw/Monogononta/220715153913_315900.jpg,Monogononta,healthy,0,test,0.543841
data/raw/Monogononta/220710155007_167700.jpg,Monogononta,healthy,0,test,0.57129765
data/raw/Monogononta/220714151918_284400.jpg,Monogononta,healthy,0,test,0.58557177
data/raw/Monogononta/250719153319_11500.jpg,Monogononta,healthy,0,test,0.5728654
data/raw/Monogononta/220715153913_342300.jpg,Monogononta,healthy,0,test,0.61443865
data/raw/Monogononta/220712154002_29400.jpg,Monogononta,healthy,0,test,0.53729457
data/raw/Monogononta/220710155007_96600.jpg,Monogononta,healthy,0,test,0.5700754
data/raw/Monogononta/220706212903_83700.jpg,Monogononta,healthy,0,test,0.6127743
data/raw/Monogononta/220707103914_262800.jpg,Monogononta,healthy,0,test,0.5980435
data/raw/Monogononta/220713151019_44400.jpg,Monogononta,healthy,0,test,0.5892321
data/raw/Monogononta/250819204323_16300.jpg,Monogononta,healthy,0,test,0.5719767
data/raw/Monogononta/220712162334_8400.jpg,Monogononta,healthy,0,test,0.6411634
data/raw/Monogononta/220711210818_103200.jpg,Monogononta,healthy,0,test,0.5665805
data/raw/Monogononta/220923191844_191.jpg,Monogononta,healthy,0,test,0.58404195
data/raw/Arcellinida/220712104445_21300.jpg,Arcellinida,stressed,1,test,0.68331134
data/raw/Arcellinida/220927123420_11.jpg,Arcellinida,stressed,1,test,0.5404312
data/raw/Arcellinida/220713151019_219300.jpg,Arcellinida,stressed,1,test,0.5603516
data/raw/Arcellinida/250719183759_500.jpg,Arcellinida,stressed,1,test,0.6550714
data/raw/Arcellinida/220708152029_144300.jpg,Arcellinida,stressed,1,test,0.6729467
data/raw/Arcellinida/220928215317_41.jpg,Arcellinida,stressed,1,test,0.79507375
data/raw/Arcellinida/220815204959_243300.jpg,Arcellinida,stressed,1,test,0.6458966
data/raw/Arcellinida/220823110824_18600.jpg,Arcellinida,stressed,1,test,0.5663251
data/raw/Arcellinida/220924190628_1_3.jpg,Arcellinida,stressed,1,test,0.57873666
data/raw/Arcellinida/220711151704_178200.jpg,Arcellinida,stressed,1,test,0.5756641
data/raw/Arcellinida/220713210859_300.jpg,Arcellinida,stressed,1,test,0.60409683
data/raw/Arcellinida/220920090529_42.jpg,Arcellinida,stressed,1,test,0.63090867
data/raw/Arcellinida/250822144447_7700_4.jpg,Arcellinida,stressed,1,test,0.7704149
data/raw/Arcellinida/220827192508_55200.jpg,Arcellinida,stressed,1,test,0.5806221
data/raw/Arcellinida/220822160429_122400.jpg,Arcellinida,stressed,1,test,0.6301939
data/raw/Arcellinida/221203122546_261.jpg,Arcellinida,stressed,1,test,0.69217205
data/raw/Arcellinida/220711151704_58800.jpg,Arcellinida,stressed,1,test,0.702569
data/raw/Arcellinida/220927103320_13.jpg,Arcellinida,stressed,1,test,0.5757184
data/raw/Arcellinida/250822151857_18200_2.jpg,Arcellinida,stressed,1,test,0.7758728
data/raw/Arcellinida/220927150708_389.jpg,Arcellinida,stressed,1,test,0.62664026
data/raw/Arcellinida/220926132633_21_3.jpg,Arcellinida,stressed,1,test,0.59661776
data/raw/Arcellinida/220924140904_517.jpg,Arcellinida,stressed,1,test,0.5542006
data/raw/Arcellinida/220822212820_35100.jpg,Arcellinida,stressed,1,test,0.55749285
data/raw/Arcellinida/250820192622_3300_2.jpg,Arcellinida,stressed,1,test,0.7294742
data/raw/Arcellinida/220712104445_70800.jpg,Arcellinida,stressed,1,test,0.72261655
data/raw/Arcellinida/250819144452_9500.jpg,Arcellinida,stressed,1,test,0.7666754
data/raw/Arcellinida/220924190628_73.jpg,Arcellinida,stressed,1,test,0.58888614
data/raw/Arcellinida/250822144447_14400.jpg,Arcellinida,stressed,1,test,0.6478749
data/raw/Arcellinida/220928110514_195.jpg,Arcellinida,stressed,1,test,0.5964266
data/raw/Arcellinida/221129202130_185.jpg,Arcellinida,stressed,1,test,0.5536233
data/raw/Arcellinida/250719160003_200.jpg,Arcellinida,stressed,1,test,0.7272785
data/raw/Arcellinida/220817111017_12600_2.jpg,Arcellinida,stressed,1,test,0.5582239
data/raw/Arcellinida/220926185508_74.jpg,Arcellinida,stressed,1,test,0.61443126
data/raw/Arcellinida/250819204323_12100.jpg,Arcellinida,stressed,1,test,0.73459136
data/raw/Arcellinida/220704164337_26700.jpg,Arcellinida,stressed,1,test,0.6851976
data/raw/Arcellinida/220822212820_77100.jpg,Arcellinida,stressed,1,test,0.5883895
data/raw/Arcellinida/250806190337_9400.jpg,Arcellinida,stressed,1,test,0.6120466
data/raw/Arcellinida/220715153913_142800.jpg,Arcellinida,stressed,1,test,0.61707664
data/raw/Arcellinida/250820192622_2300.jpg,Arcellinida,stressed,1,test,0.7324531
data/raw/Arcellinida/221218205314_493.jpg,Arcellinida,stressed,1,test,0.60584885
data/raw/Arcellinida/220924140904_392.jpg,Arcellinida,stressed,1,test,0.674098
data/raw/Arcellinida/250820192622_2400_2.jpg,Arcellinida,stressed,1,test,0.6572166
data/raw/Arcellinida/220924140904_263.jpg,Arcellinida,stressed,1,test,0.65935826
data/raw/Arcellinida/220815230100_17100.jpg,Arcellinida,stressed,1,test,0.6661092
data/raw/Arcellinida/250822165008_3500.jpg,Arcellinida,stressed,1,test,0.7328155
data/raw/Arcellinida/250719133654_5300.jpg,Arcellinida,stressed,1,test,0.70738286
data/raw/Arcellinida/220706161602_166200.jpg,Arcellinida,stressed,1,test,0.60998154
data/raw/Arcellinida/220710155007_91500_2.jpg,Arcellinida,stressed,1,test,0.6338692
data/raw/Arcellinida/220927150708_260.jpg,Arcellinida,stressed,1,test,0.5138793
data/raw/Arcellinida/220825221032_36600.jpg,Arcellinida,stressed,1,test,0.5721604
data/raw/Arcellinida/250815184307_6300.jpg,Arcellinida,stressed,1,test,0.677436
data/raw/Arcellinida/250717155619_18100_2.jpg,Arcellinida,stressed,1,test,0.7009115
data/raw/Arcellinida/220927150708_331.jpg,Arcellinida,stressed,1,test,0.561481
data/raw/Arcellinida/220921151620_358.jpg,Arcellinida,stressed,1,test,0.63161665
data/raw/Arcellinida/250717163557_4400.jpg,Arcellinida,stressed,1,test,0.68371665
data/raw/Arcellinida/220921151620_456.jpg,Arcellinida,stressed,1,test,0.6531025
data/raw/Arcellinida/220824211549_4800.jpg,Arcellinida,stressed,1,test,0.58272874
data/raw/Arcellinida/220927183749_149.jpg,Arcellinida,stressed,1,test,0.60534817
data/raw/Arcellinida/220819132809_238800.jpg,Arcellinida,stressed,1,test,0.63716316
data/raw/Arcellinida/220923151606_127.jpg,Arcellinida,stressed,1,test,0.5867609
data/raw/Arcellinida/220715153913_84900.jpg,Arcellinida,stressed,1,test,0.67304987
data/raw/Arcellinida/250818185500_14700.jpg,Arcellinida,stressed,1,test,0.68044746
data/raw/Arcellinida/220825160549_113400.jpg,Arcellinida,stressed,1,test,0.6721293
data/raw/Arcellinida/220920112849_7_2.jpg,Arcellinida,stressed,1,test,0.58146816
data/raw/Arcellinida/220711151704_72900.jpg,Arcellinida,stressed,1,test,0.6440502
data/raw/Arcellinida/250718151647_21800.jpg,Arcellinida,stressed,1,test,0.66794044
data/raw/Arcellinida/220928215317_28.jpg,Arcellinida,stressed,1,test,0.6575851
data/raw/Arcellinida/221211132350_275.jpg,Arcellinida,stressed,1,test,0.6411804
data/raw/Arcellinida/250719195847_12900.jpg,Arcellinida,stressed,1,test,0.64342463
data/raw/Arcellinida/220922191618_177.jpg,Arcellinida,stressed,1,test,0.57950366
data/raw/Arcellinida/220816110204_30300_2.jpg,Arcellinida,stressed,1,test,0.59007925
data/raw/Arcellinida/220822212820_36600.jpg,Arcellinida,stressed,1,test,0.5638693
data/raw/Arcellinida/220928153740_31.jpg,Arcellinida,stressed,1,test,0.5950155
data/raw/Arcellinida/220824211549_135300.jpg,Arcellinida,stressed,1,test,0.59430045
data/raw/Arcellinida/250819182407_19300.jpg,Arcellinida,stressed,1,test,0.6830839
data/raw/Arcellinida/250819132240_24000.jpg,Arcellinida,stressed,1,test,0.6035247
data/raw/Arcellinida/250819144452_13500.jpg,Arcellinida,stressed,1,test,0.6906814
data/raw/Arcellinida/250822154936_2000_2.jpg,Arcellinida,stressed,1,test,0.712955
data/raw/Arcellinida/250718151647_6900.jpg,Arcellinida,stressed,1,test,0.6570221
data/raw/Arcellinida/221211111727_135_2.jpg,Arcellinida,stressed,1,test,0.5924995
data/raw/Arcellinida/220701144940_245400.jpg,Arcellinida,stressed,1,test,0.6643247
data/raw/Arcellinida/250719163223_8500.jpg,Arcellinida,stressed,1,test,0.7446789
data/raw/Arcellinida/220812220906_13800.jpg,Arcellinida,stressed,1,test,0.5781695
data/raw/Arcellinida/220924190628_221.jpg,Arcellinida,stressed,1,test,0.62764686
data/raw/Arcellinida/250717155619_18100.jpg,Arcellinida,stressed,1,test,0.64948326
data/raw/Arcellinida/220819132809_237900.jpg,Arcellinida,stressed,1,test,0.55512583
data/raw/Arcellinida/220926214629_110.jpg,Arcellinida,stressed,1,test,0.70796335
data/raw/Arcellinida/220812220906_24300.jpg,Arcellinida,stressed,1,test,0.57473564
data/raw/Arcellinida/250815152852_4300.jpg,Arcellinida,stressed,1,test,0.6879149
data/raw/Arcellinida/220927150708_134.jpg,Arcellinida,stressed,1,test,0.5844902
data/raw/Arcellinida/220925102517_63.jpg,Arcellinida,stressed,1,test,0.66357654
data/raw/Arcellinida/220929104728_64.jpg,Arcellinida,stressed,1,test,0.6119333
data/raw/Arcellinida/220922191618_671.jpg,Arcellinida,stressed,1,test,0.7243463
data/raw/Arcellinida/250719140643_9700.jpg,Arcellinida,stressed,1,test,0.6952472
data/raw/Arcellinida/220922093805_90_3.jpg,Arcellinida,stressed,1,test,0.675892
data/raw/Arcellinida/220922191618_114.jpg,Arcellinida,stressed,1,test,0.64987904
data/raw/Arcellinida/220822212820_87300.jpg,Arcellinida,stressed,1,test,0.60183036
data/raw/Arcellinida/250719150530_2600_2.jpg,Arcellinida,stressed,1,test,0.6870865
data/raw/Arcellinida/250819211006_15600.jpg,Arcellinida,stressed,1,test,0.784539
data/raw/Arcellinida/220815230100_18300.jpg,Arcellinida,stressed,1,test,0.60004234
data/raw/Arcellinida/250822144447_16900.jpg,Arcellinida,stressed,1,test,0.6699067
data/raw/Arcellinida/220716104346_41100.jpg,Arcellinida,stressed,1,test,0.6440776
data/raw/Arcellinida/250822144447_7700_3.jpg,Arcellinida,stressed,1,test,0.64375186
data/raw/Arcellinida/220822212820_130500.jpg,Arcellinida,stressed,1,test,0.56206656
data/raw/Arcellinida/220919143242_171.jpg,Arcellinida,stressed,1,test,0.63576543
data/raw/Arcellinida/220920141408_13.jpg,Arcellinida,stressed,1,test,0.63948536
data/raw/Arcellinida/220924140904_567.jpg,Arcellinida,stressed,1,test,0.61561424
data/raw/Arcellinida/220704212204_133200.jpg,Arcellinida,stressed,1,test,0.73503506
data/raw/Arcellinida/220815141852_2400.jpg,Arcellinida,stressed,1,test,0.6930044
data/raw/Arcellinida/220924140904_499_2.jpg,Arcellinida,stressed,1,test,0.6728713
data/raw/Arcellinida/220924140904_308.jpg,Arcellinida,stressed,1,test,0.58381504
data/raw/Arcellinida/250822165008_12200_2.jpg,Arcellinida,stressed,1,test,0.65318555
data/raw/Arcellinida/220715153913_137100.jpg,Arcellinida,stressed,1,test,0.5661865
data/raw/Arcellinida/250819195743_9500.jpg,Arcellinida,stressed,1,test,0.6533079
data/raw/Arcellinida/220710155007_100500.jpg,Arcellinida,stressed,1,test,0.58088785
data/raw/Arcellinida/250717173415_10100_2.jpg,Arcellinida,stressed,1,test,0.7444534
data/raw/Arcellinida/220922191618_181.jpg,Arcellinida,stressed,1,test,0.60994655
data/raw/Arcellinida/250815182602_4900.jpg,Arcellinida,stressed,1,test,0.722713
data/raw/Arcellinida/221203134303_64.jpg,Arcellinida,stressed,1,test,0.5782574
data/raw/Arcellinida/220823165512_25800.jpg,Arcellinida,stressed,1,test,0.6462184
data/raw/Arcellinida/220824101451_7200.jpg,Arcellinida,stressed,1,test,0.63134897
data/raw/Arcellinida/220824211549_6300.jpg,Arcellinida,stressed,1,test,0.6471871
data/raw/Arcellinida/220712162334_232800.jpg,Arcellinida,stressed,1,test,0.6108856
data/raw/Arcellinida/220827204413_9900.jpg,Arcellinida,stressed,1,test,0.6270364
data/raw/Arcellinida/220707145542_68400_2.jpg,Arcellinida,stressed,1,test,0.6520714
data/raw/Arcellinida/220922132105_151.jpg,Arcellinida,stressed,1,test,0.65903753
data/raw/Arcellinida/220922132105_171.jpg,Arcellinida,stressed,1,test,0.6413527
data/raw/Arcellinida/220925151714_147.jpg,Arcellinida,stressed,1,test,0.64351803
data/raw/Arcellinida/220714151918_208200.jpg,Arcellinida,stressed,1,test,0.6805529
data/raw/Arcellinida/220924095715_30.jpg,Arcellinida,stressed,1,test,0.511164
data/raw/Arcellinida/221215171437_73.jpg,Arcellinida,stressed,1,test,0.60325086
data/raw/Arcellinida/220927150708_109.jpg,Arcellinida,stressed,1,test,0.57611394
data/raw/Arcellinida/250820192622_6600.jpg,Arcellinida,stressed,1,test,0.6831085
data/raw/Arcellinida/250815152852_1100.jpg,Arcellinida,stressed,1,test,0.67749214
data/raw/Arcellinida/220711210818_96600.jpg,Arcellinida,stressed,1,test,0.7443247
data/raw/Arcellinida/250719140643_10500.jpg,Arcellinida,stressed,1,test,0.71885663
data/raw/Arcellinida/220815141852_20100.jpg,Arcellinida,stressed,1,test,0.6793551
data/raw/Arcellinida/220929083616_58.jpg,Arcellinida,stressed,1,test,0.6275593
data/raw/Arcellinida/220705133448_160800.jpg,Arcellinida,stressed,1,test,0.6585412
data/raw/Arcellinida/220927183749_34.jpg,Arcellinida,stressed,1,test,0.60735464
data/raw/Arcellinida/250822121341_8500.jpg,Arcellinida,stressed,1,test,0.6512561
data/raw/Arcellinida/250818182128_19300_2.jpg,Arcellinida,stressed,1,test,0.6690084
data/raw/Arcellinida/220927212046_212.jpg,Arcellinida,stressed,1,test,0.63237786
data/raw/Arcellinida/250818174224_17500.jpg,Arcellinida,stressed,1,test,0.6653079
data/raw/Arcellinida/220925193708_45_2.jpg,Arcellinida,stressed,1,test,0.58910865
data/raw/Arcellinida/221124153245_52.jpg,Arcellinida,stressed,1,test,0.5402624
data/raw/Arcellinida/220919192752_44.jpg,Arcellinida,stressed,1,test,0.5682862
data/raw/Arcellinida/220925102517_80.jpg,Arcellinida,stressed,1,test,0.5453905
data/raw/Arcellinida/220924140904_361.jpg,Arcellinida,stressed,1,test,0.7133692
data/raw/Arcellinida/250819195743_1400.jpg,Arcellinida,stressed,1,test,0.58586943
data/raw/Arcellinida/220922132105_816.jpg,Arcellinida,stressed,1,test,0.5564953
data/raw/Arcellinida/220823165512_95400_2.jpg,Arcellinida,stressed,1,test,0.51569206
data/raw/Arcellinida/250818192836_13900.jpg,Arcellinida,stressed,1,test,0.6433936
data/raw/Arcellinida/220922132105_27.jpg,Arcellinida,stressed,1,test,0.59163177
data/raw/Arcellinida/221217101450_142.jpg,Arcellinida,stressed,1,test,0.6344433
data/raw/Arcellinida/250822154936_16700.jpg,Arcellinida,stressed,1,test,0.7561044
data/raw/Arcellinida/220710214438_75000.jpg,Arcellinida,stressed,1,test,0.6939916
data/raw/Arcellinida/220823165512_126000.jpg,Arcellinida,stressed,1,test,0.6704187
data/raw/Arcellinida/250820145905_13400.jpg,Arcellinida,stressed,1,test,0.7297128
data/raw/Arcellinida/220822212820_62400_4.jpg,Arcellinida,stressed,1,test,0.5772216
data/raw/Arcellinida/250822201829_5700.jpg,Arcellinida,stressed,1,test,0.6751869
data/raw/Arcellinida/220823134252_16500_2.jpg,Arcellinida,stressed,1,test,0.5866843
data/raw/Arcellinida/250717184843_15800.jpg,Arcellinida,stressed,1,test,0.7031535
data/raw/Arcellinida/220928153740_103.jpg,Arcellinida,stressed,1,test,0.52273613
data/raw/Arcellinida/220713091344_219000.jpg,Arcellinida,stressed,1,test,0.6893174
data/raw/Arcellinida/250719163223_8400.jpg,Arcellinida,stressed,1,test,0.69699544
data/raw/Arcellinida/220927183749_105.jpg,Arcellinida,stressed,1,test,0.6370096
data/raw/Arcellinida/220920090529_56_3.jpg,Arcellinida,stressed,1,test,0.6267405
data/raw/Arcellinida/250818200100_8700.jpg,Arcellinida,stressed,1,test,0.69788134
data/raw/Arcellinida/220929083616_103.jpg,Arcellinida,stressed,1,test,0.5765109
data/raw/Arcellinida/220820132438_301200.jpg,Arcellinida,stressed,1,test,0.6631235
data/raw/Arcellinida/221205133158_375.jpg,Arcellinida,stressed,1,test,0.71216035
data/raw/Arcellinida/220926214629_80.jpg,Arcellinida,stressed,1,test,0.6422562
data/raw/Arcellinida/250819111524_17300.jpg,Arcellinida,stressed,1,test,0.65355986
data/raw/Arcellinida/221219123632_104.jpg,Arcellinida,stressed,1,test,0.69677615
data/raw/Arcellinida/220922132105_312.jpg,Arcellinida,stressed,1,test,0.5628234
data/raw/Arcellinida/220926185508_112.jpg,Arcellinida,stressed,1,test,0.6476796
data/raw/Arcellinida/220921151620_276.jpg,Arcellinida,stressed,1,test,0.6170004
data/raw/Arcellinida/220812220906_17400.jpg,Arcellinida,stressed,1,test,0.542743
data/raw/Arcellinida/220823214033_96300.jpg,Arcellinida,stressed,1,test,0.6561489
data/raw/Arcellinida/220923151606_110.jpg,Arcellinida,stressed,1,test,0.67322797
data/raw/Arcellinida/220928110514_129.jpg,Arcellinida,stressed,1,test,0.5794522
data/raw/Arcellinida/220927183749_198.jpg,Arcellinida,stressed,1,test,0.5504039
data/raw/Arcellinida/220822212820_35400_2.jpg,Arcellinida,stressed,1,test,0.6079915
data/raw/Arcellinida/220927212046_189.jpg,Arcellinida,stressed,1,test,0.5467023
data/raw/Arcellinida/250820201731_2700.jpg,Arcellinida,stressed,1,test,0.72481036
data/raw/Arcellinida/250806193330_15100.jpg,Arcellinida,stressed,1,test,0.62524503
data/raw/Arcellinida/220922093805_63.jpg,Arcellinida,stressed,1,test,0.55744356
data/raw/Arcellinida/250718155419_16700.jpg,Arcellinida,stressed,1,test,0.70777726
data/raw/Arcellinida/220925193708_149_2.jpg,Arcellinida,stressed,1,test,0.7461805
data/raw/Arcellinida/221211111727_110.jpg,Arcellinida,stressed,1,test,0.6019654
data/raw/Arcellinida/220928215317_122.jpg,Arcellinida,stressed,1,test,0.6476999
data/raw/Arcellinida/220925193708_114.jpg,Arcellinida,stressed,1,test,0.63102907
data/raw/Arcellinida/220919143242_88.jpg,Arcellinida,stressed,1,test,0.5999397
data/raw/Arcellinida/220705205512_318900.jpg,Arcellinida,stressed,1,test,0.64492285
data/raw/Arcellinida/250822215625_10500_2.jpg,Arcellinida,stressed,1,test,0.78873587
data/raw/Arcellinida/250717184843_1300.jpg,Arcellinida,stressed,1,test,0.7151848
data/raw/Arcellinida/220705205512_246000.jpg,Arcellinida,stressed,1,test,0.6045338
data/raw/Arcellinida/250818192836_11900.jpg,Arcellinida,stressed,1,test,0.5939626
data/raw/Arcellinida/220928110514_329.jpg,Arcellinida,stressed,1,test,0.6848687
data/raw/Arcellinida/220711151704_45300.jpg,Arcellinida,stressed,1,test,0.5893219
data/raw/Arcellinida/220815230100_8700.jpg,Arcellinida,stressed,1,test,0.66529965
data/raw/Arcellinida/220919213921_24.jpg,Arcellinida,stressed,1,test,0.6250013
data/raw/Arcellinida/220926214629_111.jpg,Arcellinida,stressed,1,test,0.6781476
data/raw/Arcellinida/220925193708_188.jpg,Arcellinida,stressed,1,test,0.58620113
data/raw/Arcellinida/220713151019_220200.jpg,Arcellinida,stressed,1,test,0.6006703
data/raw/Arcellinida/220819192357_234300.jpg,Arcellinida,stressed,1,test,0.6547287
data/raw/Arcellinida/220925151714_245.jpg,Arcellinida,stressed,1,test,0.6612035
data/raw/Arcellinida/220924140904_150.jpg,Arcellinida,stressed,1,test,0.6357887
data/raw/Arcellinida/250822165008_4700_2.jpg,Arcellinida,stressed,1,test,0.74697536
data/raw/Arcellinida/220924140904_297.jpg,Arcellinida,stressed,1,test,0.655679
data/raw/Arcellinida/250822161857_3900_2.jpg,Arcellinida,stressed,1,test,0.6144929
data/raw/Arcellinida/220714151918_262800.jpg,Arcellinida,stressed,1,test,0.58477604
data/raw/Arcellinida/221203134303_39.jpg,Arcellinida,stressed,1,test,0.6379815
data/raw/Arcellinida/250818203321_15100_2.jpg,Arcellinida,stressed,1,test,0.54237056
data/raw/Arcellinida/220919213921_35.jpg,Arcellinida,stressed,1,test,0.6135764
data/raw/Arcellinida/250719163223_7400.jpg,Arcellinida,stressed,1,test,0.7291539
data/raw/Arcellinida/220927150708_91.jpg,Arcellinida,stressed,1,test,0.65026075
data/raw/Arcellinida/250822212521_13100.jpg,Arcellinida,stressed,1,test,0.7681155
data/raw/Arcellinida/220823214033_120300.jpg,Arcellinida,stressed,1,test,0.52581567
data/raw/Arcellinida/220714151918_13500.jpg,Arcellinida,stressed,1,test,0.6031645
data/raw/Arcellinida/220822140537_300.jpg,Arcellinida,stressed,1,test,0.6723819
data/raw/Arcellinida/220823214033_18000.jpg,Arcellinida,stressed,1,test,0.60462487
data/raw/Arcellinida/220705133448_559200.jpg,Arcellinida,stressed,1,test,0.6006725
data/raw/Arcellinida/220820193018_88200.jpg,Arcellinida,stressed,1,test,0.62927973
data/raw/Arcellinida/220819104919_81900.jpg,Arcellinida,stressed,1,test,0.71040356
data/raw/Arcellinida/250820192622_3300_3.jpg,Arcellinida,stressed,1,test,0.7006247
data/raw/Arcellinida/250822151857_1500.jpg,Arcellinida,stressed,1,test,0.5930043
data/raw/Arcellinida/250717181032_17100.jpg,Arcellinida,stressed,1,test,0.716739
data/raw/Arcellinida/220826192159_31200.jpg,Arcellinida,stressed,1,test,0.61844283
data/raw/Arcellinida/220819192357_232500.jpg,Arcellinida,stressed,1,test,0.70625067
data/raw/Arcellinida/220825160549_171900.jpg,Arcellinida,stressed,1,test,0.5992432
data/raw/Arcellinida/250807135930_14100.jpg,Arcellinida,stressed,1,test,0.6795052
data/raw/Arcellinida/221215094851_213.jpg,Arcellinida,stressed,1,test,0.61236113
data/raw/Arcellinida/220928110514_50.jpg,Arcellinida,stressed,1,test,0.61607087
data/raw/Arcellinida/220923151606_2_2.jpg,Arcellinida,stressed,1,test,0.55251163
data/raw/Arcellinida/220927150708_71.jpg,Arcellinida,stressed,1,test,0.5777493
data/raw/Arcellinida/221211111727_21.jpg,Arcellinida,stressed,1,test,0.68449813
data/raw/Arcellinida/220920090529_163.jpg,Arcellinida,stressed,1,test,0.6425745
data/raw/Arcellinida/220823134252_12600.jpg,Arcellinida,stressed,1,test,0.6922817
data/raw/Arcellinida/221210171926_34.jpg,Arcellinida,stressed,1,test,0.59055954
data/raw/Arcellinida/220919192752_155.jpg,Arcellinida,stressed,1,test,0.551246
data/raw/Arcellinida/250818192836_11300.jpg,Arcellinida,stressed,1,test,0.7918267
data/raw/Arcellinida/220922102326_142.jpg,Arcellinida,stressed,1,test,0.5500351
data/raw/Arcellinida/220922191618_46.jpg,Arcellinida,stressed,1,test,0.6180931
data/raw/Arcellinida/250822121341_8600_3.jpg,Arcellinida,stressed,1,test,0.57472104
data/raw/Arcellinida/220823214033_14400.jpg,Arcellinida,stressed,1,test,0.6433181
data/raw/Arcellinida/220825221032_77400.jpg,Arcellinida,stressed,1,test,0.5405717
data/raw/Arcellinida/220815204959_71100_2.jpg,Arcellinida,stressed,1,test,0.6401836
data/raw/Arcellinida/220707145542_67800.jpg,Arcellinida,stressed,1,test,0.6057075
data/raw/Arcellinida/250818211401_2800.jpg,Arcellinida,stressed,1,test,0.5938417
data/raw/Arcellinida/250719153319_1800.jpg,Arcellinida,stressed,1,test,0.72296745
data/raw/Arcellinida/250819124516_7000.jpg,Arcellinida,stressed,1,test,0.60587555
data/raw/Arcellinida/221211095053_123.jpg,Arcellinida,stressed,1,test,0.65430224
data/raw/Arcellinida/220816110204_10200.jpg,Arcellinida,stressed,1,test,0.6078656
data/raw/Arcellinida/220923102431_311.jpg,Arcellinida,stressed,1,test,0.5902094
data/raw/Arcellinida/250815161735_3700.jpg,Arcellinida,stressed,1,test,0.6944046
data/raw/Arcellinida/220924140904_599.jpg,Arcellinida,stressed,1,test,0.6256094
data/raw/Arcellinida/250818174224_14200.jpg,Arcellinida,stressed,1,test,0.6917708
data/raw/Arcellinida/220927183749_147.jpg,Arcellinida,stressed,1,test,0.6527745
data/raw/Arcellinida/220928153740_113.jpg,Arcellinida,stressed,1,test,0.63169837
data/raw/Arcellinida/220821192338_12600.jpg,Arcellinida,stressed,1,test,0.5279472
data/raw/Arcellinida/220711151704_247200.jpg,Arcellinida,stressed,1,test,0.59003085
data/raw/Arcellinida/220928110514_276.jpg,Arcellinida,stressed,1,test,0.5429848
data/raw/Arcellinida/220920090529_255.jpg,Arcellinida,stressed,1,test,0.6036774
data/raw/Arcellinida/250717202858_6500.jpg,Arcellinida,stressed,1,test,0.58981603
data/raw/Arcellinida/220926185508_178.jpg,Arcellinida,stressed,1,test,0.6088654
data/raw/Arcellinida/220925102517_72.jpg,Arcellinida,stressed,1,test,0.65130186
data/raw/Arcellinida/250822165008_6600.jpg,Arcellinida,stressed,1,test,0.70676666
data/raw/Arcellinida/220707145542_100200.jpg,Arcellinida,stressed,1,test,0.6239745
data/raw/Arcellinida/220812220906_24000.jpg,Arcellinida,stressed,1,test,0.5252572
data/raw/Arcellinida/250807135930_6600.jpg,Arcellinida,stressed,1,test,0.69379914
data/raw/Arcellinida/220927183749_296.jpg,Arcellinida,stressed,1,test,0.54387915
data/raw/Arcellinida/220922132105_68_2.jpg,Arcellinida,stressed,1,test,0.6398571
data/raw/Arcellinida/250822165008_14800.jpg,Arcellinida,stressed,1,test,0.6740059
data/raw/Arcellinida/220922093805_187.jpg,Arcellinida,stressed,1,test,0.4952176
data/raw/Arcellinida/220711151704_342000.jpg,Arcellinida,stressed,1,test,0.6689113
data/raw/Arcellinida/220921151620_396.jpg,Arcellinida,stressed,1,test,0.5456979
data/raw/Arcellinida/250822212521_2000.jpg,Arcellinida,stressed,1,test,0.7448542
data/raw/Arcellinida/250822121341_15800.jpg,Arcellinida,stressed,1,test,0.8051913
data/raw/Arcellinida/250818192836_16800.jpg,Arcellinida,stressed,1,test,0.7522335
data/raw/Arcellinida/220812220906_16500.jpg,Arcellinida,stressed,1,test,0.58697903
data/raw/Arcellinida/250820201731_2800_3.jpg,Arcellinida,stressed,1,test,0.664681
data/raw/Arcellinida/250717143235_8700.jpg,Arcellinida,stressed,1,test,0.6794217
data/raw/Arcellinida/220924140904_262.jpg,Arcellinida,stressed,1,test,0.6442808
data/raw/Arcellinida/250818203321_16100.jpg,Arcellinida,stressed,1,test,0.6399091
data/raw/Arcellinida/220710155007_26700_2.jpg,Arcellinida,stressed,1,test,0.60110617
data/raw/Arcellinida/250819211006_19700.jpg,Arcellinida,stressed,1,test,0.63501704
data/raw/Arcellinida/220823165512_146700_2.jpg,Arcellinida,stressed,1,test,0.5877081
data/raw/Arcellinida/250717163557_19100.jpg,Arcellinida,stressed,1,test,0.74055654
data/raw/Arcellinida/250818203321_15000.jpg,Arcellinida,stressed,1,test,0.6040035
data/raw/Arcellinida/250819211006_13200_2.jpg,Arcellinida,stressed,1,test,0.6581557
data/raw/Arcellinida/220710155007_96300.jpg,Arcellinida,stressed,1,test,0.6470542
data/raw/Arcellinida/220713151019_389100.jpg,Arcellinida,stressed,1,test,0.5694327
data/raw/Arcellinida/220825221032_79800.jpg,Arcellinida,stressed,1,test,0.5393538
data/raw/Arcellinida/250819214729_17900.jpg,Arcellinida,stressed,1,test,0.597353
data/raw/Arcellinida/220922093805_101.jpg,Arcellinida,stressed,1,test,0.5414453
data/raw/Arcellinida/220922093805_90.jpg,Arcellinida,stressed,1,test,0.5889276
data/raw/Arcellinida/220701193719_310200.jpg,Arcellinida,stressed,1,test,0.6791685
data/raw/Arcellinida/250818182128_7600.jpg,Arcellinida,stressed,1,test,0.8085486
data/raw/Arcellinida/220823165512_157800.jpg,Arcellinida,stressed,1,test,0.7009488
data/raw/Arcellinida/220715103728_24900.jpg,Arcellinida,stressed,1,test,0.66417557
data/raw/Arcellinida/220710214438_129000.jpg,Arcellinida,stressed,1,test,0.6790356
data/raw/Arcellinida/220825221032_52800.jpg,Arcellinida,stressed,1,test,0.58195627
data/raw/Arcellinida/221219123632_105.jpg,Arcellinida,stressed,1,test,0.7475878
data/raw/Arcellinida/220705205512_202500.jpg,Arcellinida,stressed,1,test,0.738223
data/raw/Arcellinida/250818160058_1600.jpg,Arcellinida,stressed,1,test,0.60021126
data/raw/Arcellinida/220920090529_57.jpg,Arcellinida,stressed,1,test,0.66972166
data/raw/Arcellinida/220924140904_300_2.jpg,Arcellinida,stressed,1,test,0.5132888
data/raw/Arcellinida/220826192159_12300.jpg,Arcellinida,stressed,1,test,0.5613545
data/raw/Arcellinida/220919213921_147_2.jpg,Arcellinida,stressed,1,test,0.5709975
data/raw/Arcellinida/220922132105_779.jpg,Arcellinida,stressed,1,test,0.6787069
data/raw/Arcellinida/250808201112_3200.jpg,Arcellinida,stressed,1,test,0.7934189
data/raw/Arcellinida/220715153913_142200.jpg,Arcellinida,stressed,1,test,0.63212246
data/raw/Arcellinida/220816152126_21900_2.jpg,Arcellinida,stressed,1,test,0.66745067
data/raw/Arcellinida/220710155007_15600.jpg,Arcellinida,stressed,1,test,0.672068
data/raw/Arcellinida/220922132105_59.jpg,Arcellinida,stressed,1,test,0.5710125
data/raw/Arcellinida/250815144914_6200_2.jpg,Arcellinida,stressed,1,test,0.6429863
data/raw/Arcellinida/250806200043_11800.jpg,Arcellinida,stressed,1,test,0.5214809
data/raw/Arcellinida/220922132105_67_2.jpg,Arcellinida,stressed,1,test,0.71241397
data/raw/Arcellinida/220822212820_20100.jpg,Arcellinida,stressed,1,test,0.55157584
data/raw/Arcellinida/250822161857_3900.jpg,Arcellinida,stressed,1,test,0.6178386
data/raw/Arcellinida/220711210818_84000.jpg,Arcellinida,stressed,1,test,0.68991446
data/raw/Arcellinida/250815152852_200.jpg,Arcellinida,stressed,1,test,0.7202123
data/raw/Arcellinida/250818174224_3600.jpg,Arcellinida,stressed,1,test,0.63991916
data/raw/Arcellinida/220926185508_2.jpg,Arcellinida,stressed,1,test,0.58934474
data/raw/Arcellinida/220927183749_6_3.jpg,Arcellinida,stressed,1,test,0.5974427
data/raw/Arcellinida/250717151549_10100.jpg,Arcellinida,stressed,1,test,0.64094377
data/raw/Arcellinida/220928110514_115.jpg,Arcellinida,stressed,1,test,0.6053062
data/raw/Arcellinida/220919170459_136.jpg,Arcellinida,stressed,1,test,0.56426114
data/raw/Arcellinida/220823165512_135000.jpg,Arcellinida,stressed,1,test,0.5684454
data/raw/Arcellinida/221204173418_235.jpg,Arcellinida,stressed,1,test,0.6702285
data/raw/Arcellinida/220815230100_28200.jpg,Arcellinida,stressed,1,test,0.6797878
data/raw/Arcellinida/220819192357_193500.jpg,Arcellinida,stressed,1,test,0.5999413
data/raw/Arcellinida/220927183749_288_3.jpg,Arcellinida,stressed,1,test,0.6367903
data/raw/Arcellinida/221211111727_249.jpg,Arcellinida,stressed,1,test,0.70390564
data/raw/Arcellinida/220711151704_47700.jpg,Arcellinida,stressed,1,test,0.593158
data/raw/Arcellinida/250719183759_2900.jpg,Arcellinida,stressed,1,test,0.8204108
data/raw/Arcellinida/220714151918_233700.jpg,Arcellinida,stressed,1,test,0.57076275
data/raw/Arcellinida/250822161857_5600.jpg,Arcellinida,stressed,1,test,0.7082376
data/raw/Arcellinida/220922102326_8.jpg,Arcellinida,stressed,1,test,0.5514905
data/raw/Arcellinida/250818182128_14000.jpg,Arcellinida,stressed,1,test,0.61381865
data/raw/Arcellinida/250818160058_10600.jpg,Arcellinida,stressed,1,test,0.70602185
data/raw/Arcellinida/220928110514_128.jpg,Arcellinida,stressed,1,test,0.63514787
data/raw/Arcellinida/250822121341_1100.jpg,Arcellinida,stressed,1,test,0.7357032
data/raw/Arcellinida/220707145542_177000.jpg,Arcellinida,stressed,1,test,0.5838043
data/raw/Arcellinida/220707103914_124200.jpg,Arcellinida,stressed,1,test,0.6463927
data/raw/Arcellinida/221211111727_168.jpg,Arcellinida,stressed,1,test,0.67351174
data/raw/Arcellinida/220928194226_78.jpg,Arcellinida,stressed,1,test,0.5617459
data/raw/Arcellinida/250808185630_12500.jpg,Arcellinida,stressed,1,test,0.7861868
data/raw/Arcellinida/250822165008_6600_2.jpg,Arcellinida,stressed,1,test,0.5799616
data/raw/Arcellinida/220826105111_15900.jpg,Arcellinida,stressed,1,test,0.56445163
data/raw/Arcellinida/220922102326_104.jpg,Arcellinida,stressed,1,test,0.5877612
data/raw/Arcellinida/250815111212_5700.jpg,Arcellinida,stressed,1,test,0.6540611
data/raw/Arcellinida/220926185508_21_2.jpg,Arcellinida,stressed,1,test,0.6469792
data/raw/Arcellinida/220713151019_180000.jpg,Arcellinida,stressed,1,test,0.6244451
data/raw/Arcellinida/220923151606_100.jpg,Arcellinida,stressed,1,test,0.6058692
data/raw/Arcellinida/250822121341_2300.jpg,Arcellinida,stressed,1,test,0.6407768
data/raw/Arcellinida/220922132105_829.jpg,Arcellinida,stressed,1,test,0.63583666
data/raw/Arcellinida/250717184843_800.jpg,Arcellinida,stressed,1,test,0.73617303
data/raw/Arcellinida/250822144447_8200.jpg,Arcellinida,stressed,1,test,0.6298616
data/raw/Arcellinida/220823134252_4200.jpg,Arcellinida,stressed,1,test,0.6534185
data/raw/Arcellinida/220923102431_302.jpg,Arcellinida,stressed,1,test,0.5991968
data/raw/Arcellinida/250717141432_0.jpg,Arcellinida,stressed,1,test,0.6605367
data/raw/Arcellinida/220823110824_900.jpg,Arcellinida,stressed,1,test,0.65372616
data/raw/Arcellinida/220824101451_60000.jpg,Arcellinida,stressed,1,test,0.6112481
data/raw/Arcellinida/220822212820_162600.jpg,Arcellinida,stressed,1,test,0.57984996
data/raw/Arcellinida/220922102326_21.jpg,Arcellinida,stressed,1,test,0.59760916
data/raw/Arcellinida/221203122546_109.jpg,Arcellinida,stressed,1,test,0.6274201
data/raw/Arcellinida/220704164337_37500.jpg,Arcellinida,stressed,1,test,0.6398748
data/raw/Arcellinida/220708152029_104100.jpg,Arcellinida,stressed,1,test,0.6253015
data/raw/Arcellinida/220926214629_7_2.jpg,Arcellinida,stressed,1,test,0.62630403
data/raw/Arcellinida/220822212820_18000.jpg,Arcellinida,stressed,1,test,0.7392899
data/raw/Arcellinida/220920090529_289.jpg,Arcellinida,stressed,1,test,0.60481524
data/raw/Arcellinida/250719190317_2300.jpg,Arcellinida,stressed,1,test,0.6477607
data/raw/Arcellinida/220825160549_192600.jpg,Arcellinida,stressed,1,test,0.640038
data/raw/Arcellinida/220926185508_78.jpg,Arcellinida,stressed,1,test,0.709294
data/raw/Arcellinida/220819104919_86400.jpg,Arcellinida,stressed,1,test,0.6069049
data/raw/Arcellinida/250820192622_5100.jpg,Arcellinida,stressed,1,test,0.7118876
data/raw/Arcellinida/220822212820_8400_2.jpg,Arcellinida,stressed,1,test,0.5882245
data/raw/Arcellinida/250717163557_5000.jpg,Arcellinida,stressed,1,test,0.6396036
data/raw/Arcellinida/220825160549_93600.jpg,Arcellinida,stressed,1,test,0.582522
data/raw/Arcellinida/220923151606_455.jpg,Arcellinida,stressed,1,test,0.54603034
data/raw/Arcellinida/220821212553_900_2.jpg,Arcellinida,stressed,1,test,0.592153
data/raw/Arcellinida/220714151918_96600_2.jpg,Arcellinida,stressed,1,test,0.5864963
data/raw/Arcellinida/220822212820_170400.jpg,Arcellinida,stressed,1,test,0.55790734
data/raw/Arcellinida/221203122546_95_3.jpg,Arcellinida,stressed,1,test,0.6344454
data/raw/Arcellinida/220825160549_45300.jpg,Arcellinida,stressed,1,test,0.58713114
data/raw/Arcellinida/220929104728_13.jpg,Arcellinida,stressed,1,test,0.5276967
data/raw/Arcellinida/220924140904_542.jpg,Arcellinida,stressed,1,test,0.58640015
data/raw/Arcellinida/250822121341_9000.jpg,Arcellinida,stressed,1,test,0.7193737
data/raw/Arcellinida/221207152512_40.jpg,Arcellinida,stressed,1,test,0.6729279
data/raw/Arcellinida/220714151918_165000.jpg,Arcellinida,stressed,1,test,0.62966275
data/raw/Arcellinida/220823214033_93300.jpg,Arcellinida,stressed,1,test,0.5942104
data/raw/Arcellinida/220711132531_11400.jpg,Arcellinida,stressed,1,test,0.5916817
data/raw/Arcellinida/220923151606_322_3.jpg,Arcellinida,stressed,1,test,0.6278208
data/raw/Arcellinida/250719163223_5400_3.jpg,Arcellinida,stressed,1,test,0.63273376
data/raw/Arcellinida/220920112849_15.jpg,Arcellinida,stressed,1,test,0.67869437
data/raw/Arcellinida/250822165008_6300_4.jpg,Arcellinida,stressed,1,test,0.6451603
data/raw/Arcellinida/220929104728_11_2.jpg,Arcellinida,stressed,1,test,0.5943232
data/raw/Arcellinida/221211163745_262.jpg,Arcellinida,stressed,1,test,0.72278374
data/raw/Arcellinida/250815184307_18500.jpg,Arcellinida,stressed,1,test,0.6678975
data/raw/Arcellinida/250818160058_3800_2.jpg,Arcellinida,stressed,1,test,0.7058326
data/raw/Arcellinida/250719163223_3000_2.jpg,Arcellinida,stressed,1,test,0.6951719
data/raw/Arcellinida/220825160549_191100.jpg,Arcellinida,stressed,1,test,0.55670786
data/raw/Arcellinida/220922102326_108.jpg,Arcellinida,stressed,1,test,0.64501417
data/raw/Arcellinida/250819204323_13800.jpg,Arcellinida,stressed,1,test,0.6267477
data/raw/Arcellinida/220819132809_236400.jpg,Arcellinida,stressed,1,test,0.6142493
data/raw/Arcellinida/250815184307_17800.jpg,Arcellinida,stressed,1,test,0.7525238
data/raw/Arcellinida/250818203321_16700.jpg,Arcellinida,stressed,1,test,0.56663096
data/raw/Arcellinida/250818160058_11100.jpg,Arcellinida,stressed,1,test,0.64933383
data/raw/Arcellinida/221215125712_693.jpg,Arcellinida,stressed,1,test,0.71666425
data/raw/Arcellinida/220923191844_59.jpg,Arcellinida,stressed,1,test,0.6708352
data/raw/Arcellinida/220926185508_165.jpg,Arcellinida,stressed,1,test,0.6131982
data/raw/Arcellinida/220824211549_22200.jpg,Arcellinida,stressed,1,test,0.5733425
data/raw/Arcellinida/220920090529_363.jpg,Arcellinida,stressed,1,test,0.5497663
data/raw/Arcellinida/220818211606_166500.jpg,Arcellinida,stressed,1,test,0.6802392
data/raw/Arcellinida/250719181210_1900.jpg,Arcellinida,stressed,1,test,0.6938176
data/raw/Arcellinida/221214172456_428.jpg,Arcellinida,stressed,1,test,0.6882925
data/raw/Arcellinida/220928153740_5.jpg,Arcellinida,stressed,1,test,0.5799667
data/raw/Arcellinida/220924140904_432.jpg,Arcellinida,stressed,1,test,0.609377
data/raw/Arcellinida/220822212820_900.jpg,Arcellinida,stressed,1,test,0.64772075
data/raw/Arcellinida/250818203321_3900.jpg,Arcellinida,stressed,1,test,0.57852066
data/raw/Arcellinida/220927150708_420.jpg,Arcellinida,stressed,1,test,0.68946004
data/raw/Arcellinida/220926185508_21.jpg,Arcellinida,stressed,1,test,0.5760428
data/raw/Arcellinida/220705111212_167100.jpg,Arcellinida,stressed,1,test,0.66269374
data/raw/Arcellinida/250717143235_9200.jpg,Arcellinida,stressed,1,test,0.75668913
data/raw/Arcellinida/221215094851_338.jpg,Arcellinida,stressed,1,test,0.70657957
data/raw/Arcellinida/220928194226_59.jpg,Arcellinida,stressed,1,test,0.59895355
data/raw/Arcellinida/220924140904_240.jpg,Arcellinida,stressed,1,test,0.65049565
data/raw/Arcellinida/250822121341_16000.jpg,Arcellinida,stressed,1,test,0.63971215
data/raw/Arcellinida/220823214033_108900.jpg,Arcellinida,stressed,1,test,0.5653002
data/raw/Arcellinida/220824154018_1200.jpg,Arcellinida,stressed,1,test,0.6112469
data/raw/Arcellinida/250719163223_6200.jpg,Arcellinida,stressed,1,test,0.685446
data/raw/Arcellinida/250819164502_25600.jpg,Arcellinida,stressed,1,test,0.6648402
data/raw/Arcellinida/250822121341_0.jpg,Arcellinida,stressed,1,test,0.7972118
data/raw/Arcellinida/220928110514_366.jpg,Arcellinida,stressed,1,test,0.5942179
data/raw/Arcellinida/220923151606_340.jpg,Arcellinida,stressed,1,test,0.6056658
data/raw/Arcellinida/220919192752_65.jpg,Arcellinida,stressed,1,test,0.5856984
data/raw/Arcellinida/250819124516_4100.jpg,Arcellinida,stressed,1,test,0.7440147
data/raw/Arcellinida/220816224427_71400.jpg,Arcellinida,stressed,1,test,0.5941825
data/raw/Arcellinida/250818192836_4000.jpg,Arcellinida,stressed,1,test,0.662274
data/raw/Arcellinida/220822212820_199800.jpg,Arcellinida,stressed,1,test,0.5968522
data/raw/Arcellinida/250815184307_3600.jpg,Arcellinida,stressed,1,test,0.73483735
data/raw/Arcellinida/250719160003_7800_2.jpg,Arcellinida,stressed,1,test,0.65306354
data/raw/Arcellinida/220715153913_339300_2.jpg,Arcellinida,stressed,1,test,0.6178699
data/raw/Arcellinida/220819132809_236100.jpg,Arcellinida,stressed,1,test,0.6783006
data/raw/Arcellinida/250822121341_8800.jpg,Arcellinida,stressed,1,test,0.67350453
data/raw/Arcellinida/220922093805_89_2.jpg,Arcellinida,stressed,1,test,0.6620173
data/raw/Arcellinida/220716104346_55800.jpg,Arcellinida,stressed,1,test,0.6209539
data/raw/Arcellinida/221211111727_305.jpg,Arcellinida,stressed,1,test,0.53864413
data/raw/Arcellinida/250717184843_17500.jpg,Arcellinida,stressed,1,test,0.71037537
data/raw/Arcellinida/250822165008_1700.jpg,Arcellinida,stressed,1,test,0.6285827
data/raw/Arcellinida/250822121341_1200_2.jpg,Arcellinida,stressed,1,test,0.6285545
data/raw/Arcellinida/221211205516_26.jpg,Arcellinida,stressed,1,test,0.56661564
data/raw/Arcellinida/220705133448_293700.jpg,Arcellinida,stressed,1,test,0.61642456
data/raw/Arcellinida/220922132105_671.jpg,Arcellinida,stressed,1,test,0.5800899
data/raw/Arcellinida/220927150708_297.jpg,Arcellinida,stressed,1,test,0.73238474
data/raw/Arcellinida/220715153913_145800.jpg,Arcellinida,stressed,1,test,0.60152704
data/raw/Arcellinida/221215171437_399.jpg,Arcellinida,stressed,1,test,0.6214274
data/raw/Arcellinida/220929083616_160.jpg,Arcellinida,stressed,1,test,0.57940215
data/raw/Arcellinida/250822154936_15500.jpg,Arcellinida,stressed,1,test,0.6165739
data/raw/Arcellinida/220928153740_36.jpg,Arcellinida,stressed,1,test,0.582191
data/raw/Arcellinida/250822161857_6900.jpg,Arcellinida,stressed,1,test,0.72781307
data/raw/Arcellinida/220922132105_273.jpg,Arcellinida,stressed,1,test,0.62542593
data/raw/Arcellinida/250819214729_16100_2.jpg,Arcellinida,stressed,1,test,0.6951909
data/raw/Arcellinida/250819182407_3300.jpg,Arcellinida,stressed,1,test,0.6353776
data/raw/Arcellinida/220925125715_26.jpg,Arcellinida,stressed,1,test,0.65041864
data/raw/Arcellinida/250819211006_13700.jpg,Arcellinida,stressed,1,test,0.7171939
data/raw/Arcellinida/220819192357_97500.jpg,Arcellinida,stressed,1,test,0.59775674
data/raw/Arcellinida/220823110824_40800.jpg,Arcellinida,stressed,1,test,0.540321
data/raw/Arcellinida/250820143224_16200.jpg,Arcellinida,stressed,1,test,0.5904863
data/raw/Arcellinida/220921151620_253.jpg,Arcellinida,stressed,1,test,0.5624029
data/raw/Arcellinida/220923131710_39.jpg,Arcellinida,stressed,1,test,0.5865297
data/raw/Arcellinida/250719143853_2000.jpg,Arcellinida,stressed,1,test,0.74035805
data/raw/Arcellinida/220921151620_200_2.jpg,Arcellinida,stressed,1,test,0.611056
data/raw/Arcellinida/250818174224_3300.jpg,Arcellinida,stressed,1,test,0.69806075
data/raw/Arcellinida/220920090529_40.jpg,Arcellinida,stressed,1,test,0.6550762
data/raw/Arcellinida/221211111727_111.jpg,Arcellinida,stressed,1,test,0.62498647
data/raw/Arcellinida/220923151606_101_2.jpg,Arcellinida,stressed,1,test,0.64052635
data/raw/Arcellinida/250819151211_14000.jpg,Arcellinida,stressed,1,test,0.72385293
data/raw/Arcellinida/220823165512_126900.jpg,Arcellinida,stressed,1,test,0.61622787
data/raw/Arcellinida/220714151918_286200.jpg,Arcellinida,stressed,1,test,0.6767231
data/raw/Arcellinida/250717151549_12500.jpg,Arcellinida,stressed,1,test,0.72807884
data/raw/Arcellinida/250718200053_20500.jpg,Arcellinida,stressed,1,test,0.7624107
data/raw/Arcellinida/220927183749_121_2.jpg,Arcellinida,stressed,1,test,0.6816002
data/raw/Arcellinida/250822203429_27100.jpg,Arcellinida,stressed,1,test,0.79069805
data/raw/Arcellinida/220816152126_3900.jpg,Arcellinida,stressed,1,test,0.6699829
data/raw/Arcellinida/220926214629_38.jpg,Arcellinida,stressed,1,test,0.60361576
data/raw/Arcellinida/220711151704_69900.jpg,Arcellinida,stressed,1,test,0.6866674
data/raw/Arcellinida/220923102431_109.jpg,Arcellinida,stressed,1,test,0.6181927
data/raw/Arcellinida/250718191917_25000.jpg,Arcellinida,stressed,1,test,0.7038519
data/raw/Arcellinida/250822165008_8800.jpg,Arcellinida,stressed,1,test,0.5889608
data/raw/Arcellinida/250818160058_3800.jpg,Arcellinida,stressed,1,test,0.5762323
data/raw/Arcellinida/220823165512_103800.jpg,Arcellinida,stressed,1,test,0.6244662
data/raw/Arcellinida/250719143853_3500.jpg,Arcellinida,stressed,1,test,0.65972775
data/raw/Arcellinida/220926185508_241.jpg,Arcellinida,stressed,1,test,0.56865627
data/raw/Arcellinida/250806145357_6100_2.jpg,Arcellinida,stressed,1,test,0.6405802
data/raw/Arcellinida/220928110514_300.jpg,Arcellinida,stressed,1,test,0.553905
data/raw/Arcellinida/250719143853_2900.jpg,Arcellinida,stressed,1,test,0.6939799
data/raw/Arcellinida/220818211606_162600.jpg,Arcellinida,stressed,1,test,0.65477115
data/raw/Arcellinida/220815230100_10800_2.jpg,Arcellinida,stressed,1,test,0.6743751
data/raw/Arcellinida/220816110204_30000.jpg,Arcellinida,stressed,1,test,0.6564078
data/raw/Arcellinida/220927103320_163.jpg,Arcellinida,stressed,1,test,0.58338404
data/raw/Arcellinida/220715153913_345900.jpg,Arcellinida,stressed,1,test,0.6494012
data/raw/Arcellinida/250719150530_6800.jpg,Arcellinida,stressed,1,test,0.6645465
data/raw/Arcellinida/221211095053_174.jpg,Arcellinida,stressed,1,test,0.6540159
data/raw/Arcellinida/250719163223_3900.jpg,Arcellinida,stressed,1,test,0.7609671
data/raw/Arcellinida/220713151019_224700.jpg,Arcellinida,stressed,1,test,0.62351966
data/raw/Arcellinida/220820193018_30300.jpg,Arcellinida,stressed,1,test,0.717853
data/raw/Arcellinida/220922132105_147.jpg,Arcellinida,stressed,1,test,0.56556153
data/raw/Arcellinida/220922102326_29.jpg,Arcellinida,stressed,1,test,0.5813492
data/raw/Arcellinida/220919192752_101.jpg,Arcellinida,stressed,1,test,0.58438176
data/raw/Arcellinida/220924190628_30.jpg,Arcellinida,stressed,1,test,0.6472488
data/raw/Arcellinida/221209200616_158.jpg,Arcellinida,stressed,1,test,0.5938658
data/raw/Arcellinida/220819132809_249300.jpg,Arcellinida,stressed,1,test,0.61396044
data/raw/Arcellinida/220927150708_390.jpg,Arcellinida,stressed,1,test,0.6403568
data/raw/Arcellinida/221215125712_839.jpg,Arcellinida,stressed,1,test,0.8693969
data/raw/Arcellinida/220710155007_6900.jpg,Arcellinida,stressed,1,test,0.67698467
data/raw/Arcellinida/221217101450_208.jpg,Arcellinida,stressed,1,test,0.6649458
data/raw/Arcellinida/220714214255_41400.jpg,Arcellinida,stressed,1,test,0.5845379
data/raw/Arcellinida/250822144447_5500.jpg,Arcellinida,stressed,1,test,0.7857377
data/raw/Arcellinida/250819195743_9300.jpg,Arcellinida,stressed,1,test,0.6392786
data/raw/Arcellinida/250822165008_6400_5.jpg,Arcellinida,stressed,1,test,0.68639743
data/raw/Arcellinida/220707145542_85200.jpg,Arcellinida,stressed,1,test,0.63635695
data/raw/Arcellinida/220927212046_94.jpg,Arcellinida,stressed,1,test,0.519843
data/raw/Arcellinida/250717163557_18100.jpg,Arcellinida,stressed,1,test,0.69273823
data/raw/Arcellinida/220928215317_124.jpg,Arcellinida,stressed,1,test,0.6383471
data/raw/Arcellinida/220928090731_13.jpg,Arcellinida,stressed,1,test,0.67484355
data/raw/Arcellinida/220812220906_3300.jpg,Arcellinida,stressed,1,test,0.6009788
data/raw/Arcellinida/250818203321_3500.jpg,Arcellinida,stressed,1,test,0.6615251
data/raw/Arcellinida/220708152029_112200.jpg,Arcellinida,stressed,1,test,0.6718699
data/raw/Arcellinida/220706161602_168300.jpg,Arcellinida,stressed,1,test,0.56945294
data/raw/Arcellinida/220926185508_169.jpg,Arcellinida,stressed,1,test,0.49075836
data/raw/Arcellinida/220714151918_360600.jpg,Arcellinida,stressed,1,test,0.64945185
data/raw/Arcellinida/250822191601_5800.jpg,Arcellinida,stressed,1,test,0.73070586
data/raw/Arcellinida/220928110514_366_2.jpg,Arcellinida,stressed,1,test,0.53729445
data/raw/Arcellinida/220928090731_13_2.jpg,Arcellinida,stressed,1,test,0.6616105
data/raw/Arcellinida/221212093526_616.jpg,Arcellinida,stressed,1,test,0.677288
data/raw/Arcellinida/220822160429_89700.jpg,Arcellinida,stressed,1,test,0.56215954
data/raw/Arcellinida/220715103728_30000.jpg,Arcellinida,stressed,1,test,0.63981986
data/raw/Arcellinida/250717195045_3000.jpg,Arcellinida,stressed,1,test,0.73667485
data/raw/Arcellinida/220714151918_227400_2.jpg,Arcellinida,stressed,1,test,0.59976023
data/raw/Arcellinida/250807145440_14300.jpg,Arcellinida,stressed,1,test,0.6251262
data/raw/Arcellinida/250822215625_22400.jpg,Arcellinida,stressed,1,test,0.6973659
data/raw/Arcellinida/220927183749_6_2.jpg,Arcellinida,stressed,1,test,0.6663812
data/raw/Arcellinida/220926185508_10.jpg,Arcellinida,stressed,1,test,0.681617
data/raw/Arcellinida/250718184126_1400.jpg,Arcellinida,stressed,1,test,0.71286356
data/raw/Arcellinida/250819164502_2600.jpg,Arcellinida,stressed,1,test,0.63738286
data/raw/Arcellinida/220715214149_31200.jpg,Arcellinida,stressed,1,test,0.6572443
data/raw/Arcellinida/220919213921_99.jpg,Arcellinida,stressed,1,test,0.58289576
data/raw/Arcellinida/250818203321_4900.jpg,Arcellinida,stressed,1,test,0.65984863
data/raw/Arcellinida/220823134252_18300.jpg,Arcellinida,stressed,1,test,0.7291271
data/raw/Arcellinida/220823165512_17100_2.jpg,Arcellinida,stressed,1,test,0.708028
data/raw/Arcellinida/220925193708_4.jpg,Arcellinida,stressed,1,test,0.61370856
data/raw/Arcellinida/220714151918_242400.jpg,Arcellinida,stressed,1,test,0.68515116
data/raw/Arcellinida/220921151620_130.jpg,Arcellinida,stressed,1,test,0.55983037
data/raw/Arcellinida/220815141852_26100.jpg,Arcellinida,stressed,1,test,0.7272996
data/raw/Arcellinida/220815204959_47700.jpg,Arcellinida,stressed,1,test,0.5003084
data/raw/Arcellinida/220714151918_196200.jpg,Arcellinida,stressed,1,test,0.60692143
data/raw/Arcellinida/220924140904_299.jpg,Arcellinida,stressed,1,test,0.5772928
data/raw/Arcellinida/221205084652_166.jpg,Arcellinida,stressed,1,test,0.6678324
data/raw/Arcellinida/250822121341_7600_3.jpg,Arcellinida,stressed,1,test,0.6557518
data/raw/Arcellinida/220920150011_152.jpg,Arcellinida,stressed,1,test,0.6454308
data/raw/Arcellinida/220924095715_38.jpg,Arcellinida,stressed,1,test,0.6153989
data/raw/Arcellinida/220715153913_263400.jpg,Arcellinida,stressed,1,test,0.6250138
data/raw/Arcellinida/220920090529_151.jpg,Arcellinida,stressed,1,test,0.69731104
data/raw/Arcellinida/220715103728_25500.jpg,Arcellinida,stressed,1,test,0.5626146
data/raw/Arcellinida/220825110853_43800.jpg,Arcellinida,stressed,1,test,0.557493
data/raw/Arcellinida/220712104445_21000_2.jpg,Arcellinida,stressed,1,test,0.66389257
data/raw/Arcellinida/220823165512_150300.jpg,Arcellinida,stressed,1,test,0.65959114
data/raw/Arcellinida/220817195919_27600_2.jpg,Arcellinida,stressed,1,test,0.60700977
data/raw/Arcellinida/220823165512_151200.jpg,Arcellinida,stressed,1,test,0.6040054
data/raw/Arcellinida/220924190628_67.jpg,Arcellinida,stressed,1,test,0.6432329
data/raw/Arcellinida/250820192622_2400_3.jpg,Arcellinida,stressed,1,test,0.6395767
data/raw/Arcellinida/220928215317_121.jpg,Arcellinida,stressed,1,test,0.60875124
data/raw/Arcellinida/220920150011_150.jpg,Arcellinida,stressed,1,test,0.6047348
data/raw/Arcellinida/250820192622_900.jpg,Arcellinida,stressed,1,test,0.62282383
data/raw/Arcellinida/220708152029_143400.jpg,Arcellinida,stressed,1,test,0.5826632
data/raw/Arcellinida/250719181210_12500.jpg,Arcellinida,stressed,1,test,0.7112943
data/raw/Arcellinida/220823110824_15300.jpg,Arcellinida,stressed,1,test,0.6110221
data/raw/Arcellinida/220919134357_18.jpg,Arcellinida,stressed,1,test,0.5773839
data/raw/Arcellinida/250818203321_14200.jpg,Arcellinida,stressed,1,test,0.5931452
data/raw/Arcellinida/250815111212_300_2.jpg,Arcellinida,stressed,1,test,0.60306746
data/raw/Arcellinida/220711210818_104100.jpg,Arcellinida,stressed,1,test,0.6320529
data/raw/Arcellinida/220824154018_46500.jpg,Arcellinida,stressed,1,test,0.66300416
data/raw/Arcellinida/250819214729_8300.jpg,Arcellinida,stressed,1,test,0.6487211
data/raw/Arcellinida/220714223843_33000.jpg,Arcellinida,stressed,1,test,0.62147033
data/raw/Arcellinida/220920155615_21.jpg,Arcellinida,stressed,1,test,0.69187015
data/raw/Arcellinida/250822165008_7300_2.jpg,Arcellinida,stressed,1,test,0.7192094
data/raw/Arcellinida/220706161602_167100.jpg,Arcellinida,stressed,1,test,0.6011555
data/raw/Arcellinida/220822212820_900_2.jpg,Arcellinida,stressed,1,test,0.58883035
data/raw/Arcellinida/220927150708_102.jpg,Arcellinida,stressed,1,test,0.5948516
data/raw/Arcellinida/220711151704_76500_2.jpg,Arcellinida,stressed,1,test,0.61277777
data/raw/Arcellinida/220826211851_15300.jpg,Arcellinida,stressed,1,test,0.61615384
data/raw/Arcellinida/250818211401_20000.jpg,Arcellinida,stressed,1,test,0.772529
data/raw/Arcellinida/220928153740_40.jpg,Arcellinida,stressed,1,test,0.51636255
data/raw/Arcellinida/220919192752_108.jpg,Arcellinida,stressed,1,test,0.55952555
data/raw/Arcellinida/220824211549_11400.jpg,Arcellinida,stressed,1,test,0.6454967
data/raw/Arcellinida/250818185500_15900.jpg,Arcellinida,stressed,1,test,0.6189261
data/raw/Arcellinida/220823110824_16800.jpg,Arcellinida,stressed,1,test,0.6059139
data/raw/Arcellinida/220712104445_72300.jpg,Arcellinida,stressed,1,test,0.674436
data/raw/Arcellinida/250818203321_6800.jpg,Arcellinida,stressed,1,test,0.5905513
data/raw/Arcellinida/220711151704_250500.jpg,Arcellinida,stressed,1,test,0.63110507
data/raw/Arcellinida/220715153913_263700.jpg,Arcellinida,stressed,1,test,0.64049697
data/raw/Arcellinida/250819214729_3200.jpg,Arcellinida,stressed,1,test,0.5759188
data/raw/Arcellinida/220923151606_2.jpg,Arcellinida,stressed,1,test,0.5971902
data/raw/Arcellinida/220922191618_467.jpg,Arcellinida,stressed,1,test,0.6719183
data/raw/Arcellinida/220924140904_155_2.jpg,Arcellinida,stressed,1,test,0.57504547
data/raw/Arcellinida/220822160429_100200.jpg,Arcellinida,stressed,1,test,0.8013476
data/raw/Arcellinida/250818203321_14000_2.jpg,Arcellinida,stressed,1,test,0.70344245
data/raw/Arcellinida/220922093805_204.jpg,Arcellinida,stressed,1,test,0.58719087
data/raw/Arcellinida/220815204959_144600.jpg,Arcellinida,stressed,1,test,0.65138125
data/raw/Arcellinida/220927150708_325.jpg,Arcellinida,stressed,1,test,0.6672767
data/raw/Arcellinida/220919213921_161_2.jpg,Arcellinida,stressed,1,test,0.6489456
data/raw/Arcellinida/250819132240_700.jpg,Arcellinida,stressed,1,test,0.68467337
data/raw/Arcellinida/220929083616_35_2.jpg,Arcellinida,stressed,1,test,0.6312825
data/raw/Arcellinida/250822121341_5800_2.jpg,Arcellinida,stressed,1,test,0.83618176
data/raw/Arcellinida/221217101450_205.jpg,Arcellinida,stressed,1,test,0.6175918
data/raw/Arcellinida/220826130431_310800.jpg,Arcellinida,stressed,1,test,0.6932139
data/raw/Arcellinida/250822183059_6700.jpg,Arcellinida,stressed,1,test,0.7847995
data/raw/Arcellinida/220710155007_78600.jpg,Arcellinida,stressed,1,test,0.67459905
data/raw/Arcellinida/220919192752_36.jpg,Arcellinida,stressed,1,test,0.6034901
data/raw/Arcellinida/220817195919_30000.jpg,Arcellinida,stressed,1,test,0.7070965
data/raw/Arcellinida/220921151620_31.jpg,Arcellinida,stressed,1,test,0.58534473
data/raw/Arcellinida/250822144447_300.jpg,Arcellinida,stressed,1,test,0.6443125
data/raw/Arcellinida/250819192054_10000.jpg,Arcellinida,stressed,1,test,0.6723304
data/raw/Arcellinida/220919213921_101.jpg,Arcellinida,stressed,1,test,0.5576169
data/raw/Arcellinida/250822165008_8400.jpg,Arcellinida,stressed,1,test,0.6584336
data/raw/Arcellinida/250818160058_13000.jpg,Arcellinida,stressed,1,test,0.60443103
data/raw/Arcellinida/250818192836_17900_2.jpg,Arcellinida,stressed,1,test,0.7303695
data/raw/Arcellinida/220919213921_46.jpg,Arcellinida,stressed,1,test,0.5737024
data/raw/Arcellinida/221129202130_279.jpg,Arcellinida,stressed,1,test,0.5659847
data/raw/Arcellinida/220821132750_42300.jpg,Arcellinida,stressed,1,test,0.61114734
data/raw/Arcellinida/220927183749_204.jpg,Arcellinida,stressed,1,test,0.6191356
data/raw/Arcellinida/220925151714_228.jpg,Arcellinida,stressed,1,test,0.6018852
data/raw/Arcellinida/220708152029_129000.jpg,Arcellinida,stressed,1,test,0.60300136
data/raw/Arcellinida/221215125712_177.jpg,Arcellinida,stressed,1,test,0.6863757
data/raw/Arcellinida/250820201138_200.jpg,Arcellinida,stressed,1,test,0.6413071
data/raw/Arcellinida/221214172456_95.jpg,Arcellinida,stressed,1,test,0.7276066
data/raw/Arcellinida/220927150708_132.jpg,Arcellinida,stressed,1,test,0.64614964
data/raw/Arcellinida/221129202130_193.jpg,Arcellinida,stressed,1,test,0.5759039
data/raw/Arcellinida/220823165512_152700.jpg,Arcellinida,stressed,1,test,0.5538369
data/raw/Arcellinida/250806190337_10600.jpg,Arcellinida,stressed,1,test,0.71574545
data/raw/Arcellinida/220920143151_115.jpg,Arcellinida,stressed,1,test,0.6018226
data/raw/Arcellinida/220922102326_260.jpg,Arcellinida,stressed,1,test,0.6089948
data/raw/Arcellinida/250822203429_15600.jpg,Arcellinida,stressed,1,test,0.6420242
data/raw/Arcellinida/220714151918_283800.jpg,Arcellinida,stressed,1,test,0.5741957
data/raw/Arcellinida/220823165512_112800.jpg,Arcellinida,stressed,1,test,0.599638
data/raw/Arcellinida/220927212046_274.jpg,Arcellinida,stressed,1,test,0.66302276
data/raw/Arcellinida/220822160429_44400.jpg,Arcellinida,stressed,1,test,0.6371642
data/raw/Arcellinida/220928153740_43.jpg,Arcellinida,stressed,1,test,0.65639794
data/raw/Arcellinida/220928153740_57_3.jpg,Arcellinida,stressed,1,test,0.7247063
data/raw/Arcellinida/220819192357_223200.jpg,Arcellinida,stressed,1,test,0.6573972
data/raw/Arcellinida/220921151620_299.jpg,Arcellinida,stressed,1,test,0.60707736
data/raw/Arcellinida/220824211549_1500.jpg,Arcellinida,stressed,1,test,0.6406306
data/raw/Arcellinida/220704164337_57300.jpg,Arcellinida,stressed,1,test,0.6573419
data/raw/Arcellinida/220921151620_191.jpg,Arcellinida,stressed,1,test,0.6618574
data/raw/Arcellinida/220819192357_232800.jpg,Arcellinida,stressed,1,test,0.6931685
data/raw/Arcellinida/220923151606_370.jpg,Arcellinida,stressed,1,test,0.59866565
data/raw/Arcellinida/220822212820_46800.jpg,Arcellinida,stressed,1,test,0.57757586
data/raw/Arcellinida/220705205512_79200.jpg,Arcellinida,stressed,1,test,0.61606604
data/raw/Arcellinida/220924140904_393.jpg,Arcellinida,stressed,1,test,0.6983835
data/raw/Arcellinida/221128131012_40.jpg,Arcellinida,stressed,1,test,0.5924875
data/raw/Arcellinida/220823214033_19500.jpg,Arcellinida,stressed,1,test,0.6389874
data/raw/Arcellinida/220815230100_600.jpg,Arcellinida,stressed,1,test,0.6324132
data/raw/Arcellinida/220710155007_102000.jpg,Arcellinida,stressed,1,test,0.6466555
data/raw/Arcellinida/220922174312_19.jpg,Arcellinida,stressed,1,test,0.62384033
data/raw/Arcellinida/220924095715_42.jpg,Arcellinida,stressed,1,test,0.66853565
data/raw/Arcellinida/220919213921_107_2.jpg,Arcellinida,stressed,1,test,0.52321607
data/raw/Arcellinida/220711151704_90600.jpg,Arcellinida,stressed,1,test,0.62751913
data/raw/Arcellinida/220819192357_193800.jpg,Arcellinida,stressed,1,test,0.6012697
data/raw/Arcellinida/250819195743_16100.jpg,Arcellinida,stressed,1,test,0.666446
data/raw/Arcellinida/250819204323_10200.jpg,Arcellinida,stressed,1,test,0.69691837
data/raw/Arcellinida/220823165512_146700.jpg,Arcellinida,stressed,1,test,0.6131368
data/raw/Arcellinida/250806145357_6100.jpg,Arcellinida,stressed,1,test,0.69481015
data/raw/Arcellinida/220926185508_251_2.jpg,Arcellinida,stressed,1,test,0.6602101
data/raw/Arcellinida/220920143151_116.jpg,Arcellinida,stressed,1,test,0.66850626
data/raw/Arcellinida/220716104346_96000.jpg,Arcellinida,stressed,1,test,0.624756
data/raw/Arcellinida/250822154936_2000_3.jpg,Arcellinida,stressed,1,test,0.6305619
data/raw/Arcellinida/221129202130_169.jpg,Arcellinida,stressed,1,test,0.5587383
data/raw/Arcellinida/220929083616_57.jpg,Arcellinida,stressed,1,test,0.6500345
data/raw/Arcellinida/220922093805_176_2.jpg,Arcellinida,stressed,1,test,0.59973043
data/raw/Arcellinida/250819195743_24800.jpg,Arcellinida,stressed,1,test,0.7070178
data/raw/Arcellinida/250819195743_11600.jpg,Arcellinida,stressed,1,test,0.6486529
data/raw/Arcellinida/250822215625_25300.jpg,Arcellinida,stressed,1,test,0.70512235
data/raw/Arcellinida/221129202130_280.jpg,Arcellinida,stressed,1,test,0.5839358
data/raw/Arcellinida/220924095715_73.jpg,Arcellinida,stressed,1,test,0.7167201
data/raw/Arcellinida/220925151714_111.jpg,Arcellinida,stressed,1,test,0.5648303
data/raw/Arcellinida/220821152638_98700.jpg,Arcellinida,stressed,1,test,0.6778728
data/raw/Arcellinida/250822183059_15200.jpg,Arcellinida,stressed,1,test,0.6557524
data/raw/Arcellinida/220923102431_290.jpg,Arcellinida,stressed,1,test,0.6364985
data/raw/Arcellinida/220824154018_66000.jpg,Arcellinida,stressed,1,test,0.6888958
data/raw/Arcellinida/220816110204_24900_2.jpg,Arcellinida,stressed,1,test,0.63811
data/raw/Arcellinida/250819204323_12400_2.jpg,Arcellinida,stressed,1,test,0.6705925
data/raw/Arcellinida/220711151704_46200.jpg,Arcellinida,stressed,1,test,0.7310545
data/raw/Arcellinida/250819151211_5600.jpg,Arcellinida,stressed,1,test,0.673495
data/raw/Arcellinida/250718151647_15800.jpg,Arcellinida,stressed,1,test,0.6821852
data/raw/Arcellinida/220927183749_65.jpg,Arcellinida,stressed,1,test,0.6170418
data/raw/Arcellinida/250819214729_6100.jpg,Arcellinida,stressed,1,test,0.69755715
data/raw/Arcellinida/220714151918_159600_2.jpg,Arcellinida,stressed,1,test,0.6062788
data/raw/Arcellinida/220921151620_298.jpg,Arcellinida,stressed,1,test,0.64549685
data/raw/Arcellinida/250822154936_3000.jpg,Arcellinida,stressed,1,test,0.61859924
data/raw/Arcellinida/220824211549_113100.jpg,Arcellinida,stressed,1,test,0.6355783
data/raw/Arcellinida/220825110853_44700.jpg,Arcellinida,stressed,1,test,0.7158896
data/raw/Arcellinida/250807130843_4000.jpg,Arcellinida,stressed,1,test,0.65911984
data/raw/Arcellinida/250718132208_13800.jpg,Arcellinida,stressed,1,test,0.76922655
data/raw/Arcellinida/220825110853_40200.jpg,Arcellinida,stressed,1,test,0.6503804
data/raw/Arcellinida/220825110853_300.jpg,Arcellinida,stressed,1,test,0.62196356
data/raw/Arcellinida/220815162809_600.jpg,Arcellinida,stressed,1,test,0.6252481
data/raw/Arcellinida/220825221032_54600_2.jpg,Arcellinida,stressed,1,test,0.5829434
data/raw/Arcellinida/220922132105_34.jpg,Arcellinida,stressed,1,test,0.62603956
data/raw/Arcellinida/250820145905_4100.jpg,Arcellinida,stressed,1,test,0.66827744
data/raw/Arcellinida/220927212046_97.jpg,Arcellinida,stressed,1,test,0.62055516
data/raw/Arcellinida/250717173415_19000.jpg,Arcellinida,stressed,1,test,0.6359275
data/raw/Arcellinida/220927183749_145_2.jpg,Arcellinida,stressed,1,test,0.5432602
data/raw/Arcellinida/220819192357_71400.jpg,Arcellinida,stressed,1,test,0.6350863
data/raw/Arcellinida/250719140643_13200.jpg,Arcellinida,stressed,1,test,0.6870117
data/raw/Arcellinida/250717173415_6500.jpg,Arcellinida,stressed,1,test,0.63427037
data/raw/Arcellinida/220920141408_6.jpg,Arcellinida,stressed,1,test,0.5789216
data/raw/Arcellinida/250819195743_8300.jpg,Arcellinida,stressed,1,test,0.62731355
data/raw/Arcellinida/220928110514_114.jpg,Arcellinida,stressed,1,test,0.55434954
data/raw/Arcellinida/250818203321_9400.jpg,Arcellinida,stressed,1,test,0.7356198
data/raw/Arcellinida/220821192338_55200.jpg,Arcellinida,stressed,1,test,0.5527594
data/raw/Arcellinida/220924140904_504_2.jpg,Arcellinida,stressed,1,test,0.6008679
data/raw/Arcellinida/250717163557_10100.jpg,Arcellinida,stressed,1,test,0.7350157
data/raw/Arcellinida/250815152852_16100.jpg,Arcellinida,stressed,1,test,0.7578858
data/raw/Arcellinida/220922132105_158.jpg,Arcellinida,stressed,1,test,0.58265215
data/raw/Arcellinida/250822212521_300.jpg,Arcellinida,stressed,1,test,0.76931393
data/raw/Arcellinida/250819211006_11800.jpg,Arcellinida,stressed,1,test,0.6698069
data/raw/Arcellinida/250818185500_4100_2.jpg,Arcellinida,stressed,1,test,0.7633913
data/raw/Arcellinida/250822203429_16300.jpg,Arcellinida,stressed,1,test,0.7956773
data/raw/Arcellinida/220927212046_415.jpg,Arcellinida,stressed,1,test,0.665847
data/raw/Arcellinida/220919192752_66.jpg,Arcellinida,stressed,1,test,0.59057873
data/raw/Arcellinida/220824154018_300.jpg,Arcellinida,stressed,1,test,0.5737961
data/raw/Arcellinida/250717173415_19900_2.jpg,Arcellinida,stressed,1,test,0.58970934
data/raw/Arcellinida/250819192054_8300.jpg,Arcellinida,stressed,1,test,0.5876862
data/raw/Arcellinida/220919213921_95_2.jpg,Arcellinida,stressed,1,test,0.58306384
data/raw/Arcellinida/220926103306_4.jpg,Arcellinida,stressed,1,test,0.5993597
data/raw/Arcellinida/250822161857_5700.jpg,Arcellinida,stressed,1,test,0.7695581
data/raw/Arcellinida/220817195919_216900.jpg,Arcellinida,stressed,1,test,0.53023344
data/raw/Arcellinida/220714223843_8400.jpg,Arcellinida,stressed,1,test,0.61352366
data/raw/Arcellinida/220823165512_15900.jpg,Arcellinida,stressed,1,test,0.6578923
data/raw/Arcellinida/220823165512_90900_2.jpg,Arcellinida,stressed,1,test,0.63384664
data/raw/Arcellinida/250806145357_12600.jpg,Arcellinida,stressed,1,test,0.6753798
data/raw/Arcellinida/250717143235_2400.jpg,Arcellinida,stressed,1,test,0.56350493
data/raw/Arcellinida/220927212046_469.jpg,Arcellinida,stressed,1,test,0.61795825
data/raw/Arcellinida/220926185508_96.jpg,Arcellinida,stressed,1,test,0.6654342
data/raw/Arcellinida/221212093526_625.jpg,Arcellinida,stressed,1,test,0.60153913
data/raw/Arcellinida/220927103320_46.jpg,Arcellinida,stressed,1,test,0.5717129
data/raw/Arcellinida/250822121341_6700.jpg,Arcellinida,stressed,1,test,0.6074623
data/raw/Arcellinida/250806145357_2500.jpg,Arcellinida,stressed,1,test,0.56268966
data/raw/Arcellinida/220920143151_116_2.jpg,Arcellinida,stressed,1,test,0.62306565
data/raw/Arcellinida/220823214033_108600.jpg,Arcellinida,stressed,1,test,0.6670294
data/raw/Arcellinida/250822161857_4700_3.jpg,Arcellinida,stressed,1,test,0.7166458
data/raw/Arcellinida/220714151918_132000.jpg,Arcellinida,stressed,1,test,0.67384636
data/raw/Arcellinida/220823214033_138300.jpg,Arcellinida,stressed,1,test,0.62516075
data/raw/Arcellinida/220825110853_1500.jpg,Arcellinida,stressed,1,test,0.5815987
data/raw/Arcellinida/220827131622_2700.jpg,Arcellinida,stressed,1,test,0.67744446
data/raw/Arcellinida/250717163557_1800.jpg,Arcellinida,stressed,1,test,0.6196866
data/raw/Arcellinida/220822212820_81300.jpg,Arcellinida,stressed,1,test,0.57495505
data/raw/Arcellinida/250819211006_7900.jpg,Arcellinida,stressed,1,test,0.77984345
data/raw/Arcellinida/250719160003_10500.jpg,Arcellinida,stressed,1,test,0.67439836
data/raw/Arcellinida/250822121341_6800.jpg,Arcellinida,stressed,1,test,0.6773861
data/raw/Arcellinida/220921151620_430.jpg,Arcellinida,stressed,1,test,0.5711288
data/raw/Arcellinida/220819132809_198300.jpg,Arcellinida,stressed,1,test,0.6585467
data/raw/Arcellinida/220822160429_27300.jpg,Arcellinida,stressed,1,test,0.5797194
data/raw/Arcellinida/220928110514_265.jpg,Arcellinida,stressed,1,test,0.5442884
data/raw/Arcellinida/220825221032_66900_3.jpg,Arcellinida,stressed,1,test,0.6349825
data/raw/Arcellinida/220922102326_15.jpg,Arcellinida,stressed,1,test,0.6821282
data/raw/Arcellinida/250717173415_9500.jpg,Arcellinida,stressed,1,test,0.65874237
data/raw/Arcellinida/220927183749_161.jpg,Arcellinida,stressed,1,test,0.5572795
data/raw/Arcellinida/250717143235_700.jpg,Arcellinida,stressed,1,test,0.6596736
data/raw/Arcellinida/220925193708_26.jpg,Arcellinida,stressed,1,test,0.5724078
data/raw/Arcellinida/221211132350_463.jpg,Arcellinida,stressed,1,test,0.6360903
data/raw/Arcellinida/220926103306_97.jpg,Arcellinida,stressed,1,test,0.5667656
data/raw/Arcellinida/220922132105_818.jpg,Arcellinida,stressed,1,test,0.6540061
data/raw/Arcellinida/220714151918_184200.jpg,Arcellinida,stressed,1,test,0.7189215
data/raw/Arcellinida/220926103306_213.jpg,Arcellinida,stressed,1,test,0.6916133
data/raw/Arcellinida/220714223843_61500.jpg,Arcellinida,stressed,1,test,0.6426633
data/raw/Arcellinida/220825160549_84600.jpg,Arcellinida,stressed,1,test,0.59165996
data/raw/Arcellinida/250818182128_10800.jpg,Arcellinida,stressed,1,test,0.71575284
data/raw/Arcellinida/250819111524_25300.jpg,Arcellinida,stressed,1,test,0.69074446
data/raw/Arcellinida/220819192357_95700.jpg,Arcellinida,stressed,1,test,0.5882715
data/raw/Arcellinida/220927150708_101.jpg,Arcellinida,stressed,1,test,0.65828615
data/raw/Arcellinida/220925102517_79.jpg,Arcellinida,stressed,1,test,0.58207035
data/raw/Arcellinida/220923151606_101.jpg,Arcellinida,stressed,1,test,0.5592512
data/raw/Arcellinida/220823165512_12900.jpg,Arcellinida,stressed,1,test,0.6080389
data/raw/Arcellinida/220921151620_179.jpg,Arcellinida,stressed,1,test,0.59342086
data/raw/Arcellinida/250818174224_13400.jpg,Arcellinida,stressed,1,test,0.6574483
data/raw/Arcellinida/220927150708_400.jpg,Arcellinida,stressed,1,test,0.56698334
data/raw/Arcellinida/250717141432_7600_2.jpg,Arcellinida,stressed,1,test,0.7229721
data/raw/Arcellinida/220927150708_389_2.jpg,Arcellinida,stressed,1,test,0.72370446
data/raw/Arcellinida/250822165008_7200.jpg,Arcellinida,stressed,1,test,0.68121886
data/raw/Arcellinida/220824211549_134700.jpg,Arcellinida,stressed,1,test,0.6492701
data/raw/Arcellinida/250815134137_3100.jpg,Arcellinida,stressed,1,test,0.7219126
data/raw/Arcellinida/220919143242_69.jpg,Arcellinida,stressed,1,test,0.61541224
data/raw/Arcellinida/220919134357_8.jpg,Arcellinida,stressed,1,test,0.6560934
data/raw/Arcellinida/250822154936_1200.jpg,Arcellinida,stressed,1,test,0.7014742
data/raw/Arcellinida/250717184843_19500.jpg,Arcellinida,stressed,1,test,0.67596203
data/raw/Nematoda/221204211250_20.jpg,Nematoda,stressed,1,test,0.46960473
data/raw/Nematoda/220822212820_199800.jpg,Nematoda,stressed,1,test,0.62056804
data/raw/Nematoda/220827111145_4800.jpg,Nematoda,stressed,1,test,0.54582584
data/raw/Nematoda/220819132809_247800.jpg,Nematoda,stressed,1,test,0.5983273
data/raw/Nematoda/220712154002_43800.jpg,Nematoda,stressed,1,test,0.680662
data/raw/Nematoda/220712211907_12000.jpg,Nematoda,stressed,1,test,0.68974423
data/raw/Nematoda/220707145542_348000.jpg,Nematoda,stressed,1,test,0.6707616
data/raw/Nematoda/221214172456_229.jpg,Nematoda,stressed,1,test,0.6412038
data/raw/Nematoda/220815162809_35100.jpg,Nematoda,stressed,1,test,0.60378027
data/raw/Nematoda/220825221032_74400.jpg,Nematoda,stressed,1,test,0.6471022
data/raw/Nematoda/221212213734_130.jpg,Nematoda,stressed,1,test,0.65819407
data/raw/Nematoda/220820193018_37800.jpg,Nematoda,stressed,1,test,0.685178
data/raw/Nematoda/220826105111_11400.jpg,Nematoda,stressed,1,test,0.60209167
data/raw/Nematoda/220825135254_35400.jpg,Nematoda,stressed,1,test,0.55330884
data/raw/Nematoda/220827111145_5700_2.jpg,Nematoda,stressed,1,test,0.7413563
data/raw/Nematoda/220825110853_12900.jpg,Nematoda,stressed,1,test,0.6102668
data/raw/Nematoda/220823165512_157800.jpg,Nematoda,stressed,1,test,0.61382353
data/raw/Nematoda/220823165512_127800.jpg,Nematoda,stressed,1,test,0.62597597
data/raw/Nematoda/220827192508_25800.jpg,Nematoda,stressed,1,test,0.6385195
data/raw/Nematoda/220825160549_112200_2.jpg,Nematoda,stressed,1,test,0.6355537
data/raw/Nematoda/220705205512_311400.jpg,Nematoda,stressed,1,test,0.63035595
data/raw/Nematoda/220815204959_41100.jpg,Nematoda,stressed,1,test,0.55954796
data/raw/Nematoda/220823110824_4500.jpg,Nematoda,stressed,1,test,0.6172951
data/raw/Nematoda/220826105111_18600.jpg,Nematoda,stressed,1,test,0.5027448
data/raw/Nematoda/220824211549_9000.jpg,Nematoda,stressed,1,test,0.66786236
data/raw/Nematoda/220823214033_7800.jpg,Nematoda,stressed,1,test,0.6224575
data/raw/Nematoda/220827111145_5700.jpg,Nematoda,stressed,1,test,0.6541542
data/raw/Nematoda/220822160429_73800.jpg,Nematoda,stressed,1,test,0.6131572
data/raw/Nematoda/220825221032_13500.jpg,Nematoda,stressed,1,test,0.61244214
data/raw/Nematoda/220823165512_117600.jpg,Nematoda,stressed,1,test,0.6075959
data/raw/Nematoda/220711151704_327000.jpg,Nematoda,stressed,1,test,0.5707488
data/raw/Nematoda/220712162334_232200.jpg,Nematoda,stressed,1,test,0.6505027
data/raw/Nematoda/220708152029_47100.jpg,Nematoda,stressed,1,test,0.6174839
data/raw/Nematoda/220823134252_11400.jpg,Nematoda,stressed,1,test,0.5580529
data/raw/Nematoda/220823214033_51000.jpg,Nematoda,stressed,1,test,0.5847057
data/raw/Nematoda/220707221712_346500.jpg,Nematoda,stressed,1,test,0.75186497
data/raw/Nematoda/220823165512_108600.jpg,Nematoda,stressed,1,test,0.53964686
data/raw/Nematoda/220710214438_245100.jpg,Nematoda,stressed,1,test,0.6539667
data/raw/Nematoda/220704212204_29700.jpg,Nematoda,stressed,1,test,0.5687647
data/raw/Nematoda/220711151704_338100.jpg,Nematoda,stressed,1,test,0.6960766
data/raw/Nematoda/220707145542_97500.jpg,Nematoda,stressed,1,test,0.64075637
data/raw/Nematoda/220825221032_32700.jpg,Nematoda,stressed,1,test,0.5553063
data/raw/Nematoda/220824211549_10200_2.jpg,Nematoda,stressed,1,test,0.5493472
data/raw/Nematoda/220826130431_280200.jpg,Nematoda,stressed,1,test,0.6226925
data/raw/Nematoda/220825160549_88500.jpg,Nematoda,stressed,1,test,0.65040874
data/raw/Nematoda/220715153913_82500.jpg,Nematoda,stressed,1,test,0.61796856
data/raw/Nematoda/220705205512_111000.jpg,Nematoda,stressed,1,test,0.62058914
data/raw/Nematoda/220711151704_381300.jpg,Nematoda,stressed,1,test,0.6356546
data/raw/Nematoda/220826130431_310800.jpg,Nematoda,stressed,1,test,0.62610203
data/raw/Nematoda/220826192159_9000.jpg,Nematoda,stressed,1,test,0.54108566
data/raw/Nematoda/220827131622_21000.jpg,Nematoda,stressed,1,test,0.65346354
data/raw/Nematoda/220716104346_113400.jpg,Nematoda,stressed,1,test,0.64075583
data/raw/Nematoda/220713151019_153000.jpg,Nematoda,stressed,1,test,0.5768999
data/raw/Nematoda/220823214033_28800.jpg,Nematoda,stressed,1,test,0.6584043
data/raw/Nematoda/220823214033_126300.jpg,Nematoda,stressed,1,test,0.5543407
data/raw/Nematoda/220825160549_86700.jpg,Nematoda,stressed,1,test,0.6367107
data/raw/Nematoda/221215171437_240.jpg,Nematoda,stressed,1,test,0.65809447
data/raw/Nematoda/220707221712_28200.jpg,Nematoda,stressed,1,test,0.73754007
data/raw/Nematoda/220825221032_50700.jpg,Nematoda,stressed,1,test,0.6252616
data/raw/Nematoda/220712211907_16200.jpg,Nematoda,stressed,1,test,0.6303993
data/raw/Nematoda/220823214033_7500.jpg,Nematoda,stressed,1,test,0.7225102
data/raw/Nematoda/221212213734_131.jpg,Nematoda,stressed,1,test,0.7105802
data/raw/Nematoda/220826130431_276300.jpg,Nematoda,stressed,1,test,0.6777651
data/raw/Nematoda/220713151019_38700.jpg,Nematoda,stressed,1,test,0.5717218
data/raw/Nematoda/220711151704_170100.jpg,Nematoda,stressed,1,test,0.6721251
data/raw/Nematoda/220712211907_74400.jpg,Nematoda,stressed,1,test,0.6915332
data/raw/Nematoda/220707145542_97800.jpg,Nematoda,stressed,1,test,0.6148863
data/raw/Nematoda/220706161602_284700.jpg,Nematoda,stressed,1,test,0.69062096
data/raw/Nematoda/220705133448_237900.jpg,Nematoda,stressed,1,test,0.6970566
data/raw/Nematoda/220822160429_43500.jpg,Nematoda,stressed,1,test,0.57441056
data/raw/Nematoda/220706100742_36000.jpg,Nematoda,stressed,1,test,0.6533963
data/raw/Nematoda/220710155007_4500.jpg,Nematoda,stressed,1,test,0.59407735
data/raw/Nematoda/220823110824_4200.jpg,Nematoda,stressed,1,test,0.6493454
data/raw/Nematoda/220825221032_62700.jpg,Nematoda,stressed,1,test,0.60266584
data/raw/Nematoda/220711151704_95700.jpg,Nematoda,stressed,1,test,0.636047
data/raw/Nematoda/220826130431_290700.jpg,Nematoda,stressed,1,test,0.5554701
data/raw/Nematoda/220826105111_33000.jpg,Nematoda,stressed,1,test,0.5651079
data/raw/Nematoda/220823214033_100500_2.jpg,Nematoda,stressed,1,test,0.6074105
data/raw/Nematoda/221128131012_87.jpg,Nematoda,stressed,1,test,0.69499534
data/raw/Nematoda/220714151918_383700.jpg,Nematoda,stressed,1,test,0.67972505
data/raw/Nematoda/220708152029_47400.jpg,Nematoda,stressed,1,test,0.6407497
data/raw/Nematoda/220712211907_55500.jpg,Nematoda,stressed,1,test,0.7223891
data/raw/Nematoda/220823214033_4500.jpg,Nematoda,stressed,1,test,0.6562322
data/raw/Nematoda/220710155007_59700.jpg,Nematoda,stressed,1,test,0.61059564
data/raw/Nematoda/220714151918_261900.jpg,Nematoda,stressed,1,test,0.7156829
data/raw/Nematoda/220823214033_144900.jpg,Nematoda,stressed,1,test,0.66891557
data/raw/Nematoda/220826211851_121200.jpg,Nematoda,stressed,1,test,0.5619297
data/raw/Nematoda/220710155007_104400.jpg,Nematoda,stressed,1,test,0.59682244
data/raw/Nematoda/220824211549_7500.jpg,Nematoda,stressed,1,test,0.6380255
data/raw/Nematoda/220823165512_16200.jpg,Nematoda,stressed,1,test,0.6165753
data/raw/Nematoda/220710155007_109500.jpg,Nematoda,stressed,1,test,0.59496194
data/raw/Nematoda/220825221032_76500.jpg,Nematoda,stressed,1,test,0.5782194
data/raw/Nematoda/220826105111_18900.jpg,Nematoda,stressed,1,test,0.68318933
data/raw/Nematoda/220824211549_131400.jpg,Nematoda,stressed,1,test,0.59637713
data/raw/Nematoda/220710155007_60000.jpg,Nematoda,stressed,1,test,0.62657946
data/raw/Nematoda/220827131622_13800_2.jpg,Nematoda,stressed,1,test,0.64310753
data/raw/Nematoda/220716104346_101400.jpg,Nematoda,stressed,1,test,0.64681345
data/raw/Nematoda/220824101451_15600.jpg,Nematoda,stressed,1,test,0.6382501
data/raw/Nematoda/220827131622_3600_2.jpg,Nematoda,stressed,1,test,0.5411759
data/raw/Nematoda/220823165512_158400.jpg,Nematoda,stressed,1,test,0.57394177
data/raw/Nematoda/220710214438_19200.jpg,Nematoda,stressed,1,test,0.6520646
data/raw/Nematoda/220825221032_70200_3.jpg,Nematoda,stressed,1,test,0.6729086
data/raw/Nematoda/220826192159_63600.jpg,Nematoda,stressed,1,test,0.5678759
data/raw/Nematoda/220822212820_4200.jpg,Nematoda,stressed,1,test,0.6978091
data/raw/Nematoda/220827155746_20700.jpg,Nematoda,stressed,1,test,0.67274785
data/raw/Nematoda/220823165512_110400.jpg,Nematoda,stressed,1,test,0.56632996
data/raw/Nematoda/220715153913_82800.jpg,Nematoda,stressed,1,test,0.6163402
data/raw/Nematoda/220713091344_237300.jpg,Nematoda,stressed,1,test,0.6722136
data/raw/Nematoda/220707145542_217800.jpg,Nematoda,stressed,1,test,0.6440848
data/raw/Nematoda/220827111145_5100_2.jpg,Nematoda,stressed,1,test,0.6624593
data/raw/Nematoda/220820193018_39900.jpg,Nematoda,stressed,1,test,0.6345278
data/raw/Nematoda/220707103914_261000.jpg,Nematoda,stressed,1,test,0.69279313
data/raw/Nematoda/220820132438_144000.jpg,Nematoda,stressed,1,test,0.64544356
data/raw/Nematoda/220707145542_382200.jpg,Nematoda,stressed,1,test,0.7317316
data/raw/Nematoda/220823165512_110400_2.jpg,Nematoda,stressed,1,test,0.5301001
data/raw/Nematoda/220816110204_3900.jpg,Nematoda,stressed,1,test,0.66225356
data/raw/Nematoda/220826211851_155100.jpg,Nematoda,stressed,1,test,0.5987977
data/raw/Nematoda/220826211851_6000.jpg,Nematoda,stressed,1,test,0.6863212
data/raw/Nematoda/220712162334_232800.jpg,Nematoda,stressed,1,test,0.6118832
data/raw/Nematoda/220827131622_4500.jpg,Nematoda,stressed,1,test,0.7376262
data/raw/Nematoda/220706161602_106800.jpg,Nematoda,stressed,1,test,0.6282711
data/raw/Nematoda/220825160549_116700.jpg,Nematoda,stressed,1,test,0.6158299
data/raw/Nematoda/220825110853_46800.jpg,Nematoda,stressed,1,test,0.6953192
data/raw/Nematoda/220704212204_130200.jpg,Nematoda,stressed,1,test,0.7085056
data/raw/Nematoda/220820193018_41400.jpg,Nematoda,stressed,1,test,0.62172323
data/raw/Nematoda/220715153913_139500.jpg,Nematoda,stressed,1,test,0.6199018
data/raw/Nematoda/220827192508_13500.jpg,Nematoda,stressed,1,test,0.59790075
data/raw/Nematoda/220826130431_1800_2.jpg,Nematoda,stressed,1,test,0.6132435
data/raw/Nematoda/220825221032_70200.jpg,Nematoda,stressed,1,test,0.5886465
data/raw/Nematoda/220823214033_117600.jpg,Nematoda,stressed,1,test,0.6874962
data/raw/Nematoda/220827131622_11400.jpg,Nematoda,stressed,1,test,0.65939647
data/raw/Nematoda/220819192357_232200.jpg,Nematoda,stressed,1,test,0.5482035
data/raw/Nematoda/220824184740_0.jpg,Nematoda,stressed,1,test,0.67593455
data/raw/Nematoda/221213180049_4.jpg,Nematoda,stressed,1,test,0.70074606
data/raw/Nematoda/220827142139_1200.jpg,Nematoda,stressed,1,test,0.62908137
data/raw/Nematoda/220823214033_101100_3.jpg,Nematoda,stressed,1,test,0.63782185
data/raw/Nematoda/220707145542_64500.jpg,Nematoda,stressed,1,test,0.6627044
data/raw/Nematoda/220706120715_81900.jpg,Nematoda,stressed,1,test,0.6604285
data/raw/Nematoda/220823214033_10200.jpg,Nematoda,stressed,1,test,0.6230972
data/raw/Nematoda/220826105111_24300.jpg,Nematoda,stressed,1,test,0.6230953
data/raw/Nematoda/220708152029_129300.jpg,Nematoda,stressed,1,test,0.61258876
data/raw/Nematoda/220823214033_91200.jpg,Nematoda,stressed,1,test,0.6839611
data/raw/Nematoda/220710214438_71700.jpg,Nematoda,stressed,1,test,0.68870354
data/raw/Nematoda/220826192159_56100_2.jpg,Nematoda,stressed,1,test,0.6455286
data/raw/Nematoda/220704164337_49200.jpg,Nematoda,stressed,1,test,0.6908852
data/raw/Nematoda/220827111145_49800.jpg,Nematoda,stressed,1,test,0.6971638
data/raw/Nematoda/220823165512_110100_2.jpg,Nematoda,stressed,1,test,0.5432204
data/raw/Nematoda/220826211851_5700.jpg,Nematoda,stressed,1,test,0.60087365
data/raw/Nematoda/220826211851_113400.jpg,Nematoda,stressed,1,test,0.5813443
data/raw/Nematoda/220821212553_35100.jpg,Nematoda,stressed,1,test,0.6860708
data/raw/Nematoda/220826130431_284700.jpg,Nematoda,stressed,1,test,0.6960717
data/raw/Nematoda/220826105111_20400.jpg,Nematoda,stressed,1,test,0.66354907
data/raw/Nematoda/220823214033_14400.jpg,Nematoda,stressed,1,test,0.68971044
data/raw/Nematoda/220825221032_69900_2.jpg,Nematoda,stressed,1,test,0.7144438
data/raw/Nematoda/220826211851_138000_2.jpg,Nematoda,stressed,1,test,0.5634565
data/raw/Nematoda/220825160549_112500.jpg,Nematoda,stressed,1,test,0.6939882
data/raw/Nematoda/220824154018_66000.jpg,Nematoda,stressed,1,test,0.7014125
data/raw/Nematoda/220705133448_560700.jpg,Nematoda,stressed,1,test,0.71115
data/raw/Nematoda/220714151918_189000.jpg,Nematoda,stressed,1,test,0.6085612
data/raw/Nematoda/220707145542_64200.jpg,Nematoda,stressed,1,test,0.6484344
data/raw/Nematoda/220712162334_12300.jpg,Nematoda,stressed,1,test,0.61441326
data/raw/Nematoda/220823214033_118200.jpg,Nematoda,stressed,1,test,0.5831272
data/raw/Nematoda/220823165512_150600.jpg,Nematoda,stressed,1,test,0.6115837
data/raw/Nematoda/220823165512_135900_2.jpg,Nematoda,stressed,1,test,0.5660788
data/raw/Nematoda/220822212820_184500.jpg,Nematoda,stressed,1,test,0.6087954
data/raw/Nematoda/220826105111_10500.jpg,Nematoda,stressed,1,test,0.6234177
data/raw/Nematoda/220826192159_15600.jpg,Nematoda,stressed,1,test,0.7283546
data/raw/Nematoda/220824211549_121500.jpg,Nematoda,stressed,1,test,0.5502271
data/raw/Nematoda/220714151918_383400.jpg,Nematoda,stressed,1,test,0.68034995
data/raw/Nematoda/220823165512_21000.jpg,Nematoda,stressed,1,test,0.66991264
data/raw/Nematoda/220825160549_112200.jpg,Nematoda,stressed,1,test,0.5146051
data/raw/Nematoda/220712162334_11700.jpg,Nematoda,stressed,1,test,0.579455
data/raw/Nematoda/220826211851_6600_2.jpg,Nematoda,stressed,1,test,0.6902116
data/raw/Nematoda/220826130431_295800.jpg,Nematoda,stressed,1,test,0.6265384
data/raw/Nematoda/220826192159_55200.jpg,Nematoda,stressed,1,test,0.67028165
data/raw/Nematoda/220826130431_303900.jpg,Nematoda,stressed,1,test,0.62249863
data/raw/Nematoda/220825221032_75000.jpg,Nematoda,stressed,1,test,0.6399796
data/raw/Nematoda/220825221032_63900.jpg,Nematoda,stressed,1,test,0.5252749
data/raw/Nematoda/220823165512_108000.jpg,Nematoda,stressed,1,test,0.63987195
data/raw/Nematoda/220827111145_24600.jpg,Nematoda,stressed,1,test,0.6551607
data/raw/Nematoda/220823165512_135900.jpg,Nematoda,stressed,1,test,0.56016046
data/raw/Nematoda/221209140505_93.jpg,Nematoda,stressed,1,test,0.6365845
data/raw/Nematoda/220826105111_25200.jpg,Nematoda,stressed,1,test,0.55249494
data/raw/Nematoda/221210093417_111.jpg,Nematoda,stressed,1,test,0.63265544
data/raw/Nematoda/220824211549_4800_2.jpg,Nematoda,stressed,1,test,0.55717295
data/raw/Nematoda/220823214033_121800.jpg,Nematoda,stressed,1,test,0.7028812
data/raw/Nematoda/220823214033_96300.jpg,Nematoda,stressed,1,test,0.72637415
data/raw/Nematoda/220825160549_86100.jpg,Nematoda,stressed,1,test,0.5925428
data/raw/Nematoda/220825110853_38400.jpg,Nematoda,stressed,1,test,0.6341965
data/raw/Nematoda/220823214033_115500.jpg,Nematoda,stressed,1,test,0.718172
data/raw/Nematoda/220823214033_104400.jpg,Nematoda,stressed,1,test,0.69054884
data/raw/Nematoda/220707221712_282900.jpg,Nematoda,stressed,1,test,0.6838109
data/raw/Nematoda/220824211549_9300_2.jpg,Nematoda,stressed,1,test,0.7439104
data/raw/Nematoda/221209200616_163.jpg,Nematoda,stressed,1,test,0.73315984
data/raw/Nematoda/221215171437_463.jpg,Nematoda,stressed,1,test,0.6136501
data/raw/Nematoda/220827111145_47100.jpg,Nematoda,stressed,1,test,0.57343036
data/raw/Nematoda/220826192159_67500.jpg,Nematoda,stressed,1,test,0.60298574
data/raw/Nematoda/220706161602_63900.jpg,Nematoda,stressed,1,test,0.5977783
data/raw/Nematoda/220826192159_72000.jpg,Nematoda,stressed,1,test,0.66931385
data/raw/Nematoda/220822140537_31800_2.jpg,Nematoda,stressed,1,test,0.8186856
data/raw/Nematoda/220822140537_31800.jpg,Nematoda,stressed,1,test,0.8183727
data/raw/Nematoda/220827192508_17700.jpg,Nematoda,stressed,1,test,0.5992014
data/raw/Nematoda/220827192508_27000.jpg,Nematoda,stressed,1,test,0.6098506
data/raw/Nematoda/220704212204_135300.jpg,Nematoda,stressed,1,test,0.7037559
data/raw/Nematoda/221209200616_88.jpg,Nematoda,stressed,1,test,0.5588728
data/raw/Nematoda/220823214033_100800.jpg,Nematoda,stressed,1,test,0.60088
data/raw/Nematoda/220824211549_134400.jpg,Nematoda,stressed,1,test,0.5855706
data/raw/Nematoda/220826211851_139800.jpg,Nematoda,stressed,1,test,0.74745715
data/raw/Nematoda/220825160549_92700.jpg,Nematoda,stressed,1,test,0.6306493
data/raw/Nematoda/220715153913_139800.jpg,Nematoda,stressed,1,test,0.5582748
data/raw/Nematoda/220823214033_119400.jpg,Nematoda,stressed,1,test,0.6772108
data/raw/Nematoda/220827111145_47700.jpg,Nematoda,stressed,1,test,0.646709
data/raw/Nematoda/220706212903_338100.jpg,Nematoda,stressed,1,test,0.64180535
data/raw/Nematoda/220822212820_76200.jpg,Nematoda,stressed,1,test,0.6146468
data/raw/Nematoda/220821192338_118800.jpg,Nematoda,stressed,1,test,0.69910896
data/raw/Nematoda/220706120715_168300.jpg,Nematoda,stressed,1,test,0.6736239
data/raw/Nematoda/220821212553_32700.jpg,Nematoda,stressed,1,test,0.68101984
data/raw/Nematoda/220825221032_89100.jpg,Nematoda,stressed,1,test,0.59480876
data/raw/Nematoda/220710155007_104700.jpg,Nematoda,stressed,1,test,0.62008375
data/raw/Nematoda/220826211851_154200.jpg,Nematoda,stressed,1,test,0.63024473
data/raw/Nematoda/220715103728_24600.jpg,Nematoda,stressed,1,test,0.6433581
data/raw/Nematoda/220706161602_90300.jpg,Nematoda,stressed,1,test,0.61705565
data/raw/Nematoda/220707145542_75600.jpg,Nematoda,stressed,1,test,0.6318417
data/raw/Nematoda/250808201112_8600.jpg,Nematoda,stressed,1,test,0.645796
data/raw/Nematoda/220827111145_46800.jpg,Nematoda,stressed,1,test,0.5601967
data/raw/Nematoda/220827155746_71400.jpg,Nematoda,stressed,1,test,0.62156457
data/raw/Nematoda/220824211549_136500.jpg,Nematoda,stressed,1,test,0.7167799
data/raw/Nematoda/220823110824_39600_2.jpg,Nematoda,stressed,1,test,0.6488188
data/raw/Nematoda/220714223843_11100.jpg,Nematoda,stressed,1,test,0.6003265
data/raw/Nematoda/220827192508_12300.jpg,Nematoda,stressed,1,test,0.6392148
data/raw/Nematoda/220826192159_67500_3.jpg,Nematoda,stressed,1,test,0.624062
data/raw/Nematoda/220825221032_82200.jpg,Nematoda,stressed,1,test,0.6239868
data/raw/Nematoda/220825160549_90000.jpg,Nematoda,stressed,1,test,0.7077495
data/raw/Nematoda/220704164337_2400.jpg,Nematoda,stressed,1,test,0.65675896
data/raw/Nematoda/220827192508_68100.jpg,Nematoda,stressed,1,test,0.62552524
data/raw/Nematoda/220708152029_99000.jpg,Nematoda,stressed,1,test,0.6535823
data/raw/Nematoda/220825135254_37200.jpg,Nematoda,stressed,1,test,0.5404678
data/raw/Nematoda/220825160549_94200_2.jpg,Nematoda,stressed,1,test,0.6948643
data/raw/Nematoda/220823165512_15900.jpg,Nematoda,stressed,1,test,0.5416789
data/raw/Nematoda/220823165512_94200.jpg,Nematoda,stressed,1,test,0.65025973
data/raw/Nematoda/220826211851_4200.jpg,Nematoda,stressed,1,test,0.6834169
data/raw/Nematoda/220823214033_50100.jpg,Nematoda,stressed,1,test,0.6521187
data/raw/Nematoda/220705205512_101400.jpg,Nematoda,stressed,1,test,0.6224142
data/raw/Nematoda/220815162809_35400.jpg,Nematoda,stressed,1,test,0.56579936
data/raw/Nematoda/220821212553_30900.jpg,Nematoda,stressed,1,test,0.64910376
data/raw/Nematoda/250717143235_5100.jpg,Nematoda,stressed,1,test,0.660124
data/raw/Nematoda/220820193018_40200.jpg,Nematoda,stressed,1,test,0.6530148
data/raw/Nematoda/220715214149_26400.jpg,Nematoda,stressed,1,test,0.5784495
data/raw/Nematoda/220827111145_31800.jpg,Nematoda,stressed,1,test,0.61342233
data/raw/Nematoda/220710214438_231000.jpg,Nematoda,stressed,1,test,0.62225366
data/raw/Nematoda/220823214033_9000.jpg,Nematoda,stressed,1,test,0.67960066
data/raw/Nematoda/220827131622_6000.jpg,Nematoda,stressed,1,test,0.5356463
data/raw/Nematoda/220706100742_13500.jpg,Nematoda,stressed,1,test,0.70116335
data/raw/Nematoda/220823165512_112800.jpg,Nematoda,stressed,1,test,0.7060766
data/raw/Nematoda/220826105111_20700.jpg,Nematoda,stressed,1,test,0.6264642
data/raw/Nematoda/220825221032_11100.jpg,Nematoda,stressed,1,test,0.679397
data/raw/Nematoda/220817195919_79500.jpg,Nematoda,stressed,1,test,0.6189604
data/raw/Nematoda/220823165512_97500.jpg,Nematoda,stressed,1,test,0.6654196
data/raw/Nematoda/220823165512_156000.jpg,Nematoda,stressed,1,test,0.58403885
data/raw/Nematoda/220825160549_86100_2.jpg,Nematoda,stressed,1,test,0.6251581
data/raw/Nematoda/220827155746_20400.jpg,Nematoda,stressed,1,test,0.5505927
data/raw/Nematoda/220706212903_449700.jpg,Nematoda,stressed,1,test,0.67302907
data/raw/Nematoda/221215171437_465.jpg,Nematoda,stressed,1,test,0.6770879
data/raw/Nematoda/220825160549_88200.jpg,Nematoda,stressed,1,test,0.6500788
data/raw/Nematoda/220826130431_300900.jpg,Nematoda,stressed,1,test,0.59298307
data/raw/Nematoda/220827111145_48900.jpg,Nematoda,stressed,1,test,0.62628424
data/raw/Nematoda/220824211549_7200.jpg,Nematoda,stressed,1,test,0.676678
data/raw/Nematoda/220824211549_113400.jpg,Nematoda,stressed,1,test,0.6506748
data/raw/Nematoda/220822140537_0.jpg,Nematoda,stressed,1,test,0.5348978
data/raw/Nematoda/220815194957_8700.jpg,Nematoda,stressed,1,test,0.6217668
data/raw/Nematoda/220824211549_15900.jpg,Nematoda,stressed,1,test,0.7038066
data/raw/Nematoda/220707103914_76500.jpg,Nematoda,stressed,1,test,0.6753677
data/raw/Nematoda/220826211851_23400.jpg,Nematoda,stressed,1,test,0.5705649
data/raw/Nematoda/220823214033_101100_2.jpg,Nematoda,stressed,1,test,0.66122204
data/raw/Nematoda/220827192508_16200.jpg,Nematoda,stressed,1,test,0.64176804
data/raw/Nematoda/220823214033_8100_2.jpg,Nematoda,stressed,1,test,0.61349404
data/raw/Nematoda/220705205512_85800.jpg,Nematoda,stressed,1,test,0.5433822
data/raw/Nematoda/220706212903_256800.jpg,Nematoda,stressed,1,test,0.69640446
data/raw/Nematoda/221209200616_169.jpg,Nematoda,stressed,1,test,0.6373914
data/raw/Nematoda/220715153913_147600.jpg,Nematoda,stressed,1,test,0.6224257
data/raw/Nematoda/220827192508_68700.jpg,Nematoda,stressed,1,test,0.61450833
data/raw/Nematoda/220822212820_35400.jpg,Nematoda,stressed,1,test,0.54635257
data/raw/Nematoda/250719143853_6900.jpg,Nematoda,stressed,1,test,0.57866776
data/raw/Nematoda/220825160549_91200.jpg,Nematoda,stressed,1,test,0.61346024
data/raw/Nematoda/220825160549_94200.jpg,Nematoda,stressed,1,test,0.5932607
data/raw/Nematoda/220826211851_16800.jpg,Nematoda,stressed,1,test,0.6941804
data/raw/Nematoda/220827131622_13200.jpg,Nematoda,stressed,1,test,0.62275404
data/raw/Nematoda/220707221712_19800.jpg,Nematoda,stressed,1,test,0.73176914
data/raw/Nematoda/220823165512_107700.jpg,Nematoda,stressed,1,test,0.677751
data/raw/Nematoda/220823214033_117600_2.jpg,Nematoda,stressed,1,test,0.73650557
data/raw/Nematoda/220826192159_33000.jpg,Nematoda,stressed,1,test,0.5903833
data/raw/Nematoda/220823134252_11700.jpg,Nematoda,stressed,1,test,0.6597791
data/raw/Nematoda/220714223843_11400.jpg,Nematoda,stressed,1,test,0.62223756
data/raw/Nematoda/220823214033_8100.jpg,Nematoda,stressed,1,test,0.5923037
data/raw/Nematoda/220823214033_82800.jpg,Nematoda,stressed,1,test,0.70492524
data/raw/Nematoda/220827192508_58500.jpg,Nematoda,stressed,1,test,0.6193341
data/raw/Nematoda/221214172456_230.jpg,Nematoda,stressed,1,test,0.67294765
data/raw/Nematoda/220823165512_160500.jpg,Nematoda,stressed,1,test,0.6213927
data/raw/Nematoda/220825221032_78000.jpg,Nematoda,stressed,1,test,0.6153979
data/raw/Nematoda/220825191956_13500.jpg,Nematoda,stressed,1,test,0.5729932
data/raw/Nematoda/220815194957_9000.jpg,Nematoda,stressed,1,test,0.6391035
data/raw/Nematoda/221213180049_3.jpg,Nematoda,stressed,1,test,0.6690524
data/raw/Nematoda/220825135254_36000.jpg,Nematoda,stressed,1,test,0.69913214
data/raw/Nematoda/220823165512_123600.jpg,Nematoda,stressed,1,test,0.5452911
data/raw/Nematoda/220825221032_63600.jpg,Nematoda,stressed,1,test,0.668871
data/raw/Nematoda/220707221712_346800.jpg,Nematoda,stressed,1,test,0.7758347
data/raw/Nematoda/220625152853_6300.jpg,Nematoda,stressed,1,test,0.6602713
data/raw/Nematoda/220705133448_432300.jpg,Nematoda,stressed,1,test,0.6825564
data/raw/Nematoda/220710214438_72000.jpg,Nematoda,stressed,1,test,0.6861827
data/raw/Nematoda/220825135254_34800.jpg,Nematoda,stressed,1,test,0.56262684
data/raw/Nematoda/220824101451_57900.jpg,Nematoda,stressed,1,test,0.718685
data/raw/Nematoda/220706100742_112500.jpg,Nematoda,stressed,1,test,0.6806659
data/raw/Nematoda/220821192338_92400_2.jpg,Nematoda,stressed,1,test,0.6154552
data/raw/Nematoda/220821192338_43500_2.jpg,Nematoda,stressed,1,test,0.5548538
data/raw/Nematoda/220714151918_261600_2.jpg,Nematoda,stressed,1,test,0.74344087
data/raw/Nematoda/220826211851_138300.jpg,Nematoda,stressed,1,test,0.54073596
data/raw/Nematoda/220823214033_19500.jpg,Nematoda,stressed,1,test,0.7180759
data/raw/Nematoda/220704212204_51900.jpg,Nematoda,stressed,1,test,0.687427
data/raw/Nematoda/221218205314_2.jpg,Nematoda,stressed,1,test,0.6595984
data/raw/Nematoda/220826130431_284700_2.jpg,Nematoda,stressed,1,test,0.6129828
data/raw/Nematoda/220825191956_0.jpg,Nematoda,stressed,1,test,0.57620883
data/raw/Nematoda/220826192159_12000.jpg,Nematoda,stressed,1,test,0.6536372
data/raw/Nematoda/220708152029_180600.jpg,Nematoda,stressed,1,test,0.6230693
data/raw/Nematoda/220826192159_55800.jpg,Nematoda,stressed,1,test,0.59598404
data/raw/Nematoda/221215171437_300.jpg,Nematoda,stressed,1,test,0.7389701
data/raw/Nematoda/220823214033_67200_2.jpg,Nematoda,stressed,1,test,0.63311344
data/raw/Nematoda/220824101451_18000.jpg,Nematoda,stressed,1,test,0.7096796
data/raw/Nematoda/220826130431_310500.jpg,Nematoda,stressed,1,test,0.6487443
data/raw/Nematoda/220823165512_110100.jpg,Nematoda,stressed,1,test,0.5488407
data/raw/Nematoda/220823165512_86400.jpg,Nematoda,stressed,1,test,0.5840725
data/raw/Nematoda/220823214033_85200.jpg,Nematoda,stressed,1,test,0.6538609
data/raw/Nematoda/220715214149_15300.jpg,Nematoda,stressed,1,test,0.7986002
data/raw/Nematoda/220712162334_232500.jpg,Nematoda,stressed,1,test,0.6633178
data/raw/Nematoda/220827142139_7200_3.jpg,Nematoda,stressed,1,test,0.6216858
data/raw/Nematoda/220704164337_300.jpg,Nematoda,stressed,1,test,0.5047338
data/raw/Nematoda/220823165512_82800.jpg,Nematoda,stressed,1,test,0.5987423
data/raw/Nematoda/221215171437_299.jpg,Nematoda,stressed,1,test,0.71052253
data/raw/Nematoda/220823214033_9300.jpg,Nematoda,stressed,1,test,0.7344971
data/raw/Nematoda/220827111145_26400.jpg,Nematoda,stressed,1,test,0.73319
data/raw/Nematoda/220707103914_259500.jpg,Nematoda,stressed,1,test,0.6610542
data/raw/Nematoda/220827111145_20400.jpg,Nematoda,stressed,1,test,0.71371937
data/raw/Nematoda/220823165512_20100.jpg,Nematoda,stressed,1,test,0.5658716
data/raw/Nematoda/220827131622_3300.jpg,Nematoda,stressed,1,test,0.7393024
data/raw/Nematoda/220823165512_104100.jpg,Nematoda,stressed,1,test,0.6609771
data/raw/Nematoda/220826192159_5100.jpg,Nematoda,stressed,1,test,0.60367185
data/raw/Nematoda/220826192159_64800.jpg,Nematoda,stressed,1,test,0.6693716
data/raw/Nematoda/220826130431_1800_3.jpg,Nematoda,stressed,1,test,0.6970235
data/raw/Nematoda/220826211851_300.jpg,Nematoda,stressed,1,test,0.7086366
data/raw/Nematoda/220712154002_30600.jpg,Nematoda,stressed,1,test,0.6085859
data/raw/Nematoda/220826211851_2100.jpg,Nematoda,stressed,1,test,0.5431828
data/raw/Nematoda/220708152029_139500.jpg,Nematoda,stressed,1,test,0.6392093
data/raw/Nematoda/220711151704_317100.jpg,Nematoda,stressed,1,test,0.6153661
data/raw/Nematoda/220826211851_6600.jpg,Nematoda,stressed,1,test,0.54835117
data/raw/Nematoda/220712154002_44100.jpg,Nematoda,stressed,1,test,0.6496661
data/raw/Nematoda/220705133448_526800.jpg,Nematoda,stressed,1,test,0.6931753
data/raw/Nematoda/220827142139_7200_2.jpg,Nematoda,stressed,1,test,0.62687325
data/raw/Nematoda/220826211851_143700.jpg,Nematoda,stressed,1,test,0.67384845
data/raw/Nematoda/250717173415_1700.jpg,Nematoda,stressed,1,test,0.62725586
data/raw/Nematoda/220825160549_90900.jpg,Nematoda,stressed,1,test,0.53216416
data/raw/Nematoda/220823214033_7800_2.jpg,Nematoda,stressed,1,test,0.59681034
data/raw/Nematoda/220708152029_92100.jpg,Nematoda,stressed,1,test,0.64476645
data/raw/Nematoda/220827155746_18600.jpg,Nematoda,stressed,1,test,0.6780943
data/raw/Nematoda/220823134252_12600.jpg,Nematoda,stressed,1,test,0.5863164
data/raw/Nematoda/220825110853_22200.jpg,Nematoda,stressed,1,test,0.6485241
data/raw/Nematoda/220710155007_56400.jpg,Nematoda,stressed,1,test,0.6215353
data/raw/Nematoda/220823214033_73800.jpg,Nematoda,stressed,1,test,0.60011244
data/raw/Nematoda/220823214033_83100.jpg,Nematoda,stressed,1,test,0.6160381
data/raw/Nematoda/220826211851_158100.jpg,Nematoda,stressed,1,test,0.72793204
data/raw/Nematoda/221213180049_196.jpg,Nematoda,stressed,1,test,0.6524983
data/raw/Nematoda/220823165512_135600.jpg,Nematoda,stressed,1,test,0.6945648
data/raw/Nematoda/220706212903_302400.jpg,Nematoda,stressed,1,test,0.6046793
data/raw/Nematoda/220707221712_30300.jpg,Nematoda,stressed,1,test,0.6025929
data/raw/Nematoda/221213180049_2.jpg,Nematoda,stressed,1,test,0.6450271
data/raw/Nematoda/220825221032_92400.jpg,Nematoda,stressed,1,test,0.61875176
data/raw/Nematoda/220826130431_290700_2.jpg,Nematoda,stressed,1,test,0.63829976
data/raw/Nematoda/220704212204_129900.jpg,Nematoda,stressed,1,test,0.581082
data/raw/Nematoda/220821212553_31800.jpg,Nematoda,stressed,1,test,0.5379386
data/raw/Nematoda/220823165512_155700.jpg,Nematoda,stressed,1,test,0.59861887
data/raw/Nematoda/220827111145_28500.jpg,Nematoda,stressed,1,test,0.6532174
data/raw/Nematoda/220712154002_30900.jpg,Nematoda,stressed,1,test,0.6465682
data/raw/Nematoda/220825221032_40500_2.jpg,Nematoda,stressed,1,test,0.6224182
data/raw/Nematoda/221203134303_110.jpg,Nematoda,stressed,1,test,0.64611715
data/raw/Nematoda/220706100742_2700.jpg,Nematoda,stressed,1,test,0.68073183
data/raw/Nematoda/220707221712_219300.jpg,Nematoda,stressed,1,test,0.59799373
data/raw/Nematoda/220824211549_135300.jpg,Nematoda,stressed,1,test,0.65223897
data/raw/Nematoda/220716104346_76800.jpg,Nematoda,stressed,1,test,0.58099633
data/raw/Nematoda/220826211851_129600.jpg,Nematoda,stressed,1,test,0.59663296
data/raw/Nematoda/221203134303_109.jpg,Nematoda,stressed,1,test,0.6331576
data/raw/Nematoda/220822184727_6300.jpg,Nematoda,stressed,1,test,0.6293979
data/raw/Nematoda/220712211907_15900.jpg,Nematoda,stressed,1,test,0.62622905
data/raw/Nematoda/220821192338_43500.jpg,Nematoda,stressed,1,test,0.6791409
data/raw/Nematoda/220824211549_10200.jpg,Nematoda,stressed,1,test,0.70674086
data/raw/Nematoda/220824184740_24000.jpg,Nematoda,stressed,1,test,0.58650005
data/raw/Nematoda/220711151704_74700.jpg,Nematoda,stressed,1,test,0.6020676
data/raw/Nematoda/220821212553_35400.jpg,Nematoda,stressed,1,test,0.64366955
data/raw/Nematoda/220825221032_20100.jpg,Nematoda,stressed,1,test,0.63975245
data/raw/Nematoda/220823214033_91500.jpg,Nematoda,stressed,1,test,0.69327116
data/raw/Nematoda/220705205512_160800.jpg,Nematoda,stressed,1,test,0.65813935
data/raw/Nematoda/220821192338_119100.jpg,Nematoda,stressed,1,test,0.70058304
data/raw/Nematoda/220706161602_294000.jpg,Nematoda,stressed,1,test,0.7166302
data/raw/Nematoda/220824211549_117900.jpg,Nematoda,stressed,1,test,0.6766077
data/raw/Nematoda/220712211907_17100.jpg,Nematoda,stressed,1,test,0.64751476
data/raw/Nematoda/220823165512_158400_2.jpg,Nematoda,stressed,1,test,0.6587417
data/raw/Nematoda/220713151019_38400.jpg,Nematoda,stressed,1,test,0.58663595
data/raw/Nematoda/220823214033_23100.jpg,Nematoda,stressed,1,test,0.5760413
data/raw/Nematoda/220825135254_37500.jpg,Nematoda,stressed,1,test,0.60988945
data/raw/Nematoda/220824211549_130800_2.jpg,Nematoda,stressed,1,test,0.62916267
data/raw/Nematoda/220823165512_158700.jpg,Nematoda,stressed,1,test,0.63628876
data/raw/Nematoda/220710155007_109800.jpg,Nematoda,stressed,1,test,0.6080478
data/raw/Nematoda/220710155007_109200.jpg,Nematoda,stressed,1,test,0.5694843
data/raw/Nematoda/220824211549_9300.jpg,Nematoda,stressed,1,test,0.62800354
data/raw/Nematoda/220825221032_82200_2.jpg,Nematoda,stressed,1,test,0.6486307
data/raw/Nematoda/220711151704_327300.jpg,Nematoda,stressed,1,test,0.5934805
data/raw/Nematoda/221216103701_107.jpg,Nematoda,stressed,1,test,0.7115105
data/raw/Nematoda/220824211549_15600.jpg,Nematoda,stressed,1,test,0.6714419
data/raw/Nematoda/220823214033_7200.jpg,Nematoda,stressed,1,test,0.7078221
data/raw/Nematoda/220708152029_85800.jpg,Nematoda,stressed,1,test,0.5572269
data/raw/Nematoda/220823165512_150900.jpg,Nematoda,stressed,1,test,0.6338439
data/raw/Nematoda/220821192338_125100.jpg,Nematoda,stressed,1,test,0.6344383
data/raw/Nematoda/220823214033_88800.jpg,Nematoda,stressed,1,test,0.6299986
data/raw/Nematoda/220707221712_363900.jpg,Nematoda,stressed,1,test,0.69135666
data/raw/Nematoda/220827131622_15600.jpg,Nematoda,stressed,1,test,0.5555053
data/raw/Nematoda/220827111145_5400.jpg,Nematoda,stressed,1,test,0.68951017
data/raw/Nematoda/220826211851_138000.jpg,Nematoda,stressed,1,test,0.5879012
data/raw/Nematoda/220826211851_9900.jpg,Nematoda,stressed,1,test,0.64840186
data/raw/Nematoda/220827192508_52800.jpg,Nematoda,stressed,1,test,0.64777577
data/raw/Nematoda/220824101451_7200.jpg,Nematoda,stressed,1,test,0.63850164
data/raw/Nematoda/220824211549_130800.jpg,Nematoda,stressed,1,test,0.6909106
data/raw/Nematoda/220826211851_158700.jpg,Nematoda,stressed,1,test,0.5859965
data/raw/Nematoda/220702195412_63300.jpg,Nematoda,stressed,1,test,0.74931115
data/raw/Nematoda/220825110853_20700.jpg,Nematoda,stressed,1,test,0.71828187
data/raw/Nematoda/220825221032_62400.jpg,Nematoda,stressed,1,test,0.5933668
data/raw/Nematoda/220705205512_161100.jpg,Nematoda,stressed,1,test,0.58294994
data/raw/Nematoda/220704212204_51600.jpg,Nematoda,stressed,1,test,0.71692234
data/raw/Nematoda/220822212820_188700.jpg,Nematoda,stressed,1,test,0.65105003
data/raw/Nematoda/220825160549_92400.jpg,Nematoda,stressed,1,test,0.6472922
data/raw/Nematoda/220823214033_137100.jpg,Nematoda,stressed,1,test,0.6688942
data/raw/Nematoda/220822212820_184800.jpg,Nematoda,stressed,1,test,0.58233225
data/raw/Nematoda/220825110853_48900.jpg,Nematoda,stressed,1,test,0.5878012
data/raw/Nematoda/220825110853_16800_2.jpg,Nematoda,stressed,1,test,0.60831046
data/raw/Nematoda/220823134252_9600.jpg,Nematoda,stressed,1,test,0.65123713
data/raw/Nematoda/220826192159_57000.jpg,Nematoda,stressed,1,test,0.66813934
data/raw/Nematoda/220825160549_91500.jpg,Nematoda,stressed,1,test,0.5739649
data/raw/Nematoda/220715153913_108900.jpg,Nematoda,stressed,1,test,0.56850636
data/raw/Nematoda/220826105111_4200.jpg,Nematoda,stressed,1,test,0.6640494
data/raw/Nematoda/220710214438_270300.jpg,Nematoda,stressed,1,test,0.60847515
data/raw/Nematoda/220823165512_107400.jpg,Nematoda,stressed,1,test,0.6328974
data/raw/Nematoda/220706100742_119700.jpg,Nematoda,stressed,1,test,0.637864
data/raw/Nematoda/220714151918_264600.jpg,Nematoda,stressed,1,test,0.61165464
data/raw/Nematoda/220824211549_132000.jpg,Nematoda,stressed,1,test,0.59373796
data/raw/Nematoda/220824140750_21300.jpg,Nematoda,stressed,1,test,0.62862206
data/raw/Nematoda/220824211549_109200.jpg,Nematoda,stressed,1,test,0.5359936
data/raw/Nematoda/220710155007_88500.jpg,Nematoda,stressed,1,test,0.65472424
data/raw/Nematoda/220826130431_285600.jpg,Nematoda,stressed,1,test,0.60779995
data/raw/Nematoda/220710214438_34200.jpg,Nematoda,stressed,1,test,0.5169295
data/raw/Nematoda/220707221712_124500.jpg,Nematoda,stressed,1,test,0.6891912
data/raw/Nematoda/220823214033_72600.jpg,Nematoda,stressed,1,test,0.65274745
data/raw/Nematoda/220826105111_27000.jpg,Nematoda,stressed,1,test,0.6015574
data/raw/Nematoda/220711132531_42300.jpg,Nematoda,stressed,1,test,0.6572523
data/raw/Nematoda/220825110853_900.jpg,Nematoda,stressed,1,test,0.59789336
data/raw/Nematoda/220827131622_3600.jpg,Nematoda,stressed,1,test,0.7280961
data/raw/Nematoda/220827155746_70800.jpg,Nematoda,stressed,1,test,0.60513014
data/raw/Nematoda/220820132438_295800.jpg,Nematoda,stressed,1,test,0.68953973
data/raw/Nematoda/220711151704_215700.jpg,Nematoda,stressed,1,test,0.5599004
data/raw/Nematoda/220827131622_10500.jpg,Nematoda,stressed,1,test,0.59496164
data/raw/Nematoda/220823214033_8400.jpg,Nematoda,stressed,1,test,0.6464582
data/raw/Nematoda/220825160549_86400.jpg,Nematoda,stressed,1,test,0.62839276
data/raw/Nematoda/220826211851_111900.jpg,Nematoda,stressed,1,test,0.6144617
data/raw/Nematoda/220822184727_12600.jpg,Nematoda,stressed,1,test,0.6166022
data/raw/Nematoda/221219185410_108.jpg,Nematoda,stressed,1,test,0.7167838
data/raw/Nematoda/220825160549_129900.jpg,Nematoda,stressed,1,test,0.53023475
data/raw/Nematoda/220826105111_22500.jpg,Nematoda,stressed,1,test,0.5918791
data/raw/Nematoda/220827131622_14100.jpg,Nematoda,stressed,1,test,0.6379114
data/raw/Nematoda/220824101451_17400.jpg,Nematoda,stressed,1,test,0.64380056
data/raw/Nematoda/220823214033_101100.jpg,Nematoda,stressed,1,test,0.6344177
data/raw/Nematoda/220823214033_46500.jpg,Nematoda,stressed,1,test,0.62924623
data/raw/Nematoda/220827131622_7200.jpg,Nematoda,stressed,1,test,0.6690109
data/raw/Nematoda/220825221032_69900.jpg,Nematoda,stressed,1,test,0.6434487
data/raw/Nematoda/220715153913_157200.jpg,Nematoda,stressed,1,test,0.60244745
data/raw/Nematoda/220706100742_98400.jpg,Nematoda,stressed,1,test,0.6547001
data/raw/Nematoda/220706161602_475800.jpg,Nematoda,stressed,1,test,0.5756832
data/raw/Nematoda/220819132809_198000.jpg,Nematoda,stressed,1,test,0.60449535
data/raw/Nematoda/220712154002_64800.jpg,Nematoda,stressed,1,test,0.5958486
data/raw/Nematoda/220712211907_190200.jpg,Nematoda,stressed,1,test,0.5571191
data/raw/Nematoda/220824101451_60600.jpg,Nematoda,stressed,1,test,0.6208417
data/raw/Nematoda/220825160549_82200.jpg,Nematoda,stressed,1,test,0.53094304
data/raw/Nematoda/220706161602_349800.jpg,Nematoda,stressed,1,test,0.733104
data/raw/Nematoda/220826211851_162300.jpg,Nematoda,stressed,1,test,0.63810945
data/raw/Nematoda/220710214438_190500.jpg,Nematoda,stressed,1,test,0.6179891
data/raw/Nematoda/221217211622_362.jpg,Nematoda,stressed,1,test,0.61835694
data/raw/Nematoda/220823214033_136200.jpg,Nematoda,stressed,1,test,0.60212624
data/raw/Nematoda/220824101451_18600.jpg,Nematoda,stressed,1,test,0.5635739
data/raw/Nematoda/221218205314_282.jpg,Nematoda,stressed,1,test,0.57088506
data/raw/Nematoda/220826211851_900.jpg,Nematoda,stressed,1,test,0.63129467
data/raw/Nematoda/220827155746_77100.jpg,Nematoda,stressed,1,test,0.62764716
data/raw/Nematoda/220825221032_40500.jpg,Nematoda,stressed,1,test,0.5858313
data/raw/Nematoda/220827131622_11700.jpg,Nematoda,stressed,1,test,0.61961764
data/raw/Nematoda/220707103914_255000.jpg,Nematoda,stressed,1,test,0.7276006
data/raw/Nematoda/220826211851_159000.jpg,Nematoda,stressed,1,test,0.6251512
data/raw/Nematoda/220823165512_100500.jpg,Nematoda,stressed,1,test,0.5698755
data/raw/Nematoda/220708152029_180300.jpg,Nematoda,stressed,1,test,0.6521396
data/raw/Nematoda/220706161602_16500.jpg,Nematoda,stressed,1,test,0.53030246
data/raw/Nematoda/220823165512_111000.jpg,Nematoda,stressed,1,test,0.715476
data/raw/Nematoda/220710155007_147900.jpg,Nematoda,stressed,1,test,0.5765421
data/raw/Nematoda/220822212820_162000.jpg,Nematoda,stressed,1,test,0.54227036
data/raw/Nematoda/220711151704_170400.jpg,Nematoda,stressed,1,test,0.6378077
data/raw/Nematoda/220714223843_21000.jpg,Nematoda,stressed,1,test,0.70362055
data/raw/Nematoda/220707103914_10500.jpg,Nematoda,stressed,1,test,0.7107346
data/raw/Nematoda/220710155007_171000.jpg,Nematoda,stressed,1,test,0.655253
data/raw/Nematoda/220825135254_0.jpg,Nematoda,stressed,1,test,0.7626619
data/raw/Nematoda/220815194957_9300.jpg,Nematoda,stressed,1,test,0.6359381
data/raw/Nematoda/220704164337_171000.jpg,Nematoda,stressed,1,test,0.6303692
data/raw/Nematoda/220714214255_67800.jpg,Nematoda,stressed,1,test,0.71107614
data/raw/Nematoda/220825221032_20400.jpg,Nematoda,stressed,1,test,0.587284
data/raw/Nematoda/220826192159_8100.jpg,Nematoda,stressed,1,test,0.6855124
data/raw/Nematoda/221209200616_209.jpg,Nematoda,stressed,1,test,0.74821615
data/raw/Nematoda/220707103914_262200.jpg,Nematoda,stressed,1,test,0.6048189
data/raw/Nematoda/220824211549_135000.jpg,Nematoda,stressed,1,test,0.6308966
data/raw/Nematoda/220826211851_158400.jpg,Nematoda,stressed,1,test,0.62736845
data/raw/Nematoda/220825110853_16800.jpg,Nematoda,stressed,1,test,0.6036691
data/raw/Nematoda/220825221032_21300.jpg,Nematoda,stressed,1,test,0.6637389
data/raw/Nematoda/220823214033_9000_2.jpg,Nematoda,stressed,1,test,0.6511768
data/raw/Nematoda/220711210818_20400.jpg,Nematoda,stressed,1,test,0.6235618
data/raw/Nematoda/220706212903_55500.jpg,Nematoda,stressed,1,test,0.6817386
data/raw/Nematoda/220824184740_24300.jpg,Nematoda,stressed,1,test,0.58756
data/raw/Nematoda/220823165512_111300.jpg,Nematoda,stressed,1,test,0.67533743
data/raw/Nematoda/220827111145_5100.jpg,Nematoda,stressed,1,test,0.5917811
data/raw/Nematoda/220714223843_20700.jpg,Nematoda,stressed,1,test,0.721976
data/raw/Nematoda/220708152029_99300.jpg,Nematoda,stressed,1,test,0.61453956
data/raw/Nematoda/220821192338_116400.jpg,Nematoda,stressed,1,test,0.5907721
data/raw/Nematoda/220822212820_7200.jpg,Nematoda,stressed,1,test,0.5807263
data/raw/Nematoda/220825221032_60300.jpg,Nematoda,stressed,1,test,0.5422708
data/raw/Nematoda/220823165512_111900.jpg,Nematoda,stressed,1,test,0.6441131
data/raw/Nematoda/220825110853_15600.jpg,Nematoda,stressed,1,test,0.6579258
data/raw/Nematoda/220826211851_19200.jpg,Nematoda,stressed,1,test,0.5745251
data/raw/Nematoda/220710155007_170700.jpg,Nematoda,stressed,1,test,0.58450735
data/raw/Nematoda/220713151019_233100.jpg,Nematoda,stressed,1,test,0.6503906
data/raw/Nematoda/220827131622_4800.jpg,Nematoda,stressed,1,test,0.5592189
data/raw/Nematoda/220713091344_10200.jpg,Nematoda,stressed,1,test,0.70310134
data/raw/Nematoda/220819192357_253200.jpg,Nematoda,stressed,1,test,0.6210966
data/raw/Nematoda/220822212820_12300.jpg,Nematoda,stressed,1,test,0.59294987
data/raw/Nematoda/220826192159_56700.jpg,Nematoda,stressed,1,test,0.6355571
data/raw/Nematoda/220815204959_41400.jpg,Nematoda,stressed,1,test,0.59105414
data/raw/Nematoda/220824101451_79500.jpg,Nematoda,stressed,1,test,0.5978541
data/raw/Nematoda/220827111145_24600_2.jpg,Nematoda,stressed,1,test,0.67198765
data/raw/Nematoda/220711151704_71100.jpg,Nematoda,stressed,1,test,0.5924726
data/raw/Nematoda/220711151704_138600.jpg,Nematoda,stressed,1,test,0.6262243
data/raw/Nematoda/220823214033_6000.jpg,Nematoda,stressed,1,test,0.6193266
data/raw/Nematoda/220825221032_63900_2.jpg,Nematoda,stressed,1,test,0.66483593
data/raw/Nematoda/220815144140_81900.jpg,Nematoda,stressed,1,test,0.59237087
data/raw/Nematoda/250717173415_4600.jpg,Nematoda,stressed,1,test,0.6384456
data/raw/Nematoda/221215171437_645.jpg,Nematoda,stressed,1,test,0.598768
data/raw/Nematoda/220825221032_70200_2.jpg,Nematoda,stressed,1,test,0.77170175
data/raw/Nematoda/220825221032_69900_3.jpg,Nematoda,stressed,1,test,0.6791755
data/raw/Nematoda/220827111145_5400_2.jpg,Nematoda,stressed,1,test,0.6064065
data/raw/Nematoda/220825221032_39600.jpg,Nematoda,stressed,1,test,0.654023
data/raw/Nematoda/220815230100_9900.jpg,Nematoda,stressed,1,test,0.75667226
data/raw/Nematoda/220826192159_55800_2.jpg,Nematoda,stressed,1,test,0.57307893
data/raw/Nematoda/220821152638_142800.jpg,Nematoda,stressed,1,test,0.6989258
data/raw/Nematoda/220706161602_87600.jpg,Nematoda,stressed,1,test,0.5446608
data/raw/Nematoda/220822212820_203400.jpg,Nematoda,stressed,1,test,0.5340867
data/raw/Nematoda/220826211851_7500.jpg,Nematoda,stressed,1,test,0.61242616
data/raw/Nematoda/220629133851_221400.jpg,Nematoda,stressed,1,test,0.6984748
data/raw/Nematoda/220707145542_102900.jpg,Nematoda,stressed,1,test,0.6367173
data/raw/Nematoda/220826211851_116700.jpg,Nematoda,stressed,1,test,0.5636347
data/raw/Nematoda/220714151918_48000.jpg,Nematoda,stressed,1,test,0.6121682
data/raw/Nematoda/220824154018_46500.jpg,Nematoda,stressed,1,test,0.6592691
data/raw/Nematoda/220826130431_306900.jpg,Nematoda,stressed,1,test,0.73061854
data/raw/Nematoda/220824154018_5400.jpg,Nematoda,stressed,1,test,0.5533741
data/raw/Nematoda/220826130431_302700.jpg,Nematoda,stressed,1,test,0.6692011
data/raw/Nematoda/220827192508_16500.jpg,Nematoda,stressed,1,test,0.52716607
data/raw/Nematoda/220827131622_13800.jpg,Nematoda,stressed,1,test,0.5793689
data/raw/Nematoda/220706161602_350100.jpg,Nematoda,stressed,1,test,0.68479127
data/raw/Nematoda/220824211549_11400.jpg,Nematoda,stressed,1,test,0.55746347
data/raw/Nematoda/220823165512_147000.jpg,Nematoda,stressed,1,test,0.54976976
data/raw/Nematoda/220715153913_339300.jpg,Nematoda,stressed,1,test,0.692185
data/raw/Nematoda/220821192338_92400_3.jpg,Nematoda,stressed,1,test,0.6024659
data/raw/Nematoda/220824211549_120900.jpg,Nematoda,stressed,1,test,0.70420736
data/raw/Nematoda/220710155007_151800.jpg,Nematoda,stressed,1,test,0.6703185
data/raw/Nematoda/220816110204_24900.jpg,Nematoda,stressed,1,test,0.6238399
data/raw/Nematoda/220823214033_4800.jpg,Nematoda,stressed,1,test,0.58504945
data/raw/Nematoda/220822212820_81000.jpg,Nematoda,stressed,1,test,0.5280795
data/raw/Nematoda/220824211549_119700.jpg,Nematoda,stressed,1,test,0.66134655
data/raw/Nematoda/220823165512_85200.jpg,Nematoda,stressed,1,test,0.6724482
data/raw/Nematoda/220826130431_280800.jpg,Nematoda,stressed,1,test,0.6809638
data/raw/Nematoda/220826211851_2400.jpg,Nematoda,stressed,1,test,0.6092629
data/raw/Nematoda/220826211851_144600.jpg,Nematoda,stressed,1,test,0.5759784
data/raw/Nematoda/221218105116_2.jpg,Nematoda,stressed,1,test,0.76605415
data/raw/Nematoda/220714214255_68100.jpg,Nematoda,stressed,1,test,0.6407078
data/raw/Nematoda/220821192338_54300.jpg,Nematoda,stressed,1,test,0.49239478
data/raw/Nematoda/220705205512_99000.jpg,Nematoda,stressed,1,test,0.6451698
data/raw/Nematoda/220827192508_18000.jpg,Nematoda,stressed,1,test,0.58721054
data/raw/Nematoda/220825160549_4500.jpg,Nematoda,stressed,1,test,0.6165015
data/raw/Nematoda/220822140537_102000.jpg,Nematoda,stressed,1,test,0.69592035
data/raw/Nematoda/220712104445_5100.jpg,Nematoda,stressed,1,test,0.59971
data/raw/Nematoda/220825221032_85200.jpg,Nematoda,stressed,1,test,0.62733775
data/raw/Nematoda/220826211851_139500.jpg,Nematoda,stressed,1,test,0.70856255
data/raw/Nematoda/220712154002_64500.jpg,Nematoda,stressed,1,test,0.6804665
data/raw/Nematoda/220825110853_2100.jpg,Nematoda,stressed,1,test,0.58614314
data/raw/Nematoda/220715153913_157500.jpg,Nematoda,stressed,1,test,0.6280569
data/raw/Nematoda/220710214438_239700.jpg,Nematoda,stressed,1,test,0.5786133
data/raw/Nematoda/220713151019_355800.jpg,Nematoda,stressed,1,test,0.66049856
data/raw/Nematoda/220704212204_51300.jpg,Nematoda,stressed,1,test,0.68912315
data/raw/Nematoda/220823165512_123300.jpg,Nematoda,stressed,1,test,0.7052495
data/raw/Nematoda/220826130431_297300.jpg,Nematoda,stressed,1,test,0.7633983
data/raw/Nematoda/220825160549_2100.jpg,Nematoda,stressed,1,test,0.6388009
data/raw/Nematoda/220823214033_29700.jpg,Nematoda,stressed,1,test,0.6779057
data/raw/Nematoda/220715153913_339000.jpg,Nematoda,stressed,1,test,0.67842966
data/raw/Nematoda/220823214033_14100.jpg,Nematoda,stressed,1,test,0.66902727
data/raw/Nematoda/220708152029_92400.jpg,Nematoda,stressed,1,test,0.66318643
data/raw/Nematoda/220824184740_26700.jpg,Nematoda,stressed,1,test,0.62068117
data/raw/Nematoda/220822160429_44400.jpg,Nematoda,stressed,1,test,0.59299725
data/raw/Nematoda/221203134303_112.jpg,Nematoda,stressed,1,test,0.75717515
data/raw/Nematoda/220826192159_67500_2.jpg,Nematoda,stressed,1,test,0.64158356
data/raw/Nematoda/220826192159_55500.jpg,Nematoda,stressed,1,test,0.68811554
data/raw/Nematoda/221128131012_88.jpg,Nematoda,stressed,1,test,0.67844963
data/raw/Nematoda/220715153913_158700.jpg,Nematoda,stressed,1,test,0.58052164
data/raw/Nematoda/220824101451_300.jpg,Nematoda,stressed,1,test,0.6591777
data/raw/Nematoda/220822212820_94500.jpg,Nematoda,stressed,1,test,0.6167338
data/raw/Nematoda/220826192159_56100_4.jpg,Nematoda,stressed,1,test,0.55200267
data/raw/Nematoda/220825221032_61800.jpg,Nematoda,stressed,1,test,0.6137447
data/raw/Nematoda/220822160429_102900.jpg,Nematoda,stressed,1,test,0.6388288
data/raw/Nematoda/220706212903_40500.jpg,Nematoda,stressed,1,test,0.68482155
data/raw/Nematoda/220826192159_56100.jpg,Nematoda,stressed,1,test,0.64764833
data/raw/Nematoda/220712211907_11700.jpg,Nematoda,stressed,1,test,0.6591182
data/raw/Nematoda/220824101451_5100_2.jpg,Nematoda,stressed,1,test,0.6697819
data/raw/Nematoda/221218205314_281.jpg,Nematoda,stressed,1,test,0.65746313
data/raw/Nematoda/220822212820_0.jpg,Nematoda,stressed,1,test,0.5837218
data/raw/Nematoda/220826130431_294000.jpg,Nematoda,stressed,1,test,0.6228559
data/raw/Nematoda/220822160429_123000.jpg,Nematoda,stressed,1,test,0.5798734
data/raw/Nematoda/220823110824_39300.jpg,Nematoda,stressed,1,test,0.6585788
data/raw/Nematoda/220711151704_325500.jpg,Nematoda,stressed,1,test,0.6283208
data/raw/Nematoda/220825221032_83100.jpg,Nematoda,stressed,1,test,0.6436387
data/raw/Nematoda/220823214033_108900.jpg,Nematoda,stressed,1,test,0.6003219
data/raw/Nematoda/220824211549_3600.jpg,Nematoda,stressed,1,test,0.61952704
data/raw/Nematoda/220823214033_5400.jpg,Nematoda,stressed,1,test,0.54020613
data/raw/Nematoda/220824101451_5100.jpg,Nematoda,stressed,1,test,0.6378791
data/raw/Nematoda/220825135254_34800_2.jpg,Nematoda,stressed,1,test,0.5317219
data/raw/Nematoda/250815111212_2800.jpg,Nematoda,stressed,1,test,0.68992877
data/raw/Nematoda/220826130431_280500.jpg,Nematoda,stressed,1,test,0.74553096
data/raw/Nematoda/220825160549_83100.jpg,Nematoda,stressed,1,test,0.5655873
data/raw/Nematoda/220819132809_154200.jpg,Nematoda,stressed,1,test,0.5605873
data/raw/Nematoda/220825221032_63000.jpg,Nematoda,stressed,1,test,0.6529339
data/raw/Nematoda/220819132809_247500.jpg,Nematoda,stressed,1,test,0.62979037
data/raw/Nematoda/221209200616_162.jpg,Nematoda,stressed,1,test,0.67257124
data/raw/Nematoda/220824211549_8100.jpg,Nematoda,stressed,1,test,0.5860174
data/raw/Nematoda/220826130431_1800.jpg,Nematoda,stressed,1,test,0.6783759
data/raw/Nematoda/220823165512_151800.jpg,Nematoda,stressed,1,test,0.54018074
data/raw/Nematoda/220707145542_75300.jpg,Nematoda,stressed,1,test,0.6392403
data/raw/Nematoda/220827142139_6900.jpg,Nematoda,stressed,1,test,0.60469705
data/raw/Nematoda/220825221032_84600.jpg,Nematoda,stressed,1,test,0.54656976
data/raw/Nematoda/220823214033_115200.jpg,Nematoda,stressed,1,test,0.64945865
data/raw/Nematoda/220711151704_95400.jpg,Nematoda,stressed,1,test,0.6095706
data/raw/Nematoda/220705205512_100500.jpg,Nematoda,stressed,1,test,0.749235
data/raw/Nematoda/220826211851_159600.jpg,Nematoda,stressed,1,test,0.6725729
data/raw/Nematoda/220707145542_178200.jpg,Nematoda,stressed,1,test,0.6763813
data/raw/Nematoda/221203134303_111.jpg,Nematoda,stressed,1,test,0.64949924
data/raw/Nematoda/220825110853_2700.jpg,Nematoda,stressed,1,test,0.644772
data/raw/Nematoda/220827131622_14700.jpg,Nematoda,stressed,1,test,0.6341705
data/raw/Nematoda/220825110853_13200.jpg,Nematoda,stressed,1,test,0.69782394
data/raw/Nematoda/220704212204_135000.jpg,Nematoda,stressed,1,test,0.6695349
data/raw/Nematoda/220711151704_75300.jpg,Nematoda,stressed,1,test,0.63723475
data/raw/Nematoda/220827131622_11400_2.jpg,Nematoda,stressed,1,test,0.7494467
data/raw/Nematoda/220827192508_56700.jpg,Nematoda,stressed,1,test,0.7069478
data/raw/Nematoda/221219185410_68.jpg,Nematoda,stressed,1,test,0.67010355
data/raw/Nematoda/220822184727_2700.jpg,Nematoda,stressed,1,test,0.65816855
data/raw/Nematoda/220827142139_7200.jpg,Nematoda,stressed,1,test,0.7288537
data/raw/Nematoda/221206133839_125.jpg,Nematoda,stressed,1,test,0.6950263
data/raw/Nematoda/220716104346_76500.jpg,Nematoda,stressed,1,test,0.58139455
data/raw/Nematoda/220824211549_11400_2.jpg,Nematoda,stressed,1,test,0.66068584
data/raw/Nematoda/221213180049_195.jpg,Nematoda,stressed,1,test,0.62142265
data/raw/Nematoda/220824211549_130500.jpg,Nematoda,stressed,1,test,0.7887068
data/raw/Nematoda/220712211907_55800.jpg,Nematoda,stressed,1,test,0.75792027
data/raw/Nematoda/220826130431_310500_2.jpg,Nematoda,stressed,1,test,0.6779282
data/raw/Nematoda/220707145542_246300.jpg,Nematoda,stressed,1,test,0.6468278
data/raw/Nematoda/220712211907_74700.jpg,Nematoda,stressed,1,test,0.67556936
data/raw/Nematoda/221215171437_301.jpg,Nematoda,stressed,1,test,0.7478019
data/raw/Nematoda/220825221032_21600.jpg,Nematoda,stressed,1,test,0.5883191
data/raw/Nematoda/220706120715_168000.jpg,Nematoda,stressed,1,test,0.65874
data/raw/Nematoda/220824211549_135900.jpg,Nematoda,stressed,1,test,0.5974803
data/raw/Nematoda/220710214438_270600.jpg,Nematoda,stressed,1,test,0.5733035
data/raw/Nematoda/220707221712_30600.jpg,Nematoda,stressed,1,test,0.63178515
data/raw/Nematoda/220825160549_84900.jpg,Nematoda,stressed,1,test,0.6282002
data/raw/Nematoda/221209200616_80.jpg,Nematoda,stressed,1,test,0.6679045
data/raw/Nematoda/220826130431_291600.jpg,Nematoda,stressed,1,test,0.63995105
data/raw/Nematoda/220824211549_134700.jpg,Nematoda,stressed,1,test,0.5978505
data/raw/Nematoda/220827131622_21000_2.jpg,Nematoda,stressed,1,test,0.75007373
data/raw/Nematoda/220826192159_56100_3.jpg,Nematoda,stressed,1,test,0.7066902
data/raw/Nematoda/220705111212_174300.jpg,Nematoda,stressed,1,test,0.6060078
data/raw/Nematoda/220826105111_18300.jpg,Nematoda,stressed,1,test,0.5862428
data/raw/Nematoda/220823214033_83400.jpg,Nematoda,stressed,1,test,0.60287493
data/raw/Nematoda/220825160549_174000.jpg,Nematoda,stressed,1,test,0.64175206
data/raw/Nematoda/220823165512_97800.jpg,Nematoda,stressed,1,test,0.687521
data/raw/Nematoda/220824140750_20700.jpg,Nematoda,stressed,1,test,0.6978388
data/raw/Nematoda/220822212820_184500_2.jpg,Nematoda,stressed,1,test,0.7609373
data/raw/Nematoda/220707145542_74700.jpg,Nematoda,stressed,1,test,0.6965648
data/raw/Nematoda/220704212204_51600_2.jpg,Nematoda,stressed,1,test,0.7332609
data/raw/Nematoda/220629133851_27600.jpg,Nematoda,stressed,1,test,0.71715915
data/raw/Nematoda/220822184727_12300.jpg,Nematoda,stressed,1,test,0.61085236
data/raw/Nematoda/220824211549_4800.jpg,Nematoda,stressed,1,test,0.6082642
data/raw/Nematoda/220827111145_48300.jpg,Nematoda,stressed,1,test,0.631765
data/raw/Nematoda/220825160549_3300.jpg,Nematoda,stressed,1,test,0.65547717
data/raw/Nematoda/220823214033_67200.jpg,Nematoda,stressed,1,test,0.6689323
data/raw/Nematoda/220823165512_93900.jpg,Nematoda,stressed,1,test,0.6082178
data/raw/Nematoda/220823214033_100500.jpg,Nematoda,stressed,1,test,0.69060385
data/raw/Nematoda/220707103914_123300.jpg,Nematoda,stressed,1,test,0.60315603
data/raw/Nematoda/220823214033_106500.jpg,Nematoda,stressed,1,test,0.61917037
